date,zone,volume,dayofweek,month,dayofyear,lag_1,lag_7,lag_14,roll7,roll14
2020-01-15,A,123.8802148781565,2,1,15,113.51143013651382,117.5401293313214,122.43773663803545,122.90796847810465,119.87938421408076
2020-01-16,A,128.9124400964448,3,1,16,123.8802148781565,135.58230046940636,127.32676680944664,121.95513128196727,119.99264659172347
2020-01-17,A,142.60872467645663,4,1,17,128.9124400964448,132.7642969131379,145.52218783010812,123.3614781052985,119.78454208074837
2020-01-18,A,121.17678414588931,5,1,18,142.60872467645663,135.8129586813539,136.23222254351091,121.27059602880357,118.7091536237754
2020-01-19,A,118.53010780828724,6,1,19,121.17678414588931,117.6547708111906,95.7540837484582,121.39564417124596,120.33601248519176
2020-01-20,A,100.2922246586637,0,1,20,118.53010780828724,101.14980745697338,90.13405575151504,121.27313234291601,121.06159597855954
2020-01-21,A,103.08467164247752,1,1,21,100.2922246586637,113.51143013651382,105.44615363603776,119.78359541519653,120.89291869330522
2020-01-22,A,114.76277385497866,2,1,22,103.08467164247752,123.8802148781565,117.5401293313214,118.48110384045684,120.69453615928073
2020-01-23,A,145.63718057897302,3,1,23,114.76277385497866,128.9124400964448,135.58230046940636,120.870352480818,121.41274188139263
2020-01-24,A,138.49255261731628,4,1,24,145.63718057897302,142.60872467645663,132.7642969131379,120.2823279009408,121.82190300311967
2020-01-25,A,125.49129244528656,5,1,25,138.49255261731628,121.17678414588931,135.8129586813539,120.89868622942613,121.08464112911486
2020-01-26,A,108.75550706399326,6,1,26,125.49129244528656,118.53010780828724,117.6547708111906,119.50231469452699,120.44897943288649
2020-01-27,A,105.02017550105056,0,1,27,108.75550706399326,100.2922246586637,101.14980745697338,120.17773624343941,120.72543429317771
2020-01-28,A,107.5571931358223,1,1,28,105.02017550105056,103.08467164247752,113.51143013651382,120.81666788534581,120.30013165027117
2020-01-29,A,123.58214117304816,2,1,29,107.5571931358223,114.76277385497866,123.8802148781565,122.07657750221287,120.27884067133486
2020-01-30,A,139.37348796371393,3,1,30,123.58214117304816,145.63718057897302,128.9124400964448,121.18176427146157,121.02605837613979
2020-01-31,A,156.93203935090048,4,1,31,139.37348796371393,138.49255261731628,142.60872467645663,123.81597666197362,122.04915228145721
2020-02-01,A,125.73666496158457,5,2,32,156.93203935090048,125.49129244528656,121.17678414588931,123.85102987858761,122.37485805400686
2020-02-02,A,107.54470370539688,6,2,33,125.73666496158457,108.75550706399326,118.53010780828724,123.67805797021671,121.59018633237186
2020-02-03,A,94.32159026071083,0,2,34,107.54470370539688,105.02017550105056,100.2922246586637,122.14968865016817,121.16371244680379
2020-02-04,A,109.63154607158374,1,2,35,94.32159026071083,107.5571931358223,103.08467164247752,122.44602478384839,121.63134633459708
2020-02-05,A,129.38212869211745,2,2,36,109.63154607158374,123.58214117304816,114.76277385497866,123.2745944294297,122.67558596582128
2020-02-06,A,135.08541034848196,3,2,37,129.38212869211745,139.37348796371393,145.63718057897302,122.66201191296798,121.92188809221479
2020-02-07,A,133.14767679830663,4,2,38,135.08541034848196,156.93203935090048,138.49255261731628,119.26424583402601,121.5401112479998
2020-02-08,A,122.46220543720165,5,2,39,133.14767679830663,125.73666496158457,125.49129244528656,118.7964659019713,121.32374789027946
2020-02-09,A,116.91745791063688,6,2,40,122.46220543720165,107.54470370539688,108.75550706399326,120.13543078843416,121.90674437932543
2020-02-10,A,106.84787552639148,0,2,41,116.91745791063688,94.32159026071083,105.02017550105056,121.92490011210283,122.03729438113548
2020-02-11,A,109.11901490749136,1,2,42,106.84787552639148,109.63154607158374,107.5571931358223,121.85168137437533,122.14885307911186
2020-02-12,A,115.09634276211084,2,2,43,109.11901490749136,129.38212869211745,123.58214117304816,119.81085481294583,121.54272462118776
2020-02-13,A,137.92435066432475,3,2,44,115.09634276211084,135.08541034848196,139.37348796371393,120.21641771520909,121.43921481408854
2020-02-14,A,140.87248515720282,4,2,45,137.92435066432475,133.14767679830663,156.93203935090048,121.31996176647996,120.29210380025299
2020-02-15,A,130.87763400663377,5,2,46,140.87248515720282,122.46220543720165,125.73666496158457,122.52216584782741,120.65931587489936
2020-02-16,A,118.75421590169483,6,2,47,130.87763400663377,116.91745791063688,107.54470370539688,122.78455984654998,121.45999531749207
2020-02-17,A,102.76067661703146,0,2,48,118.75421590169483,106.84787552639148,94.32159026071083,122.20067428806998,122.06278720008639
2020-02-18,A,110.27515933569502,1,2,49,102.76067661703146,109.11901490749136,109.63154607158374,122.36583777781335,122.10875957609436
2020-02-19,A,121.0311230464016,2,2,50,110.27515933569502,115.09634276211084,129.38212869211745,123.21366353271205,121.51225917282893
2020-02-20,A,138.45008533938093,3,2,51,121.0311230464016,137.92435066432475,135.08541034848196,123.28876848629149,121.75259310075027
2020-02-21,A,145.0593745608553,4,2,52,138.45008533938093,140.87248515720282,133.14767679830663,123.88689554395614,122.60342865521804
2020-02-22,A,117.54094874402628,5,2,53,145.0593745608553,130.87763400663377,122.46220543720165,121.98165479215507,122.25191031999123
2020-02-23,A,109.29548601732098,6,2,54,117.54094874402628,118.75421590169483,116.91745791063688,120.63040766581595,121.70748375618295
2020-02-24,A,97.27900106256172,0,2,55,109.29548601732098,102.76067661703146,106.84787552639148,119.84731115803456,121.02399272305227
2020-02-25,A,99.8028981152432,1,2,56,97.27900106256172,110.27515933569502,109.11901490749136,118.35127384082715,120.35855580932025
2020-02-26,A,118.35942255074704,2,2,57,99.8028981152432,121.0311230464016,115.09634276211084,117.96960234144792,120.59163293707998
2020-02-27,A,148.1667307098063,3,2,58,118.35942255074704,138.45008533938093,137.92435066432475,119.35769453722297,121.32323151175724
2020-02-28,A,133.1524898986711,4,2,59,148.1667307098063,145.0593745608553,140.87248515720282,117.6567110140538,120.77180327900497
2020-02-29,A,137.01449220967362,5,2,60,133.1524898986711,117.54094874402628,130.87763400663377,120.43864579486056,121.21015029350781
2020-03-01,A,98.45996764532316,6,3,61,137.01449220967362,109.29548601732098,118.75421590169483,118.89071459886087,119.7605611323384
2020-03-02,A,98.43297212708794,0,3,62,98.45996764532316,97.27900106256172,102.76067661703146,119.0555676080789,119.45143938305674
2020-03-03,A,106.28601549210003,1,3,63,98.43297212708794,99.8028981152432,110.27515933569502,119.98172723334417,119.16650053708565
2020-03-04,A,125.32040928150482,2,3,64,106.28601549210003,118.35942255074704,121.0311230464016,120.97615390916671,119.47287812530733
2020-03-05,A,141.96708292834404,3,3,65,125.32040928150482,148.1667307098063,138.45008533938093,120.0904899403864,119.72409223880467
2020-03-06,A,146.4959867758865,4,3,66,141.96708292834404,133.1524898986711,145.0593745608553,121.9967037799886,119.82670739702121
2020-03-07,A,126.54853486502437,5,3,67,146.4959867758865,137.01449220967362,117.54094874402628,120.50156701646726,120.47010640566393
2020-03-08,A,108.29418154700302,6,3,68,126.54853486502437,98.45996764532316,109.29548601732098,121.90645471670726,120.39858465778407
2020-03-09,A,108.04592948710142,0,3,69,108.29418154700302,98.43297212708794,97.27900106256172,123.27973433956632,121.1676509738226
2020-03-10,A,103.52362644227712,1,3,70,108.04592948710142,106.28601549210003,99.8028981152432,122.88510733244875,121.43341728289647
2020-03-11,A,110.49521011399727,2,3,71,103.52362644227712,125.32040928150482,118.35942255074704,120.76722173709052,120.87168782312862
2020-03-12,A,127.28104264804344,3,3,72,110.49521011399727,141.96708292834404,148.1667307098063,118.66921598276187,119.37985296157413
2020-03-13,A,132.86366067634432,4,3,73,127.28104264804344,146.4959867758865,133.1524898986711,116.72174082568442,119.35922230283651
2020-03-14,A,133.3856914655122,5,3,74,132.86366067634432,126.54853486502437,137.01449220967362,117.69847748289696,119.10002224968211
2020-03-15,A,113.20247184695415,6,3,75,133.3856914655122,108.29418154700302,98.45996764532316,118.39966181146141,120.15305826408432
2020-03-16,A,106.77607533965649,0,3,76,113.20247184695415,108.04592948710142,98.43297212708794,118.21825407611213,120.74899420783923
2020-03-17,A,101.70610994070786,1,3,77,106.77607533965649,103.52362644227712,106.28601549210003,117.95860886160224,120.4218580970255
2020-03-18,A,122.03908829938456,2,3,78,101.70610994070786,110.49521011399727,125.32040928150482,119.60773431665758,120.18747802687405
2020-03-19,A,141.42213358188005,3,3,79,122.03908829938456,127.28104264804344,141.96708292834404,121.62789016434853,120.14855307355519
2020-03-20,A,137.81457671666536,4,3,80,141.42213358188005,132.86366067634432,146.4959867758865,122.33516388439439,119.52845235503939
2020-03-21,A,133.1326774836113,5,3,81,137.81457671666536,133.3856914655122,126.54853486502437,122.29901902983711,119.99874825636705
2020-03-22,A,106.83772849992664,6,3,82,133.1326774836113,113.20247184695415,108.29418154700302,121.38976998026176,119.89471589586158
2020-03-23,A,98.4178318046638,0,3,83,106.83772849992664,106.77607533965649,108.04592948710142,120.19573518954851,119.20699463283032
2020-03-24,A,102.14029802948366,1,3,84,98.4178318046638,101.70610994070786,103.52362644227712,120.25776205937362,119.10818546048793
2020-03-25,A,111.27412367612848,2,3,85,102.14029802948366,122.03908829938456,110.49521011399727,118.71990997033704,119.16382214349731
2020-03-26,A,140.38326034649617,3,3,86,111.27412367612848,141.42213358188005,127.28104264804344,118.57149950813934,120.09969483624393
2020-03-27,A,136.60420038287558,4,3,87,140.38326034649617,137.81457671666536,132.86366067634432,118.39858860331222,120.3668762438533
2020-03-28,A,129.64849860304372,5,3,88,136.60420038287558,133.1326774836113,133.3856914655122,117.90084876323115,120.09993389653413
2020-03-29,A,116.0491793697773,6,3,89,129.64849860304372,106.83772849992664,113.20247184695415,119.21677031606694,120.30327014816437
2020-03-30,A,104.96458205549396,0,3,90,116.0491793697773,98.4178318046638,106.77607533965649,120.15202035189984,120.17387777072418
2020-03-31,A,110.58735212332256,1,3,91,104.96458205549396,102.14029802948366,101.70610994070786,121.3587423653054,120.80825221233951
2020-04-01,A,120.12302703483532,2,4,92,110.58735212332256,111.27412367612848,122.03908829938456,122.62287141654922,120.67139069344314
2020-04-02,A,133.17116407392825,3,4,93,120.12302703483532,140.38326034649617,141.42213358188005,121.59257194903954,120.08203572858943
2020-04-03,A,139.79174348731627,4,4,94,133.17116407392825,136.60420038287558,137.81457671666536,122.04793524967393,120.22326192649307
2020-04-04,A,116.11994025162794,5,4,95,139.79174348731627,129.64849860304372,133.1326774836113,120.11528405661451,119.00806640992282
2020-04-05,A,100.69637638921502,6,4,96,116.11994025162794,116.0491793697773,106.83772849992664,117.92202648796275,118.56939840201485
2020-04-06,A,90.88080581848928,0,4,97,100.69637638921502,104.96458205549396,98.4178318046638,115.91005845410496,118.0310394030024
2020-04-07,A,97.3563667007984,1,4,98,90.88080581848928,110.58735212332256,102.14029802948366,114.01991767945864,117.68933002238201
2020-04-08,A,124.1791747947684,2,4,99,97.3563667007984,120.12302703483532,111.27412367612848,114.59936735944909,118.61111938799914
2020-04-09,A,129.38378819747115,3,4,100,124.1791747947684,133.17116407392825,140.38326034649617,114.05831366281234,117.82544280592595
2020-04-10,A,137.4742588123224,4,4,101,129.38378819747115,139.79174348731627,136.60420038287558,113.72724442352751,117.88758983660071
2020-04-11,A,140.08251217565063,5,4,102,137.4742588123224,116.11994025162794,129.64849860304372,117.15046898410219,118.63287652035835
2020-04-12,A,109.49323447017854,6,4,103,140.08251217565063,100.69637638921502,116.0491793697773,118.4071629956684,118.16459474181558
2020-04-13,A,107.4325973351313,0,4,104,109.49323447017854,90.88080581848928,104.96458205549396,120.77170464090298,118.34088154750395
2020-04-14,A,97.93546995160156,1,4,105,107.4325973351313,97.3563667007984,110.58735212332256,120.854433676732,117.43717567809531
2020-04-15,A,119.40755058811008,2,4,106,97.93546995160156,124.1791747947684,120.12302703483532,120.17277307578082,117.38607021761494
2020-04-16,A,129.09751427113696,3,4,107,119.40755058811008,129.38378819747115,133.17116407392825,120.13187680059022,117.09509523170128
2020-04-17,A,137.85736470750308,4,4,108,129.09751427113696,137.4742588123224,139.79174348731627,120.18660621418745,116.95692531885747
2020-04-18,A,136.4812209630915,5,4,109,137.85736470750308,140.08251217565063,116.11994025162794,119.67213604096472,118.41130251253345
2020-04-19,A,98.59485292320132,6,4,110,136.4812209630915,109.49323447017854,100.69637638921502,118.11522439139654,118.26119369353248
2020-04-20,A,105.07793200583151,0,4,111,98.59485292320132,107.4325973351313,90.88080581848928,117.778843630068,119.27527413548549
2020-04-21,A,107.37636628040876,1,4,112,105.07793200583151,97.93546995160156,97.3563667007984,119.12754310561188,119.99098839117195
2020-04-22,A,116.36792147554668,2,4,113,107.37636628040876,119.40755058811008,124.1791747947684,118.69331037524567,119.43304172551325
2020-04-23,A,125.19929794538396,3,4,114,116.36792147554668,129.09751427113696,129.38378819747115,118.13642232870954,119.13414956464987
2020-04-24,A,141.2167354464886,4,4,115,125.19929794538396,137.85736470750308,137.4742588123224,118.6163324342789,119.40146932423318
2020-04-25,A,125.59288426099184,5,4,116,141.2167354464886,136.4812209630915,140.08251217565063,117.06085576255036,118.36649590175755
2020-04-26,A,114.3448960696477,6,4,117,125.59288426099184,98.59485292320132,109.49323447017854,119.31086192632843,118.71304315886248
2020-04-27,A,101.84743009172225,0,4,118,114.3448960696477,105.07793200583151,107.4325973351313,118.84936165288426,118.31410264147613
2020-04-28,A,118.35878266238788,1,4,119,101.84743009172225,107.37636628040876,97.93546995160156,120.41827827888127,119.77291069224657
2020-04-29,A,119.27634617140676,2,4,120,118.35878266238788,116.36792147554668,119.40755058811008,120.83376752114701,119.76353894819634
2020-04-30,A,128.64985090958666,3,4,121,119.27634617140676,125.19929794538396,129.09751427113696,121.32670365889024,119.73156299379988
2020-05-01,A,142.1439745344982,4,5,122,128.64985090958666,141.2167354464886,137.85736470750308,121.45916638574876,120.03774941001383
2020-05-02,A,131.65886947534656,5,5,123,142.1439745344982,125.59288426099184,136.4812209630915,122.32573570208514,119.69329573231776
2020-05-03,A,123.42705705080375,6,5,124,131.65886947534656,114.3448960696477,98.59485292320132,123.62318727082173,121.4670245985751
2020-05-04,A,108.42357296492142,0,5,125,123.42705705080375,101.84743009172225,105.07793200583151,124.56263625270732,121.70599895279578
2020-05-05,A,108.4695900750866,1,5,126,108.42357296492142,118.35878266238788,107.37636628040876,123.14989445452143,121.78408636670135
2020-05-06,A,132.96768439101768,2,5,127,108.4695900750866,119.27634617140676,116.36792147554668,125.10579991446583,122.96978371780642
2020-05-07,A,127.39779648604907,3,5,128,132.96768439101768,128.64985090958666,125.19929794538396,124.92693499681762,123.12681932785394
2020-05-08,A,135.6618272629198,4,5,129,127.39779648604907,142.1439745344982,141.2167354464886,124.00091395802069,122.73004017188474
2020-05-09,A,122.55635854239846,5,5,130,135.6618272629198,131.65886947534656,125.59288426099184,122.70055525331384,122.51314547769948
2020-05-10,A,109.5051480937041,6,5,131,122.55635854239846,123.42705705080375,114.3448960696477,120.7117111165853,122.16744919370352
2020-05-11,A,90.79926388722436,0,5,132,109.5051480937041,108.42357296492142,101.84743009172225,118.1939526769143,121.3782944648108
2020-05-12,A,110.7658992464759,1,5,133,90.79926388722436,108.4695900750866,118.35878266238788,118.52199684425561,120.83594564938853
2020-05-13,A,119.55354975454118,2,5,134,110.7658992464759,132.96768439101768,119.27634617140676,116.60569189618755,120.85574590532669
2020-05-14,A,125.21152063468062,3,5,135,119.55354975454118,127.39779648604907,128.64985090958666,116.2933667745635,120.61015088569056
2020-05-15,A,132.72527694532755,4,5,136,125.21152063468062,135.6618272629198,142.1439745344982,115.87385958633602,119.93738677217836
2020-05-16,A,132.54714692331393,5,5,137,132.72527694532755,122.55635854239846,131.65886947534656,117.30111506932394,120.00083516131888
2020-05-17,A,119.3987091321752,6,5,138,132.54714692331393,109.5051480937041,123.42705705080375,118.71448093196268,119.713096024274
2020-05-18,A,117.85667027127924,0,5,139,119.3987091321752,90.79926388722436,108.42357296492142,122.57982470111337,120.38688868901384
2020-05-19,A,129.06566147008928,1,5,140,117.85667027127924,110.7658992464759,108.4695900750866,125.19407644734386,121.85803664579974
2020-05-20,A,124.71667686760928,2,5,141,129.06566147008928,119.55354975454118,132.96768439101768,125.93166603492502,121.26867896555629
2020-05-21,A,129.13173610051695,3,5,142,124.71667686760928,125.21152063468062,127.39779648604907,126.49169681575879,121.39253179516113
2020-05-22,A,123.86360941920744,4,5,143,129.13173610051695,132.72527694532755,135.6618272629198,125.22574431202733,120.54980194918168
2020-05-23,A,132.25079791253324,5,5,144,123.86360941920744,132.54714692331393,122.55635854239846,125.18340873905866,121.24226190419131
2020-05-24,A,106.26023789660776,6,5,145,132.25079791253324,119.3987091321752,109.5051480937041,123.30648427683475,121.0104826043987
2020-05-25,A,98.63003512637756,0,5,146,106.26023789660776,117.85667027127924,90.79926388722436,120.55982211327736,121.56982340719536
2020-05-26,A,100.92805741962216,1,5,147,98.63003512637756,129.06566147008928,110.7658992464759,116.54016439178204,120.86712041956297
2020-05-27,A,120.34514438014044,2,5,148,100.92805741962216,124.71667686760928,119.55354975454118,115.91565975071508,120.92366289282005
2020-05-28,A,145.6459529771432,3,5,149,120.34514438014044,129.13173610051695,125.21152063468062,118.27483359023313,122.38326520299594
2020-05-29,A,142.24643827469075,4,5,150,145.6459529771432,123.86360941920744,132.72527694532755,120.9009519981593,123.06334815509331
2020-05-30,A,128.91009758754353,5,5,151,142.24643827469075,132.25079791253324,132.54714692331393,120.42370909458934,122.803558916824
2020-05-31,A,104.54860670655384,6,5,152,128.91009758754353,106.26023789660776,119.3987091321752,120.17919035315306,121.7428373149939
2020-06-01,A,88.62549972025022,0,6,153,104.54860670655384,98.63003512637756,117.85667027127924,118.7499710094206,119.65489656134898
2020-06-02,A,102.00443860958411,1,6,154,88.62549972025022,100.92805741962216,129.06566147008928,118.90373975084374,117.72195207131288
2020-06-03,A,121.11128113499517,2,6,155,102.00443860958411,120.34514438014044,124.71667686760928,119.01318785868011,117.46442380469759
2020-06-04,A,151.33162050955124,3,6,156,121.11128113499517,145.6459529771432,129.13173610051695,119.82542607759555,119.05012983391433
2020-06-05,A,142.10231597698117,4,6,157,151.33162050955124,142.24643827469075,123.86360941920744,119.80483717792275,120.35289458804102
2020-06-06,A,138.11116244210746,5,6,158,142.10231597698117,128.91009758754353,132.25079791253324,121.11927501428902,120.77149205443921
2020-06-07,A,108.90954201091704,6,6,159,138.11116244210746,104.54860670655384,106.26023789660776,121.74226577205522,120.96072806260415
2020-06-08,A,92.61348321661892,0,6,160,108.90954201091704,88.62549972025022,98.63003512637756,122.31197770010786,120.53097435476424
2020-06-09,A,98.24403785438196,1,6,161,92.61348321661892,102.00443860958411,100.92805741962216,121.77477759222185,120.33925867153278
2020-06-10,A,115.80980309532532,2,6,162,98.24403785438196,121.11128113499517,120.34514438014044,121.01742358655473,120.01530572261743
2020-06-11,A,154.28600913046327,3,6,163,115.80980309532532,151.33162050955124,145.6459529771432,121.43947910382788,120.63245259071172
2020-06-12,A,134.55909644147312,4,6,164,154.28600913046327,142.10231597698117,142.24643827469075,120.36187631304101,120.08335674548188
2020-06-13,A,137.02723005388367,5,6,165,134.55909644147312,138.11116244210746,128.91009758754353,120.20702882900903,120.66315192164905
2020-06-14,A,105.7505594446045,6,6,166,137.02723005388367,108.90954201091704,104.54860670655384,119.75574560525011,120.74900568865266
2020-06-15,A,109.61568752101913,0,6,167,105.7505594446045,92.61348321661892,88.62549972025022,122.18463193445014,122.24830481727899
2020-06-16,A,109.114649751158,1,6,168,109.61568752101913,98.24403785438196,102.00443860958411,123.73757649113243,122.75617704167715
2020-06-17,A,120.42857850041683,2,6,169,109.114649751158,115.80980309532532,121.11128113499517,124.39740154900265,122.70741256777868
2020-06-18,A,137.00222113196864,3,6,170,120.42857850041683,154.28600913046327,151.33162050955124,121.92828897778914,121.6838840408085
2020-06-19,A,135.961958381903,4,6,171,137.00222113196864,134.55909644147312,142.10231597698117,122.12869782642197,121.24528706973149
2020-06-20,A,133.9579641059195,5,6,172,135.961958381903,137.02723005388367,138.11116244210746,121.69023126242708,120.94863004571805
2020-06-21,A,109.40417909664444,6,6,173,133.9579641059195,105.7505594446045,108.90954201091704,122.21217692700421,120.98396126612715
2020-06-22,A,92.42832737795732,0,6,174,109.40417909664444,109.61568752101913,92.61348321661892,119.75683976370968,120.9707358490799
2020-06-23,A,95.88161149782394,1,6,175,92.42832737795732,109.114649751158,98.24403785438196,117.8664057275191,120.80199110932577
2020-06-24,A,123.13245509352816,2,6,176,95.88161149782394,120.42857850041683,115.80980309532532,118.25267381224928,121.32503768062597
2020-06-25,A,150.03112146240542,3,6,177,123.13245509352816,137.00222113196864,154.28600913046327,120.11394528802597,121.02111713290755
2020-06-26,A,142.5502629239957,4,6,178,150.03112146240542,135.961958381903,134.55909644147312,121.05513165118207,121.591914738802
2020-06-27,A,129.51034995525373,5,6,179,142.5502629239957,133.9579641059195,137.02723005388367,120.41975820108698,121.05499473175702
2020-06-28,A,115.40072612626096,6,6,180,129.51034995525373,109.40417909664444,105.7505594446045,121.27640777674647,121.74429235187533
2020-06-29,A,112.75125749181996,0,6,181,115.40072612626096,92.42832737795732,109.61568752101913,124.17968350729826,121.96826163550398
2020-06-30,A,107.93024217336188,1,6,182,112.75125749181996,95.88161149782394,109.114649751158,125.90091646094655,121.88366109423282
2020-07-01,A,118.53440397515152,2,7,183,107.93024217336188,123.13245509352816,120.42857850041683,125.24405201546415,121.74836291385672
2020-07-02,A,146.31877116167155,3,7,184,118.53440397515152,150.03112146240542,137.00222113196864,124.71371625821646,122.41383077312123
2020-07-03,A,144.77045159317123,4,7,185,146.31877116167155,142.5502629239957,135.961958381903,125.03088606809868,123.04300885964038
2020-07-04,A,142.81557457017118,5,7,186,144.77045159317123,129.51034995525373,133.9579641059195,126.93163244165831,123.67569532137266
2020-07-05,A,114.65006257728632,6,7,187,142.81557457017118,115.40072612626096,109.40417909664444,126.8243947918048,124.05040128427564
2020-07-06,A,92.5775613744714,0,7,188,114.65006257728632,112.75125749181996,92.42832737795732,123.94243820361216,124.06106085545521
2020-07-07,A,95.29997863855588,1,7,189,92.5775613744714,107.93024217336188,95.88161149782394,122.13811484149701,124.01951565122178
2020-07-08,A,135.09931534974217,2,7,190,95.29997863855588,118.53440397515152,123.13245509352816,124.50453075215282,124.87429138380851
2020-07-09,A,151.32785731752898,3,7,191,135.09931534974217,146.31877116167155,150.03112146240542,125.22011448870389,124.96691537346018
2020-07-10,A,139.97431644928758,4,7,192,151.32785731752898,144.77045159317123,142.5502629239957,124.53495232529193,124.7829191966953
2020-07-11,A,127.5340981351853,5,7,193,139.97431644928758,142.81557457017118,129.51034995525373,122.35188426315109,124.64175835240471
2020-07-12,A,124.94581148751864,6,7,194,127.5340981351853,114.65006257728632,115.40072612626096,123.82270553604143,125.32355016392312
2020-07-13,A,93.58701824195768,0,7,195,124.94581148751864,92.5775613744714,112.75125749181996,123.96691365996803,123.9546759317901
2020-07-14,A,99.1575061509444,1,7,196,93.58701824195768,95.29997863855588,107.93024217336188,124.51798901888068,123.32805193018885
2020-07-15,A,127.10857631947415,2,7,197,99.1575061509444,135.09931534974217,118.53440397515152,123.37645487169952,123.94049281192618
2020-07-16,A,134.45176063845568,3,7,198,127.10857631947415,151.32785731752898,146.31877116167155,120.96558391754618,123.09284920312504
2020-07-17,A,141.43956529185786,4,7,199,134.45176063845568,139.97431644928758,144.77045159317123,121.17490518077054,122.85492875303123
2020-07-18,A,129.36212358614705,5,7,200,141.43956529185786,127.5340981351853,142.81557457017118,121.43605167376506,121.89396796845809
2020-07-19,A,116.02492361004244,6,7,201,129.36212358614705,124.94581148751864,114.65006257728632,120.1616391198399,121.99217232794066
2020-07-20,A,113.77330865888533,0,7,202,116.02492361004244,93.58701824195768,92.5775613744714,123.04539489368669,123.50615427682737
2020-07-21,A,107.11007162787548,1,7,203,113.77330865888533,99.1575061509444,95.29997863855588,124.18147567610542,124.34973234749305
2020-07-22,A,127.1835423782469,2,7,204,107.11007162787548,127.10857631947415,135.09931534974217,124.19218511307297,123.78431999238626
2020-07-23,A,121.27729488315438,3,7,205,127.1835423782469,134.45176063845568,151.32785731752898,122.31011857660135,121.63785124707377
2020-07-24,A,141.16086308024765,4,7,206,121.27729488315438,141.43956529185786,139.97431644928758,122.27030397494275,121.72260457785663
2020-07-25,A,123.99389468207065,5,7,207,141.16086308024765,129.36212358614705,127.5340981351853,121.50341413150326,121.46973290263416
2020-07-26,A,103.6438928063324,6,7,208,123.99389468207065,116.02492361004244,124.94581148751864,119.73469544525896,119.94816728254942
2020-07-27,A,95.55830490301553,0,7,209,103.6438928063324,113.77330865888533,93.58701824195768,117.13255205156328,120.08897347262499
2020-07-28,A,103.78247491712516,1,7,210,95.55830490301553,107.11007162787548,99.1575061509444,116.65718109288466,120.41932838449506
2020-07-29,A,129.42932244095036,2,7,211,103.78247491712516,127.1835423782469,127.10857631947415,116.978006816128,120.58509596460048
2020-07-30,A,127.1376000195562,3,7,212,129.42932244095036,121.27729488315438,134.45176063845568,117.81519326418541,120.06265592039338
2020-07-31,A,141.86573230651396,4,7,213,127.1376000195562,141.16086308024765,141.43956529185786,117.91588886793774,120.09309642144025
2020-08-01,A,126.93645144781496,5,8,214,141.86573230651396,123.99389468207065,129.36212358614705,118.33625412018694,119.9198341258451
2020-08-02,A,110.84308260489568,6,8,215,126.93645144781496,103.6438928063324,116.02492361004244,119.36470980569597,119.54970262547748
2020-08-03,A,110.67565651095252,0,8,216,110.84308260489568,95.55830490301553,113.77330865888533,121.52433146397269,119.32844175776799
2020-08-04,A,110.83045600883288,1,8,217,110.67565651095252,103.78247491712516,107.11007162787548,122.53118590564523,119.59418349926496
2020-08-05,A,132.8713570317138,2,8,218,110.83045600883288,129.42932244095036,127.1835423782469,123.02290513289715,120.00045597451258
2020-08-06,A,136.58276639754328,3,8,219,132.8713570317138,127.1376000195562,121.27729488315438,124.37221461546673,121.09370393982609
2020-08-07,A,136.12320954246303,4,8,220,136.58276639754328,141.86573230651396,141.16086308024765,123.55185422060232,120.73387154427003
2020-08-08,A,129.0890064495095,5,8,221,136.12320954246303,126.93645144781496,123.99389468207065,123.85936207798726,121.09780809908709
2020-08-09,A,115.47451176003058,6,8,222,129.0890064495095,110.84308260489568,103.6438928063324,124.52099481443508,121.94285231006553
2020-08-10,A,104.13625084621542,0,8,223,115.47451176003058,110.67565651095252,95.55830490301553,123.58679400518693,122.55556273457981
2020-08-11,A,97.9204980050047,1,8,224,104.13625084621542,110.83045600883288,103.78247491712516,121.74251429035432,122.13685009799977
2020-08-12,A,122.96616049526509,2,8,225,97.9204980050047,132.8713570317138,129.42932244095036,120.32748621371879,121.67519567330797
2020-08-13,A,139.71470854272388,3,8,226,122.96616049526509,136.58276639754328,127.1376000195562,120.77490652017318,122.57356056781995
2020-08-14,A,161.9006128061702,4,8,227,139.71470854272388,136.12320954246303,141.86573230651396,124.45739270070275,124.00462346065254
2020-08-15,A,145.9647039448773,5,8,228,161.9006128061702,129.0890064495095,126.93645144781496,126.86820662861246,125.36378435329983
2020-08-16,A,106.7786606954607,6,8,229,145.9647039448773,115.47451176003058,110.84308260489568,125.62594219081676,125.07346850262591
2020-08-17,A,100.49466715626248,0,8,230,106.7786606954607,104.13625084621542,110.67565651095252,125.1057159493949,124.34625497729091
2020-08-18,A,94.95813663824578,1,8,231,100.49466715626248,97.9204980050047,110.83045600883288,124.68252146842936,123.21251787939184
2020-08-19,A,117.5866562006044,2,8,232,94.95813663824578,122.96616049526509,132.8713570317138,123.9140208549064,122.1207535343126
2020-08-20,A,140.48379200040554,3,8,233,117.5866562006044,139.71470854272388,136.58276639754328,124.02388992028948,122.39939822023132
2020-08-21,A,151.47771954307473,4,8,234,140.48379200040554,161.9006128061702,136.12320954246303,122.5349051684187,123.49614893456074
2020-08-22,A,125.18734642274453,5,8,235,151.47771954307473,145.9647039448773,129.0890064495095,119.56671123668545,123.21745893264895
2020-08-23,A,108.44150604945884,6,8,236,125.18734642274453,106.7786606954607,115.47451176003058,119.80426057297089,122.71510138189383
2020-08-24,A,85.68549188081668,0,8,237,108.44150604945884,100.49466715626248,104.13625084621542,117.68866410505007,121.39719002722248
2020-08-25,A,105.43441535865232,1,8,238,85.68549188081668,94.95813663824578,97.9204980050047,119.18527535082242,121.93389840962588
2020-08-26,A,113.88306708750542,2,8,239,105.43441535865232,117.5866562006044,122.96616049526509,118.65619119180829,121.28510602335734
2020-08-27,A,133.79350662282403,3,8,240,113.88306708750542,140.48379200040554,139.71470854272388,117.70043613786808,120.86216302907879
2020-08-28,A,134.88607442069832,4,8,241,133.79350662282403,151.47771954307473,161.9006128061702,115.33020112038574,118.9325531444022
2020-08-29,A,130.33598676074288,5,8,242,134.88607442069832,125.18734642274453,145.9647039448773,116.06572116867122,117.81621620267833
2020-08-30,A,99.68292050921812,6,8,243,130.33598676074288,108.44150604945884,106.7786606954607,114.81449466292254,117.30937761794671
2020-08-31,A,91.19751222566804,0,8,244,99.68292050921812,85.68549188081668,100.49466715626248,115.60192614075845,116.64529512290426
2020-09-01,A,123.83978968930812,1,9,245,91.19751222566804,105.43441535865232,94.95813663824578,118.23126533085214,118.70827034083729
2020-09-02,A,112.15307180225987,2,9,246,123.83978968930812,113.88306708750542,117.5866562006044,117.98412314724563,118.32015716952695
2020-09-03,A,129.32480748418567,3,9,247,112.15307180225987,133.79350662282403,140.48379200040554,117.34573755601158,117.52308684693983
2020-09-04,A,156.66633894267946,4,9,248,129.32480748418567,134.88607442069832,151.47771954307473,120.45720391629459,117.89370251834018
2020-09-05,A,154.40069461875706,5,9,249,156.66633894267946,130.33598676074288,125.18734642274453,123.89501932458234,119.98037024662676
2020-09-06,A,104.44228467953889,6,9,250,154.40069461875706,99.68292050921812,108.44150604945884,124.57492849177102,119.69471157734678
2020-09-07,A,100.05795260456188,0,9,251,104.44228467953889,91.19751222566804,85.68549188081668,125.84070568875586,120.72131591475716
2020-09-08,A,109.60832727067596,1,9,252,100.05795260456188,123.83978968930812,105.43441535865232,123.80763962895125,121.0194524799017
2020-09-09,A,136.3521036777671,2,9,253,109.60832727067596,112.15307180225987,113.88306708750542,127.26464418259515,122.62438366492039
2020-09-10,A,130.2743055544674,3,9,254,136.3521036777671,129.32480748418567,133.79350662282403,127.40028676406395,122.37301216003777
2020-09-11,A,140.07887801864211,4,9,255,130.2743055544674,156.66633894267946,134.88607442069832,125.03064948920148,122.74392670274804
2020-09-12,A,137.4489279433977,5,9,256,140.07887801864211,154.40069461875706,130.33598676074288,122.60896853557871,123.25199393008053
2020-09-13,A,117.36301637594453,6,9,257,137.4489279433977,104.44228467953889,99.68292050921812,124.45478734935095,124.51485792056098
2020-09-14,A,100.06476575909537,0,9,258,117.36301637594453,100.05795260456188,91.19751222566804,124.45576065714145,125.14823317294865
2020-09-15,A,105.87536921709338,1,9,259,100.06476575909537,109.60832727067596,123.83978968930812,123.92248093520108,123.86506028207616
2020-09-16,A,111.59342612563212,2,9,260,105.87536921709338,136.3521036777671,112.15307180225987,120.3855269991818,123.82508559088846
2020-09-17,A,136.33384230016577,3,9,261,111.59342612563212,130.2743055544674,129.32480748418567,121.25117510571015,124.32573093488705
2020-09-18,A,139.98007093617753,4,9,262,136.33384230016577,140.07887801864211,156.66633894267946,121.23705980821521,123.13385464870832
2020-09-19,A,133.15765652198374,5,9,263,139.98007093617753,137.4489279433977,154.40069461875706,120.62402103372749,121.61649478465311
2020-09-20,A,109.5123400997294,6,9,264,133.15765652198374,117.36301637594453,104.44228467953889,119.50249585141104,121.978641600381
2020-09-21,A,106.91639257936733,0,9,265,109.5123400997294,100.06476575909537,100.05795260456188,120.48129968287847,122.46853017000994
2020-09-22,A,115.11774954585049,1,9,266,106.91639257936733,105.87536921709338,109.60832727067596,121.80163972984376,122.86206033252242
2020-09-23,A,123.9060972840105,2,9,267,115.11774954585049,111.59342612563212,136.3521036777671,123.56059275246925,121.97305987582551
2020-09-24,A,141.12335358922687,3,9,268,123.9060972840105,136.33384230016577,130.2743055544674,124.24480865090653,122.74799187830834
2020-09-25,A,142.60648370694216,4,9,269,141.12335358922687,139.98007093617753,140.07887801864211,124.62001047530148,122.92853514175833
2020-09-26,A,131.3710426197755,5,9,270,142.60648370694216,133.15765652198374,137.4489279433977,124.36477991784317,122.49440047578534
2020-09-27,A,108.2525636520092,6,9,271,131.3710426197755,109.5123400997294,117.36301637594453,124.18481185388315,121.8436538526471
2020-09-28,A,105.74610856246284,0,9,272,108.2525636520092,106.91639257936733,100.06476575909537,124.01762842289679,122.24946405288763
2020-09-29,A,106.30780028605444,1,9,273,105.74610856246284,115.11774954585049,105.87536921709338,122.75906424292593,122.28035198638484
2020-09-30,A,139.47807920417773,2,9,274,106.30780028605444,123.9060972840105,111.59342612563212,124.98363308866409,124.27211292056668
2020-10-01,A,150.96621161190532,3,10,275,139.47807920417773,141.12335358922687,136.33384230016577,126.38975566333247,125.31728215711951
2020-10-02,A,145.33808341684124,4,10,276,150.96621161190532,142.60648370694216,139.98007093617753,126.77998419331804,125.69999733430977
2020-10-03,A,125.33597986755598,5,10,277,145.33808341684124,131.3710426197755,133.15765652198374,125.9178323715724,125.14130614470778
2020-10-04,A,105.19580621455457,6,10,278,125.33597986755598,108.2525636520092,109.5123400997294,125.4811527376503,124.83298229576674
2020-10-05,A,112.81336816385736,0,10,279,105.19580621455457,105.74610856246284,106.91639257936733,126.49076125213524,125.25419483751602
2020-10-06,A,109.25815694460928,1,10,280,112.81336816385736,106.30780028605444,115.11774954585049,126.91224077478593,124.83565250885593
2020-10-07,A,126.6439500299355,2,10,281,109.25815694460928,139.47807920417773,123.9060972840105,125.07879374989417,125.03121341927915
2020-10-08,A,124.49275456637965,3,10,282,126.6439500299355,150.96621161190532,141.12335358922687,121.29687131481909,123.84331348907577
2020-10-09,A,149.74088891892484,4,10,283,124.49275456637965,145.33808341684124,142.60648370694216,121.92584352940244,124.35291386136025
2020-10-10,A,135.14587032089892,5,10,284,149.74088891892484,125.33597986755598,131.3710426197755,123.32725645130859,124.62254441144049
2020-10-11,A,105.28172258517604,6,10,285,135.14587032089892,105.19580621455457,108.2525636520092,123.33953021854022,124.41034147809526
2020-10-12,A,99.58209614961672,0,10,286,105.28172258517604,112.81336816385736,105.74610856246284,121.44934850222013,123.97005487717767
2020-10-13,A,109.33597084835448,1,10,287,99.58209614961672,109.25815694460928,106.30780028605444,121.46046477418372,124.18635277448483
2020-10-14,A,123.2926072597222,2,10,288,109.33597084835448,126.6439500299355,139.47807920417773,120.98170152129612,123.03024763559515
2020-10-15,A,136.1821430458149,3,10,289,123.2926072597222,124.49275456637965,150.96621161190532,122.65161416121545,121.97424273801725
2020-10-16,A,141.56354499200162,4,10,290,136.1821430458149,149.74088891892484,145.33808341684124,121.48342217165498,121.70463285052871
2020-10-17,A,129.56475865959942,5,10,291,141.56354499200162,135.14587032089892,125.33597986755598,120.68612050575506,122.00668847853181
2020-10-18,A,115.45573822738156,6,10,292,129.56475865959942,105.28172258517604,105.19580621455457,122.13955131178442,122.73954076516232
2020-10-19,A,115.19630046323188,0,10,293,115.45573822738156,99.58209614961672,112.81336816385736,124.37015192801516,122.90975021511763
2020-10-20,A,86.76303575612174,1,10,294,115.19630046323188,109.33597084835448,109.25815694460928,121.14544691483903,121.30295584451139
2020-10-21,A,121.04814082686556,2,10,295,86.76303575612174,123.2926072597222,126.6439500299355,120.8248088530024,120.90325518714926
2020-10-22,A,140.00168197329344,3,10,296,121.04814082686556,136.1821430458149,124.49275456637965,121.37045727121361,122.01103571621452
2020-10-23,A,144.82947312409627,4,10,297,140.00168197329344,141.56354499200162,149.74088891892484,121.8370184329414,121.66022030229819
2020-10-24,A,128.67533110475364,5,10,298,144.82947312409627,129.56475865959942,135.14587032089892,121.70995735367774,121.19803892971639
2020-10-25,A,100.2515339408036,6,10,299,128.67533110475364,115.45573822738156,105.28172258517604,119.53792816988087,120.83873974083265
2020-10-26,A,106.11839861906942,0,10,300,100.2515339408036,115.19630046323188,99.58209614961672,118.24108504928623,121.3056184886507
2020-10-27,A,121.1851750669554,1,10,301,106.11839861906942,86.76303575612174,109.33597084835448,123.15853352226249,122.15199021855076
2020-10-28,A,110.74212177368356,2,10,302,121.1851750669554,121.04814082686556,123.2926072597222,121.68624508609362,121.255526969548
2020-10-29,A,145.5702767819692,3,10,303,110.74212177368356,140.00168197329344,136.1821430458149,122.48175863019016,121.92610795070188
2020-10-30,A,139.90338949168648,4,10,304,145.5702767819692,144.82947312409627,141.56354499200162,121.77803239698876,121.80752541496508
2020-10-31,A,131.2301230587636,5,10,305,139.90338949168648,128.67533110475364,129.56475865959942,122.14300267613304,121.92648001490538
2020-11-01,A,105.9521901850701,6,11,306,131.2301230587636,100.2515339408036,115.45573822738156,122.95738213959967,121.24765515474029
2020-11-02,A,100.8888554405797,0,11,307,105.9521901850701,106.11839861906942,115.19630046323188,122.21030454267259,120.22569479597941
2020-11-03,A,117.8368001813041,1,11,308,100.8888554405797,121.1851750669554,86.76303575612174,121.73196527329381,122.44524939777816
2020-11-04,A,127.7443250189851,2,11,309,117.8368001813041,110.74212177368356,121.04814082686556,124.16085145119405,122.92354826864383
2020-11-05,A,152.58821558573302,3,11,310,127.7443250189851,145.5702767819692,140.00168197329344,125.16341413744601,123.82258638381809
2020-11-06,A,152.02095645856113,4,11,311,152.58821558573302,139.90338949168648,144.82947312409627,126.89449513271383,124.3362637648513
2020-11-07,A,135.30348132690148,5,11,312,152.02095645856113,131.2301230587636,128.67533110475364,127.47640345673351,124.80970306643327
2020-11-08,A,128.3969245501145,6,11,313,135.30348132690148,105.9521901850701,100.2515339408036,130.6827940803113,126.82008810995549
2020-11-09,A,107.14652015940324,0,11,314,128.3969245501145,100.8888554405797,106.11839861906942,131.57674618300035,126.89352536283648
2020-11-10,A,114.1304189081587,1,11,315,107.14652015940324,117.8368001813041,121.1851750669554,131.0472631439796,126.3896142086367
2020-11-11,A,120.7805855248754,2,11,316,114.1304189081587,127.7443250189851,110.74212177368356,130.05244321624963,127.10664733372184
2020-11-12,A,139.33215933939763,3,11,317,120.7805855248754,152.58821558573302,145.5702767819692,128.1587208953446,126.6610675163953
2020-11-13,A,137.09234083040752,4,11,318,139.33215933939763,152.02095645856113,139.90338949168648,126.02606151989406,126.46027832630395
2020-11-14,A,139.77752944229314,5,11,319,137.09234083040752,135.30348132690148,131.2301230587636,126.66521125066431,127.07080735369891
2020-11-15,A,105.08908942592367,6,11,320,139.77752944229314,128.3969245501145,105.9521901850701,123.33552051863704,127.00915729947417
2020-11-16,A,109.96344769890808,0,11,321,105.08908942592367,107.14652015940324,100.8888554405797,123.73793873856631,127.65734246078334
2020-11-17,A,106.05137510381148,1,11,322,109.96344769890808,114.1304189081587,117.8368001813041,122.58378962365956,126.81552638381959
2020-11-18,A,132.59319997096128,2,11,323,106.05137510381148,120.7805855248754,127.7443250189851,124.2713059731004,127.16187459467503
2020-11-19,A,144.87681479244384,3,11,324,132.59319997096128,139.33215933939763,152.58821558573302,125.06339960924986,126.61106025229722
2020-11-20,A,157.3069707480543,4,11,325,144.87681479244384,137.09234083040752,152.02095645856113,127.9512038831994,126.98863270154673
2020-11-21,A,137.7771255647139,5,11,326,157.3069707480543,139.77752944229314,135.30348132690148,127.66543190068809,127.1653215756762
2020-11-22,A,102.00926643568717,6,11,327,137.7771255647139,105.08908942592367,128.3969245501145,127.22545718779715,125.2804888532171
2020-11-23,A,103.23908964645108,0,11,328,102.00926643568717,109.96344769890808,107.14652015940324,126.26483460887472,125.0013866737205
2020-11-24,A,98.27059609316402,1,11,329,103.23908964645108,106.05137510381148,114.1304189081587,125.15329475021079,123.86854218693519
2020-11-25,A,119.1470545543633,2,11,330,98.27059609316402,132.59319997096128,120.7805855248754,123.23241683355396,123.75186140332717
2020-11-26,A,151.02976041887732,3,11,331,119.1470545543633,144.87681479244384,139.33215933939763,124.11140906590158,124.58740433757573
2020-11-27,A,147.91214204413137,4,11,332,151.02976041887732,157.3069707480543,137.09234083040752,122.76929067962689,125.36024728141315
2020-11-28,A,126.40955467704424,5,11,333,147.91214204413137,137.7771255647139,139.77752944229314,121.14535198138834,124.40539194103823
2020-11-29,A,106.54591961945933,6,11,334,126.40955467704424,102.00926643568717,105.08908942592367,121.79344529335582,124.50945124057648
2020-11-30,A,104.10704184271697,0,11,335,106.54591961945933,103.23908964645108,109.96344769890808,121.91743846425094,124.09113653656281
2020-12-01,A,97.98424250894332,1,12,336,104.10704184271697,98.27059609316402,106.05137510381148,121.87653080936227,123.51491277978653
2020-12-02,A,117.99424114419048,2,12,337,97.98424250894332,119.1470545543633,132.59319997096128,121.71184317933759,122.47213000644577
2020-12-03,A,141.5060787951433,3,12,338,117.99424114419048,151.02976041887732,144.87681479244384,120.35131723308986,122.23136314949572
2020-12-04,A,152.12443791587353,4,12,339,141.5060787951433,147.91214204413137,157.3069707480543,120.95307378619589,121.86118223291137
2020-12-05,A,136.9411599535412,5,12,340,152.12443791587353,126.40955467704424,137.7771255647139,122.45758882569544,121.8014704035419
2020-12-06,A,96.39541255226716,6,12,341,136.9411599535412,106.54591961945933,102.00926643568717,121.00751638752513,121.40048084044047
2020-12-07,A,106.34978900201912,0,12,342,96.39541255226716,104.10704184271697,103.23908964645108,121.32790883885401,121.62267365155249
2020-12-08,A,108.36306235992348,1,12,343,106.34978900201912,97.98424250894332,98.27059609316402,122.81059738899403,122.34356409917814
2020-12-09,A,126.74455571641543,2,12,344,108.36306235992348,117.99424114419048,119.1470545543633,124.06064232788333,122.88624275361045
2020-12-10,A,152.00975054601355,3,12,345,126.74455571641543,141.5060787951433,151.02976041887732,125.56116686372192,122.95624204840588
2020-12-11,A,126.44610548265194,4,12,346,152.00975054601355,152.12443791587353,147.91214204413137,121.89283365897599,121.42295372258593
2020-12-12,A,127.41231084428624,5,12,347,126.44610548265194,136.9411599535412,126.40955467704424,120.53156950051098,121.49457916310321
2020-12-13,A,119.52304927346924,6,12,348,127.41231084428624,96.39541255226716,106.54591961945933,123.83551760353986,122.42151699553249
2020-12-14,A,91.33217004421564,0,12,349,119.52304927346924,106.34978900201912,104.10704184271697,121.69014346671078,121.50902615278241
2020-12-15,A,119.66445622856072,1,12,350,91.33217004421564,108.36306235992348,97.98424250894332,123.30462830508755,123.05761284704079
2020-12-16,A,126.45035640510768,2,12,351,119.66445622856072,126.74455571641543,117.99424114419048,123.26259983204356,123.66162107996344
2020-12-17,A,145.9228150496209,3,12,352,126.45035640510768,152.00975054601355,141.5060787951433,122.3930376182732,123.97710224099758
2020-12-18,A,138.45453247498594,4,12,353,145.9228150496209,126.44610548265194,152.12443791587353,124.10852718860663,123.00068042379131
2020-12-19,A,138.72131783561423,5,12,354,138.45453247498594,127.41231084428624,136.9411599535412,125.72409961593918,123.12783455822509
2020-12-20,A,123.41364120910414,6,12,355,138.72131783561423,119.52304927346924,96.39541255226716,126.27989846388705,125.05770803371344
2020-12-21,A,105.91801947101445,0,12,356,123.41364120910414,91.33217004421564,106.34978900201912,128.363591239144,125.0268673529274
2020-12-22,A,109.80214105579272,1,12,357,105.91801947101445,119.66445622856072,108.36306235992348,126.95468907160571,125.12965868834665
2020-12-23,A,125.73631948782698,2,12,358,109.80214105579272,126.45035640510768,126.74455571641543,126.85268379770848,125.05764181487602
2020-12-24,A,132.31345111502915,3,12,359,125.73631948782698,145.9228150496209,152.00975054601355,124.90848894990965,123.65076328409143
2020-12-25,A,141.9119223953074,4,12,360,132.31345111502915,138.45453247498594,126.44610548265194,125.40240179566987,124.75546449213824
2020-12-26,A,131.06109812633613,5,12,361,141.9119223953074,138.72131783561423,127.41231084428624,124.30808469434443,125.0160921551418
2020-12-27,A,118.00308974609128,6,12,362,131.06109812633613,123.41364120910414,119.52304927346924,123.53514877105688,124.90752361747195
2020-12-28,A,112.12365935526964,0,12,363,118.00308974609128,105.91801947101445,91.33217004421564,124.4216687545219,126.39262999683295
2020-12-29,A,99.52871532844568,1,12,364,112.12365935526964,109.80214105579272,119.66445622856072,122.95403650775803,124.95436278968188
2020-12-30,A,122.6435714010862,2,12,365,99.52871532844568,125.73631948782698,126.45035640510768,122.51221535250934,124.68244957510892
2020-12-31,A,151.14192768428651,3,12,366,122.6435714010862,132.31345111502915,145.9228150496209,125.20199771954613,125.0552433347279
2021-01-01,A,137.21351607679964,4,1,1,151.14192768428651,141.9119223953074,138.45453247498594,124.53079681690214,124.966599306286
2021-01-02,A,125.77334831770186,5,1,2,137.21351607679964,131.06109812633613,138.72131783561423,123.77540398709725,124.04174434072084
2021-01-03,A,116.62445843598228,6,1,3,125.77334831770186,118.00308974609128,123.41364120910414,123.57845665708169,123.55680271406928
2021-01-04,A,110.95021697393976,0,1,4,116.62445843598228,112.12365935526964,105.91801947101445,123.41082203117742,123.91624539284966
2021-01-05,A,108.15848249882804,1,1,5,110.95021697393976,99.52871532844568,109.80214105579272,124.64364591266062,123.79884121020935
2021-01-06,A,134.34539843720952,2,1,6,108.15848249882804,122.6435714010862,125.73631948782698,126.31533548924965,124.4137754208795
2021-01-07,A,146.21470523361603,3,1,7,134.34539843720952,151.14192768428651,132.31345111502915,125.61144656772531,125.40672214363569
2021-01-08,A,149.9668525124908,4,1,8,146.21470523361603,137.21351607679964,141.9119223953074,127.43335177282403,125.9820742948631
2021-01-09,A,136.85435053668763,5,1,9,149.9668525124908,125.77334831770186,131.06109812633613,129.016352089822,126.39587803845963
2021-01-10,A,133.6973037741719,6,1,10,136.85435053668763,116.62445843598228,118.00308974609128,131.45532999527765,127.51689332617968
2021-01-11,A,102.623912009199,0,1,11,133.6973037741719,110.95021697393976,112.12365935526964,130.26585785745755,126.8383399443175
2021-01-12,A,92.10896578788046,1,1,12,102.623912009199,108.15848249882804,99.52871532844568,127.97306975589363,126.30835783427712
2021-01-13,A,136.6178186759215,2,1,13,92.10896578788046,134.34539843720952,122.6435714010862,128.29770121856674,127.3065183539082
2021-01-14,A,135.7688279954997,3,1,14,136.6178186759215,146.21470523361603,151.14192768428651,126.80543304169301,126.20843980470916
2021-01-15,A,144.16540560218448,4,1,15,135.7688279954997,149.9668525124908,137.21351607679964,125.97665491164923,126.70500334223665
2021-01-16,A,142.96789407504954,5,1,16,144.16540560218448,136.85435053668763,125.77334831770186,126.85001827427239,127.93318518204718
2021-01-17,A,102.32807271300123,6,1,17,142.96789407504954,133.6973037741719,116.62445843598228,122.368699551248,126.91201477326284
2021-01-18,A,94.3220978773484,0,1,18,102.32807271300123,102.623912009199,110.95021697393976,121.18272610384076,125.72429198064916
2021-01-19,A,95.39699069753225,1,1,19,94.3220978773484,92.10896578788046,108.15848249882804,121.65244394807674,124.81275685198516
2021-01-20,A,117.5007635336506,2,1,20,95.39699069753225,136.6178186759215,134.34539843720952,118.92143607060946,123.60956864458811
2021-01-21,A,143.01758636136006,3,1,21,117.5007635336506,135.7688279954997,146.21470523361603,119.95697298001808,123.38120301085554
2021-01-22,A,147.56593486001253,4,1,22,143.01758636136006,144.16540560218448,149.9668525124908,120.44276287399352,123.20970889282138
2021-01-23,A,134.77175210086423,5,1,23,147.56593486001253,142.96789407504954,136.85435053668763,119.27188544910989,123.06095186169114
2021-01-24,A,103.91409204040416,6,1,24,134.77175210086423,102.32807271300123,133.6973037741719,119.49845963873888,120.93357959499345
2021-01-25,A,85.92451816720653,0,1,25,103.91409204040416,94.3220978773484,102.623912009199,118.2988053944329,119.74076574913683
2021-01-26,A,108.71211294767664,1,1,26,85.92451816720653,95.39699069753225,92.10896578788046,120.20096571588212,120.92670483197942
2021-01-27,A,120.14971565481696,2,1,27,108.71211294767664,117.5007635336506,136.6178186759215,120.5793874474773,119.75041175904337
2021-01-28,A,143.2456497570275,3,1,28,120.14971565481696,143.01758636136006,135.7688279954997,120.61196793257264,120.28447045629537
2021-01-29,A,149.05813119735072,4,1,29,143.2456497570275,147.56593486001253,144.16540560218448,120.82513883790668,120.63395085595012
2021-01-30,A,133.73756019277468,5,1,30,149.05813119735072,134.77175210086423,142.96789407504954,120.67739713675103,119.97464129293046
2021-01-31,A,121.36735386461936,6,1,31,133.73756019277468,103.91409204040416,102.32807271300123,123.17072025449605,121.33458994661747
2021-02-01,A,106.30910672325814,0,2,32,121.36735386461936,85.92451816720653,94.3220978773484,126.082804333932,122.19080486418245
2021-02-02,A,112.58787197943514,1,2,33,106.30910672325814,108.71211294767664,95.39699069753225,126.63648419561177,123.41872495574695
2021-02-03,A,118.35660789103424,2,2,34,112.58787197943514,120.14971565481696,117.5007635336506,126.38032594364283,123.47985669556006
2021-02-04,A,138.20374234271276,3,2,35,118.35660789103424,143.2456497570275,143.01758636136006,125.66005345588357,123.13601069422812
2021-02-05,A,145.08678103090637,4,2,36,138.20374234271276,149.05813119735072,147.56593486001253,125.0927177178201,122.95892827786338
2021-02-06,A,139.26592660971505,5,2,37,145.08678103090637,133.73756019277468,134.77175210086423,125.88248434881157,123.27994074278129
2021-02-07,A,112.20642987388744,6,2,38,139.26592660971505,121.36735386461936,103.91409204040416,124.57378092156418,123.8722505880301
2021-02-08,A,108.7148238462644,0,2,39,112.20642987388744,106.30910672325814,85.92451816720653,124.91745479627934,125.50012956510567
2021-02-09,A,106.29071406937015,1,2,40,108.7148238462644,112.58787197943514,108.71211294767664,124.0178608091272,125.3271725023695
2021-02-10,A,123.12372672543904,2,2,41,106.29071406937015,118.35660789103424,120.14971565481696,124.69887778547073,125.53960186455677
2021-02-11,A,146.34685605962753,3,2,42,123.12372672543904,138.20374234271276,143.2456497570275,125.86217974502999,125.76111660045679
2021-02-12,A,127.63815935928736,4,2,43,146.34685605962753,145.08678103090637,149.05813119735072,123.36951950622729,124.23111861202368
2021-02-13,A,122.39999025184704,5,2,44,127.63815935928736,139.26592660971505,133.73756019277468,120.96010002653186,123.42129218767172
2021-02-14,A,103.56894614221088,6,2,45,122.39999025184704,112.20642987388744,121.36735386461936,119.72617377914948,122.14997735035682
2021-02-15,A,85.94662691169124,0,2,46,103.56894614221088,108.7148238462644,106.30910672325814,116.47357421706761,120.69551450667348
2021-02-16,A,103.06137895352158,1,2,47,85.94662691169124,106.29071406937015,112.58787197943514,116.01224062908923,120.01505071910822
2021-02-17,A,130.12960533195562,2,2,48,103.06137895352158,123.12372672543904,118.35660789103424,117.01308043002018,120.85597910774547
2021-02-18,A,137.50170126244345,3,2,49,130.12960533195562,146.34685605962753,138.20374234271276,115.74948688756533,120.80583331629767
2021-02-19,A,145.23503305332562,4,2,50,137.50170126244345,127.63815935928736,145.08678103090637,118.26332598671362,120.81642274647047
2021-02-20,A,141.5555789202009,5,2,51,145.23503305332562,122.39999025184704,139.26592660971505,120.99983865362131,120.97996934007658
2021-02-21,A,126.1179884499644,6,2,52,141.5555789202009,103.56894614221088,112.20642987388744,124.22113041187183,121.97365209551067
2021-02-22,A,104.13252246273848,0,2,53,126.1179884499644,85.94662691169124,108.7148238462644,126.81911549059285,121.64634485383024
2021-02-23,A,119.38625166138868,1,2,54,104.13252246273848,103.06137895352158,106.29071406937015,129.1512401631453,122.58174039611727
2021-02-24,A,124.94121747167736,2,2,55,119.38625166138868,130.12960533195562,123.12372672543904,128.41004189739127,122.71156116370572
2021-02-25,A,133.15165807295483,3,2,56,124.94121747167736,137.50170126244345,146.34685605962753,127.78860715603575,121.76904702180055
2021-02-26,A,138.9675796502708,4,2,57,133.15165807295483,145.23503305332562,127.63815935928736,126.89325666988506,122.57829132829936
2021-02-27,A,121.0676169160659,5,2,58,138.9675796502708,141.5555789202009,122.39999025184704,123.96640495500863,122.48312180431499
2021-02-28,A,108.46149863202412,6,2,59,121.0676169160659,126.1179884499644,103.56894614221088,121.44404926673145,122.83258983930163
2021-03-01,A,101.89156250602258,0,3,60,108.46149863202412,104.13252246273848,85.94662691169124,121.12391213005776,123.9715138103253
2021-03-02,A,115.05631476993211,1,3,61,101.89156250602258,119.38625166138868,103.06137895352158,120.50534971699253,124.82829494006891
2021-03-03,A,138.040432923602,2,3,62,115.05631476993211,124.94121747167736,130.12960533195562,122.37666621012463,125.39335405375793
2021-03-04,A,128.86346181062802,3,3,63,138.040432923602,133.15165807295483,137.50170126244345,121.76406674407794,124.77633695005684
2021-03-05,A,146.93547228401,4,3,64,128.86346181062802,138.9675796502708,145.23503305332562,122.9023371203264,124.89779689510571
2021-03-06,A,124.65762757339522,5,3,65,146.93547228401,121.0676169160659,141.5555789202009,123.41519578565917,123.6908003703339
2021-03-07,A,119.4342162396684,6,3,66,124.65762757339522,108.46149863202412,126.1179884499644,124.98272687246548,123.21338806959845
2021-03-08,A,103.77707287518612,0,3,67,119.4342162396684,101.89156250602258,104.13252246273848,125.2520854966317,123.18799881334472
2021-03-09,A,94.05045807819356,1,3,68,103.77707287518612,115.05631476993211,119.38625166138868,122.25124882638332,121.37829927168794
2021-03-10,A,131.77072027689164,2,3,69,94.05045807819356,138.040432923602,124.94121747167736,121.35557559113899,121.86612090063181
2021-03-11,A,135.15097830124498,3,3,70,131.77072027689164,128.86346181062802,133.15165807295483,122.2537922326557,122.0089294883668
2021-03-12,A,139.5917207010126,4,3,71,135.15097830124498,146.93547228401,138.9675796502708,121.20468486365607,122.05351099199125
2021-03-13,A,124.49402986640844,5,3,72,139.5917207010126,124.65762757339522,121.0676169160659,121.18131376265796,122.29825477415855
2021-03-14,A,110.4724433885328,6,3,73,124.49402986640844,119.4342162396684,108.46149863202412,119.90106049821001,122.44189368533775
2021-03-15,A,108.31895967631742,0,3,74,110.4724433885328,103.77707287518612,101.89156250602258,120.54990146980022,122.90099348321596
2021-03-16,A,107.25382002755238,1,3,75,108.31895967631742,94.05045807819356,115.05631476993211,122.43609603399432,122.34367243018882
2021-03-17,A,127.04371043267324,2,3,76,107.25382002755238,131.77072027689164,138.040432923602,121.76080891339168,121.55819225226534
2021-03-18,A,142.95642890521611,3,3,77,127.04371043267324,135.15097830124498,128.86346181062802,122.87587328538757,122.56483275902163
2021-03-19,A,154.49828592229628,4,3,78,142.95642890521611,139.5917207010126,146.93547228401,125.00538260271381,123.10503373318495
2021-03-20,A,130.37983001988033,5,3,79,154.49828592229628,124.49402986640844,124.65762757339522,125.84621119606693,123.51376247936244
2021-03-21,A,103.96191713733784,6,3,80,130.37983001988033,110.4724433885328,119.4342162396684,124.9161360173248,122.40859825776741
2021-03-22,A,113.50368555340388,0,3,81,103.96191713733784,108.31895967631742,103.77707287518612,125.65681114262286,123.10335630621152
2021-03-23,A,106.1859394483354,1,3,82,113.50368555340388,107.25382002755238,94.05045807819356,125.5042567741633,123.97017640407883
2021-03-24,A,133.40122404110318,2,3,83,106.1859394483354,127.04371043267324,131.77072027689164,126.41247300393901,124.08664095866534
2021-03-25,A,143.1981410493149,3,3,84,133.40122404110318,142.95642890521611,135.15097830124498,126.44700331023884,124.66143829781319
2021-03-26,A,142.95396250651436,4,3,85,143.1981410493149,154.49828592229628,139.5917207010126,124.79781425084141,124.90159842677761
2021-03-27,A,135.98239644923618,5,3,86,142.95396250651436,130.37983001988033,124.49402986640844,125.59818088360655,125.72219603983673
2021-03-28,A,131.45495022318454,6,3,87,135.98239644923618,103.96191713733784,110.4724433885328,129.52575703872748,127.22094652802615
2021-03-29,A,121.65182052332818,0,3,88,131.45495022318454,113.50368555340388,108.31895967631742,130.68977632014523,128.17329373138406
2021-03-30,A,109.46296397624546,1,3,89,121.65182052332818,106.1859394483354,107.25382002755238,131.15792268127527,128.33108972771927
2021-03-31,A,125.83607930109156,2,3,90,109.46296397624546,133.40122404110318,127.04371043267324,130.07718771841647,128.24483036117772
2021-04-01,A,148.81111547365606,3,4,91,125.83607930109156,143.1981410493149,142.95642890521611,130.87904120760803,128.66302225892346
2021-04-02,A,137.30784455607224,4,4,92,148.81111547365606,142.95396250651436,154.49828592229628,130.07245292897346,127.43513358990744
2021-04-03,A,135.92682234788234,5,4,93,137.30784455607224,135.98239644923618,130.37983001988033,130.0645137716372,127.83134732762187
2021-04-04,A,115.71001702861274,6,4,94,135.92682234788234,131.45495022318454,103.96191713733784,127.81523760098409,128.67049731985577
2021-04-05,A,107.6173120526285,0,4,95,115.71001702861274,121.65182052332818,113.50368555340388,125.81030781945556,128.2500420698004
2021-04-06,A,102.31103451765848,1,4,96,107.6173120526285,109.46296397624546,106.1859394483354,124.78860361108597,127.9732631461806
2021-04-07,A,111.90808467815285,2,4,97,102.31103451765848,125.83607930109156,133.40122404110318,122.7988900935233,126.43803890596989
2021-04-08,A,123.68739679606442,3,4,98,111.90808467815285,148.81111547365606,143.1981410493149,119.20978742529596,125.044414316452
2021-04-09,A,135.20412998436433,4,4,99,123.68739679606442,137.30784455607224,142.95396250651436,118.90925677219481,124.49085485058413
2021-04-10,A,129.66292715749208,5,4,100,135.20412998436433,135.92682234788234,135.98239644923618,118.01441460213904,124.03946418688813
2021-04-11,A,113.64145718912395,6,4,101,129.66292715749208,115.71001702861274,131.45495022318454,117.71890605364067,122.76707182731236
2021-04-12,A,120.67396573047463,0,4,102,113.64145718912395,107.6173120526285,121.65182052332818,119.58414229333297,122.69722505639426
2021-04-13,A,117.89600199458262,1,4,103,120.67396573047463,102.31103451765848,109.46296397624546,121.81056621860785,123.29958491484692
2021-04-14,A,116.9979657639612,2,4,104,117.89600199458262,111.90808467815285,125.83607930109156,122.53769208800904,122.66829109076617
2021-04-15,A,143.12300197367293,3,4,105,116.9979657639612,123.68739679606442,148.81111547365606,125.31420711338167,122.2619972693388
2021-04-16,A,140.9566470675485,4,4,106,143.12300197367293,135.20412998436433,137.30784455607224,126.13599526812229,122.52262602015854
2021-04-17,A,131.1274888027554,5,4,107,140.9566470675485,129.66292715749208,135.92682234788234,126.34521836030275,122.1798164812209
2021-04-18,A,117.53966514770654,6,4,108,131.1274888027554,113.64145718912395,115.71001702861274,126.90210521152882,122.31050563258475
2021-04-19,A,110.19955543691157,0,4,109,117.53966514770654,120.67396573047463,107.6173120526285,125.40576088387697,122.49495158860496
2021-04-20,A,106.40405723432193,1,4,110,110.19955543691157,117.89600199458262,102.31103451765848,123.76405448955403,122.78731035408093
2021-04-21,A,133.27557702663873,2,4,111,106.40405723432193,116.9979657639612,111.90808467815285,126.08942752707938,124.3135598075442
2021-04-22,A,131.27589861499584,3,4,112,133.27557702663873,143.12300197367293,123.68739679606442,124.39698419012551,124.85559565175359
2021-04-23,A,144.3340555273197,4,4,113,131.27589861499584,140.9566470675485,135.20412998436433,124.87947111294997,125.50773319053611
2021-04-24,A,154.25385938991332,5,4,114,144.3340555273197,131.1274888027554,129.66292715749208,128.1832383396868,127.26422834999478
2021-04-25,A,117.91176796345717,6,4,115,154.25385938991332,117.53966514770654,113.64145718912395,128.23639588479404,127.56925054816143
2021-04-26,A,116.7819726240277,0,4,116,117.91176796345717,110.19955543691157,120.67396573047463,129.1767411972392,127.29125104055808
2021-04-27,A,109.92035660085024,1,4,117,116.7819726240277,106.40405723432193,117.89600199458262,129.6790696781718,126.7215620838629
2021-04-28,A,129.481051597473,2,4,118,109.92035660085024,133.27557702663873,116.9979657639612,129.1369946168624,127.6132110719709
2021-04-29,A,140.02720893906405,3,4,119,129.481051597473,131.27589861499584,143.12300197367293,130.38718180601504,127.39208299807026
2021-04-30,A,142.9901524491778,4,4,120,140.02720893906405,144.3340555273197,140.9566470675485,130.19519565199477,127.53733338247234
2021-05-01,A,127.30668047341273,5,5,121,142.9901524491778,154.25385938991332,131.1274888027554,126.34559866392324,127.26441850180503
2021-05-02,A,119.63961096418484,6,5,122,127.30668047341273,117.91176796345717,117.53966514770654,126.5924333783129,127.41441463155347
2021-05-03,A,98.57402912776234,0,5,123,119.63961096418484,116.7819726240277,110.19955543691157,123.99129859313213,126.58401989518566
2021-05-04,A,114.58294713604108,1,5,124,98.57402912776234,109.92035660085024,106.40405723432193,124.65738295530228,127.16822631673703
2021-05-05,A,133.58720094047158,2,5,125,114.58294713604108,129.481051597473,133.27557702663873,125.24397571858776,127.1904851677251
2021-05-06,A,143.4837958221732,3,5,126,133.58720094047158,140.02720893906405,131.27589861499584,125.73777384474621,128.06247782538063
2021-05-07,A,142.13349330011607,4,5,127,143.4837958221732,142.9901524491778,144.3340555273197,125.61539396630883,127.90529480915178
2021-05-08,A,137.2443343517551,5,5,128,142.13349330011607,127.30668047341273,154.25385938991332,127.03505880607203,126.69032873499764
2021-05-09,A,113.79788571822256,6,5,129,137.2443343517551,119.63961096418484,117.91176796345717,126.20052662807743,126.39648000319517
2021-05-10,A,112.9407737150396,0,5,130,113.79788571822256,98.57402912776234,116.7819726240277,128.25291871197416,126.12210865255317
2021-05-11,A,94.67708664188316,1,5,131,112.9407737150396,114.58294713604108,109.92035660085024,125.4092243556659,125.03330365548409
2021-05-12,A,122.29011603002589,2,5,132,94.67708664188316,133.58720094047158,129.481051597473,123.79535508274508,124.51966540066644
2021-05-13,A,124.6951186733532,3,5,133,122.29011603002589,143.4837958221732,140.02720893906405,121.11125834719937,123.42451609597279
2021-05-14,A,132.53306659681385,4,5,134,124.6951186733532,142.13349330011607,142.9901524491778,119.73976881815621,122.67758139223251
2021-05-15,A,144.5935776258683,5,5,135,132.53306659681385,137.2443343517551,127.30668047341273,120.7896607144581,123.91235976026506
2021-05-16,A,123.49882008843778,6,5,136,144.5935776258683,113.79788571822256,119.63961096418484,122.17550848163168,124.18801755485455
2021-05-17,A,99.77062491511026,0,5,137,123.49882008843778,112.9407737150396,98.57402912776234,120.29405865307035,124.27348868252227
2021-05-18,A,97.37837773734678,1,5,138,99.77062491511026,94.67708664188316,114.58294713604108,120.67995738099373,123.0445908683298
2021-05-19,A,101.32881434231147,2,5,139,97.37837773734678,122.29011603002589,133.58720094047158,117.68548571132024,120.74042039703265
2021-05-20,A,136.3437206409539,3,5,140,101.32881434231147,124.6951186733532,143.4837958221732,119.34957170669178,120.23041502694558
2021-05-21,A,163.92694340668064,4,5,141,136.3437206409539,132.53306659681385,142.13349330011607,123.83441125095847,121.78709003455732
2021-05-22,A,137.2318240291356,5,5,142,163.92694340668064,144.5935776258683,137.2443343517551,122.78273216571094,121.7861964400845
2021-05-23,A,111.9308320143378,6,5,143,137.2318240291356,123.49882008843778,113.79788571822256,121.1301624408395,121.65283546123558
2021-05-24,A,109.31717852746118,0,5,144,111.9308320143378,99.77062491511026,112.9407737150396,122.49395581403249,121.3940072335514
2021-05-25,A,96.98080863178892,1,5,145,109.31717852746118,97.37837773734678,94.67708664188316,122.43716022752422,121.55855880425896
2021-05-26,A,122.73652821353323,2,5,146,96.98080863178892,101.32881434231147,122.29011603002589,125.49540506627018,121.5904453887952
2021-05-27,A,141.5575745586114,3,5,147,122.73652821353323,136.3437206409539,124.6951186733532,126.24024134022126,122.7949065234565
2021-05-28,A,143.9448881642032,4,5,148,141.5575745586114,163.92694340668064,132.53306659681385,123.38566201986734,123.6100366354129
2021-05-29,A,140.14926890101754,5,5,149,143.9448881642032,137.2318240291356,144.5935776258683,123.80243985870761,123.29258601220927
2021-05-30,A,119.2346421826926,6,5,150,140.14926890101754,111.9308320143378,123.49882008843778,124.84584131132974,122.98800187608461
2021-05-31,A,111.01321506639287,0,5,151,119.2346421826926,109.31717852746118,99.77062491511026,125.08813224546283,123.79104402974765
2021-06-01,A,104.0315672679682,1,6,152,111.01321506639287,96.98080863178892,97.37837773734678,126.09538347920272,124.26627185336348
2021-06-02,A,132.36770845246835,2,6,153,104.0315672679682,122.73652821353323,101.32881434231147,127.47126637047917,126.48333571837468
2021-06-03,A,153.86332042554795,3,6,154,132.36770845246835,141.5575745586114,136.3437206409539,129.22923006575581,127.73473570298854
2021-06-04,A,136.94256729163047,4,6,155,153.86332042554795,143.9448881642032,163.92694340668064,128.22889851253112,125.80728026619924
2021-06-05,A,126.79132475184986,5,6,156,136.94256729163047,140.14926890101754,137.2318240291356,126.32062077693574,125.06153031782169
2021-06-06,A,127.23382513343653,6,6,157,126.79132475184986,119.2346421826926,111.9308320143378,127.4633611984706,126.15460125490016
2021-06-07,A,104.20592509803834,0,6,158,127.23382513343653,111.01321506639287,109.31717852746118,126.49089120299139,125.7895117242271
2021-06-08,A,120.83918673241725,1,6,159,104.20592509803834,104.0315672679682,96.98080863178892,128.89197969791266,127.4936815885577
2021-06-09,A,121.71496956011728,2,6,160,120.83918673241725,132.36770845246835,122.73652821353323,127.37015985614823,127.4207131133137
2021-06-10,A,152.54225952479152,3,6,161,121.71496956011728,153.86332042554795,141.5575745586114,127.1814368703259,128.20533346804083
2021-06-11,A,145.82572005335552,4,6,162,152.54225952479152,136.94256729163047,143.9448881642032,128.45045869342948,128.3396786029803
2021-06-12,A,136.02879065421834,5,6,163,145.82572005335552,126.79132475184986,140.14926890101754,129.77009667948212,128.04535872820892
2021-06-13,A,129.13536468630434,6,6,164,136.02879065421834,127.23382513343653,119.2346421826926,130.04174518703465,128.75255319275263
2021-06-14,A,102.91258324211562,0,6,165,129.13536468630434,104.20592509803834,111.01321506639287,129.85698206475996,128.17393663387568
2021-06-15,A,102.1497088985542,1,6,166,102.91258324211562,120.83918673241725,104.0315672679682,127.1870566599224,128.03951817891752
2021-06-16,A,121.73681166109868,2,6,167,102.1497088985542,121.71496956011728,132.36770845246835,127.1901769600626,127.28016840810541
2021-06-17,A,144.5906365898407,3,6,168,121.73681166109868,152.54225952479152,153.86332042554795,126.0542308264982,126.61783384841203
2021-06-18,A,132.31783101153772,4,6,169,144.5906365898407,145.82572005335552,136.94256729163047,124.1245323919528,126.28749554269112
2021-06-19,A,139.13279735891518,5,6,170,132.31783101153772,136.02879065421834,126.79132475184986,124.5679619211952,127.16902930033866
2021-06-20,A,112.3775200420726,6,6,171,139.13279735891518,129.13536468630434,127.23382513343653,122.17398411487639,126.10786465095552
2021-06-21,A,115.0593184176074,0,6,172,112.3775200420726,102.91258324211562,104.20592509803834,123.9092319970895,126.88310703092475
2021-06-22,A,90.5946732968206,1,6,173,115.0593184176074,102.1497088985542,120.83918673241725,122.25851262541327,124.72278464266783
2021-06-23,A,119.1028691945618,2,6,174,90.5946732968206,121.73681166109868,121.71496956011728,121.88223513019372,124.53620604512817
2021-06-24,A,127.5502898448926,3,6,175,119.1028691945618,144.5906365898407,152.54225952479152,119.44789988091543,122.75106535370682
2021-06-25,A,138.3041379281404,4,6,176,127.5502898448926,132.31783101153772,145.82572005335552,120.30308658328723,122.21380948762001
2021-06-26,A,136.08442741664925,5,6,177,138.3041379281404,139.13279735891518,136.02879065421834,119.86760516296353,122.21778354207936
2021-06-27,A,115.32394764948695,6,6,178,136.08442741664925,112.3775200420726,129.13536468630434,120.28852339259414,121.23125375373526
2021-06-28,A,103.91986665022468,0,6,179,115.32394764948695,115.0593184176074,102.91258324211562,118.69717314011089,121.3032025686002
2021-06-29,A,108.5453468350544,1,6,180,103.91986665022468,90.5946732968206,102.1497088985542,121.2615550741443,121.7600338497788
2021-06-30,A,127.09257139042548,2,6,181,108.5453468350544,119.1028691945618,121.73681166109868,122.40294110212483,122.14258811615926
2021-07-01,A,133.04381678929107,3,7,182,127.09257139042548,127.5502898448926,144.5906365898407,123.18773066561032,121.31781527326288
2021-07-02,A,150.63884085631437,4,7,183,133.04381678929107,138.3041379281404,132.31783101153772,124.9498310839209,122.62645883360406
2021-07-03,A,139.474498040931,5,7,184,150.63884085631437,136.08442741664925,139.13279735891518,125.4341268873897,122.65086602517661
2021-07-04,A,119.90813422440324,6,7,185,139.474498040931,115.32394764948695,112.3775200420726,126.08901068380632,123.18876703820024
2021-07-05,A,110.46922481388933,0,7,186,119.90813422440324,103.91986665022468,115.0593184176074,127.02463327861555,122.86090320936322
2021-07-06,A,112.26023988263395,1,7,187,110.46922481388933,108.5453468350544,90.5946732968206,127.55533228541263,124.40844367977847
2021-07-07,A,141.81612195738296,2,7,188,112.26023988263395,127.09257139042548,119.1028691945618,129.65869665212085,126.03081887712283
2021-07-08,A,140.48542182648563,3,7,189,141.81612195738296,133.04381678929107,127.5502898448926,130.7217830860058,126.95475687580804
2021-07-09,A,142.59744805251546,4,7,190,140.48542182648563,150.63884085631437,138.3041379281404,129.57301268546308,127.261421884692
2021-07-10,A,128.21501970505858,5,7,191,142.59744805251546,139.474498040931,136.08442741664925,127.96451578033846,126.69932133386408
2021-07-11,A,108.63979942860117,6,7,192,128.21501970505858,119.90813422440324,115.32394764948695,126.35475366665244,126.2218821752294
2021-07-12,A,96.13125304114054,0,7,193,108.63979942860117,110.46922481388933,103.91986665022468,124.30647198483118,125.66555263172337
2021-07-13,A,102.84858744038785,1,7,194,96.13125304114054,112.26023988263395,108.5453468350544,122.96195020736745,125.25864124639004
2021-07-14,A,125.04016255238864,2,7,195,102.84858744038785,141.81612195738296,127.09257139042548,120.56538457808256,125.1120406151017
2021-07-15,A,143.92660629295796,3,7,196,125.04016255238864,140.48542182648563,133.04381678929107,121.05698235900718,125.88938272250648
2021-07-16,A,145.53332033767956,4,7,197,143.92660629295796,142.59744805251546,150.63884085631437,121.47639268545917,125.52470268546112
2021-07-17,A,128.18902819854932,5,7,198,145.53332033767956,128.21501970505858,139.474498040931,121.47267961310071,124.71859769671958
2021-07-18,A,124.16944737545504,6,7,199,128.18902819854932,108.63979942860117,119.90813422440324,123.69120074836555,125.022977207509
2021-07-19,A,112.07239879042687,0,7,200,124.16944737545504,96.13125304114054,110.46922481388933,125.96850728397787,125.13748963440455
2021-07-20,A,108.75184955692886,1,7,201,112.07239879042687,102.84858744038785,112.26023988263395,126.81183044348374,124.8868903254256
2021-07-21,A,120.45234651835716,2,7,202,108.75184955692886,125.04016255238864,141.81612195738296,126.15642815290782,123.3609063654952
2021-07-22,A,145.70973870168442,3,7,203,120.45234651835716,143.92660629295796,140.48542182648563,126.41116135415446,123.73407185658081
2021-07-23,A,146.69804263922126,4,7,204,145.70973870168442,145.53332033767956,142.59744805251546,126.57755025437471,124.02697146991693
2021-07-24,A,122.79836241273608,5,7,205,146.69804263922126,128.18902819854932,128.21501970505858,125.80745514211567,123.64006737760819
2021-07-25,A,116.49419888549056,6,7,206,122.79836241273608,124.16944737545504,108.63979942860117,124.71099107212073,124.20109591024314
2021-07-26,A,108.32345397868426,0,7,207,116.49419888549056,112.07239879042687,96.13125304114054,124.17542752758608,125.07196740578198
2021-07-27,A,102.90154779447276,1,7,208,108.32345397868426,108.75184955692886,102.84858744038785,123.33967013294951,125.07575028821664
2021-07-28,A,127.26449288844404,2,7,209,102.90154779447276,120.45234651835716,125.04016255238864,124.31283390010476,125.2346310265063
2021-07-29,A,129.75380552305282,3,7,210,127.26449288844404,145.70973870168442,143.92660629295796,122.03341487458597,124.22228811437022
2021-07-30,A,155.95381280949968,4,7,211,129.75380552305282,146.69804263922126,145.53332033767956,123.35566775605432,124.96660900521451
2021-07-31,A,144.43705043860135,5,7,212,155.95381280949968,122.79836241273608,128.18902819854932,126.4469089026065,126.12718202236108
2021-08-01,A,115.0879723290105,6,8,213,144.43705043860135,116.49419888549056,124.16944737545504,126.24601939453792,125.47850523332933
2021-08-02,A,109.20487225487196,0,8,214,115.0879723290105,108.32345397868426,112.07239879042687,126.37193629113617,125.27368190936112
2021-08-03,A,90.8898004300456,1,8,215,109.20487225487196,102.90154779447276,108.75184955692886,124.65597238193229,123.99782125744089
2021-08-04,A,116.56503453369372,2,8,216,90.8898004300456,127.26449288844404,120.45234651835716,123.12747833125367,123.7201561156792
2021-08-05,A,139.11222411396932,3,8,217,116.56503453369372,129.75380552305282,145.70973870168442,124.46439527281316,123.24890507369958
2021-08-06,A,136.75732990805764,4,8,218,139.11222411396932,155.95381280949968,146.69804263922126,121.72204057260716,122.53885416433073
2021-08-07,A,140.23869248924365,5,8,219,136.75732990805764,144.43705043860135,122.79836241273608,121.12227515127033,123.78459202693841
2021-08-08,A,133.15655331948864,6,8,220,140.23869248924365,115.0879723290105,116.49419888549056,123.70350100705294,124.97476020079543
2021-08-09,A,96.95438986679513,0,8,221,133.15655331948864,109.20487225487196,108.32345397868426,121.95343209447051,124.16268419280334
2021-08-10,A,103.53953899383283,1,8,222,96.95438986679513,90.8898004300456,102.90154779447276,123.76053760358299,124.20825499275762
2021-08-11,A,127.76947283236548,2,8,223,103.53953899383283,116.56503453369372,127.26449288844404,125.36117164625037,124.24432498875203
2021-08-12,A,154.42145473325314,3,8,224,127.76947283236548,139.11222411396932,129.75380552305282,127.54820459186236,126.00629993233777
2021-08-13,A,135.62546964922294,4,8,225,154.42145473325314,136.75732990805764,155.95381280949968,127.38651026917168,124.55427542088943
2021-08-14,A,136.58587967672236,5,8,226,135.62546964922294,140.23869248924365,144.43705043860135,126.86467986738293,123.99347750932664
2021-08-15,A,131.81864195008,6,8,227,136.58587967672236,133.15655331948864,115.0879723290105,126.67354967175312,125.18852533940301
2021-08-16,A,93.22330450686556,0,8,228,131.81864195008,96.95438986679513,109.20487225487196,126.14053747747747,124.046984785974
2021-08-17,A,100.06076264181895,1,8,229,93.22330450686556,103.53953899383283,90.8898004300456,125.64356942718977,124.7020535153864
2021-08-18,A,122.56710310426898,2,8,230,100.06076264181895,127.76947283236548,116.56503453369372,124.90037375174742,125.13077269899891
2021-08-19,A,137.43788831248267,3,8,231,122.56710310426898,154.42145473325314,139.11222411396932,122.47414997735163,125.011177284607
2021-08-20,A,151.975344521642,4,8,232,137.43788831248267,135.62546964922294,136.75732990805764,124.80984638769722,126.09817832843446
2021-08-21,A,136.59693852690398,5,8,233,151.975344521642,136.58587967672236,140.23869248924365,124.81142622343746,125.83805304541019
2021-08-22,A,103.11862473650856,6,8,234,136.59693852690398,131.81864195008,133.15655331948864,120.71142376435581,123.69248671805447
2021-08-23,A,110.63073098557636,0,8,235,103.11862473650856,93.22330450686556,96.95438986679513,123.1981989756002,124.66936822653885
2021-08-24,A,105.75907526781022,1,8,236,110.63073098557636,100.06076264181895,103.53953899383283,124.0122436364561,124.82790653182295
2021-08-25,A,136.22160376155523,2,8,237,105.75907526781022,122.56710310426898,127.76947283236548,125.962886587497,125.4316301696222
2021-08-26,A,136.6519653939018,3,8,238,136.22160376155523,137.43788831248267,154.42145473325314,125.85061188484259,124.16238093109712
2021-08-27,A,140.45168202486462,4,8,239,136.6519653939018,151.975344521642,135.62546964922294,124.20437438530298,124.5071103865001
2021-08-28,A,139.062783724844,5,8,240,140.45168202486462,136.59693852690398,136.58587967672236,124.55663798500869,124.68403210422306
2021-08-29,A,123.49180314241156,6,8,241,139.062783724844,103.11862473650856,131.81864195008,127.46709204299484,124.08925790367532
2021-08-30,A,110.16231274392916,0,8,242,123.49180314241156,110.63073098557636,93.22330450686556,127.40017515133094,125.2991870634656
2021-08-31,A,96.96467789764677,1,8,243,110.16231274392916,105.75907526781022,100.06076264181895,126.14383266987902,125.07803815316755
2021-09-01,A,130.40037161552095,2,9,244,96.96467789764677,136.22160376155523,122.56710310426898,125.31222807758841,125.6375573325427
2021-09-02,A,133.46827134207177,3,9,245,130.40037161552095,136.6519653939018,137.43788831248267,124.85741464161269,125.35401326322764
2021-09-03,A,147.49688325245873,4,9,246,133.46827134207177,140.45168202486462,151.975344521642,125.86387195984041,125.03412317257168
2021-09-04,A,123.41392542528573,5,9,247,147.49688325245873,139.062783724844,136.59693852690398,123.62832077418923,124.09247937959897
2021-09-05,A,121.02903853413102,6,9,248,123.41392542528573,123.49180314241156,103.11862473650856,123.2764972587206,125.37179465085772
2021-09-06,A,100.19479666805071,0,9,249,121.02903853413102,110.16231274392916,110.63073098557636,121.85256639073795,124.62637077103444
2021-09-07,A,100.25844930471088,1,9,250,100.19479666805071,96.96467789764677,105.75907526781022,122.32310516317568,124.23346891652736
2021-09-08,A,131.87672725802608,2,9,251,100.25844930471088,130.40037161552095,136.22160376155523,122.53401311210499,123.92312059484671
2021-09-09,A,143.74596199895078,3,9,252,131.87672725802608,133.46827134207177,136.6519653939018,124.00225463451626,124.42983463806448
2021-09-10,A,140.77293001867963,4,9,253,143.74596199895078,147.49688325245873,140.45168202486462,123.04168988683354,124.45278092333697
2021-09-11,A,146.48330177071512,5,9,254,140.77293001867963,123.41392542528573,139.062783724844,126.33731507903774,124.98281792661349
2021-09-12,A,114.00331205129696,6,9,255,146.48330177071512,121.02903853413102,123.49180314241156,125.33363986720431,124.30506856296245
2021-09-13,A,106.97451936434734,0,9,256,114.00331205129696,100.19479666805071,110.16231274392916,126.30217168096098,124.07736903584944
2021-09-14,A,112.74090415829365,1,9,257,106.97451936434734,100.25844930471088,96.96467789764677,128.08537951718708,125.20424234018138
2021-09-15,A,121.2789087632076,2,9,258,112.74090415829365,131.87672725802608,130.40037161552095,126.57140544649873,124.55270927930187
2021-09-16,A,145.651966242806,3,9,259,121.2789087632076,143.74596199895078,133.46827134207177,126.84369176704948,125.42297320078286
2021-09-17,A,141.48719572257517,4,9,260,145.651966242806,140.77293001867963,147.49688325245873,126.94572972474884,124.9937098057912
2021-09-18,A,131.6508344708894,5,9,261,141.48719572257517,146.48330177071512,123.41392542528573,124.82680582477373,125.58206045190573
2021-09-19,A,128.49974261235212,6,9,262,131.6508344708894,114.00331205129696,121.02903853413102,126.89772447635303,126.11568217177866
2021-09-20,A,98.46303962255058,0,9,263,128.49974261235212,106.97451936434734,100.19479666805071,125.68179879895351,125.99198523995723
2021-09-21,A,91.35742399950011,1,9,264,98.46303962255058,112.74090415829365,100.25844930471088,122.62701591912585,125.35619771815645
2021-09-22,A,139.19380226640132,2,9,265,91.35742399950011,121.2789087632076,131.87672725802608,125.18628641958209,125.87884593304041
2021-09-23,A,162.34756958653242,3,9,266,139.19380226640132,145.651966242806,143.74596199895078,127.57137261154301,127.20753218929623
2021-09-24,A,142.582730446368,4,9,267,162.34756958653242,141.48719572257517,140.77293001867963,127.72787757208485,127.33680364841685
2021-09-25,A,119.51930679372605,5,9,268,142.582730446368,131.6508344708894,146.48330177071512,125.99480218963295,125.41080400720334
2021-09-26,A,115.1847997544283,6,9,269,119.51930679372605,128.49974261235212,114.00331205129696,124.09266749564382,125.49519598599844
2021-09-27,A,104.56801451399484,0,9,270,115.1847997544283,98.46303962255058,106.97451936434734,124.96480676585013,125.32330278240183
2021-09-28,A,109.2103459888278,1,9,271,104.56801451399484,91.35742399950011,112.74090415829365,127.51522419289697,125.07112005601141
2021-09-29,A,117.469272041001,2,9,272,109.2103459888278,139.19380226640132,121.2789087632076,124.41171987498262,124.79900314728236
2021-09-30,A,146.659505175558,3,9,273,117.469272041001,162.34756958653242,145.651966242806,122.170567816272,124.87097021390751
2021-10-01,A,150.091013642322,4,10,274,146.659505175558,142.582730446368,141.48719572257517,123.24317970140828,125.48552863674657
2021-10-02,A,123.12883623020352,5,10,275,150.091013642322,119.51930679372605,131.6508344708894,123.7588267637622,124.87681447669759
2021-10-03,A,123.33231548762336,6,10,276,123.12883623020352,115.1847997544283,128.49974261235212,124.92275758279006,124.50771253921695
2021-10-04,A,123.349348038357,0,10,277,123.33231548762336,104.56801451399484,98.46303962255058,127.60580522912753,126.28530599748883
2021-10-05,A,112.17548944657212,1,10,278,123.349348038357,109.2103459888278,91.35742399950011,128.02939715166244,127.77231067227969
2021-10-06,A,123.74784514989736,2,10,279,112.17548944657212,117.469272041001,139.19380226640132,128.92633616721906,126.66902802110083
2021-10-07,A,140.95706039055725,3,10,280,123.74784514989736,146.659505175558,162.34756958653242,128.11170119793323,125.1411345071026
2021-10-08,A,150.88707884585148,4,10,281,140.95706039055725,150.091013642322,142.582730446368,128.22542479843744,125.73430224992286
2021-10-09,A,121.30877841477069,5,10,282,150.88707884585148,123.12883623020352,119.51930679372605,127.96541653908989,125.86212165142604
2021-10-10,A,119.12393732795518,6,10,283,121.30877841477069,123.33231548762336,115.1847997544283,127.3642196591373,126.14348862096368
2021-10-11,A,103.87422665715756,0,10,284,119.12393732795518,123.349348038357,104.56801451399484,124.58205946182309,126.09393234547531
2021-10-12,A,125.65247696079382,1,10,285,103.87422665715756,112.17548944657212,109.2103459888278,126.50734339242618,127.26837027204431
2021-10-13,A,125.1231346460754,2,10,286,125.65247696079382,123.74784514989736,117.469272041001,126.70381332045163,127.81507474383534
2021-10-14,A,155.50625706484192,3,10,287,125.1231346460754,140.95706039055725,146.659505175558,128.78226998820656,128.4469855930699
2021-10-15,A,137.20516919791658,4,10,288,155.50625706484192,150.88707884585148,150.091013642322,126.82771146707303,127.52656813275523
2021-10-16,A,139.92229466331918,5,10,289,137.20516919791658,121.30877841477069,123.12883623020352,129.48678521686568,128.72610087797779
2021-10-17,A,120.434083884535,6,10,290,139.92229466331918,119.12393732795518,123.33231548762336,129.67394901066277,128.51908433490004
2021-10-18,A,100.11563034001192,0,10,291,120.434083884535,103.87422665715756,123.349348038357,129.13700667964196,126.85953307073252
2021-10-19,A,112.3591158443122,1,10,292,100.11563034001192,125.65247696079382,112.17548944657212,127.23795509157317,126.8726492419997
2021-10-20,A,136.2867372812398,2,10,293,112.3591158443122,125.1231346460754,123.74784514989736,128.83275546802523,127.76828439423844
2021-10-21,A,139.64289261166417,3,10,294,136.2867372812398,155.50625706484192,140.95706039055725,126.5665605461427,127.67441526717464
2021-10-22,A,132.5694636568852,4,10,295,139.64289261166417,137.20516919791658,150.88707884585148,125.90431689742393,126.36601418224846
2021-10-23,A,135.15378878714776,5,10,296,132.5694636568852,139.92229466331918,121.30877841477069,125.22310177225657,127.35494349456111
2021-10-24,A,110.72956708593551,6,10,297,135.15378878714776,120.434083884535,119.12393732795518,123.83674222959951,126.75534562013114
2021-10-25,A,104.39935088368932,0,10,298,110.72956708593551,100.11563034001192,103.87422665715756,124.44870230726771,126.79285449345484
2021-10-26,A,110.3573148398055,1,10,299,104.39935088368932,112.3591158443122,125.65247696079382,124.16273073519532,125.70034291338425
2021-10-27,A,113.01143892853248,2,10,300,110.3573148398055,136.2867372812398,125.1231346460754,120.83768811337998,124.8352217907026
2021-10-28,A,129.37802960146135,3,10,301,113.01143892853248,139.64289261166417,155.50625706484192,119.37127911192245,122.96891982903256
2021-10-29,A,150.03176960451768,4,10,302,129.37802960146135,132.5694636568852,137.20516919791658,121.8658942472985,123.88510557236121
2021-10-30,A,131.18261189968032,5,10,303,150.03176960451768,135.15378878714776,139.92229466331918,121.2985832633746,123.26084251781559
2021-10-31,A,97.50106717978154,6,10,304,131.18261189968032,110.72956708593551,120.434083884535,119.40879756249545,121.62276989604747
2021-11-01,A,113.4869007559356,0,11,305,97.50106717978154,104.39935088368932,100.11563034001192,120.70701897281636,122.57786064004203
2021-11-02,A,113.25904510954877,1,11,306,113.4869007559356,110.3573148398055,112.3591158443122,121.12155186849395,122.64214130184463
2021-11-03,A,121.01572813443438,2,11,307,113.25904510954877,113.01143892853248,136.2867372812398,122.26502175505138,121.55135493421567
2021-11-04,A,131.83872469763065,3,11,308,121.01572813443438,129.37802960146135,139.64289261166417,122.61654962593272,120.99391436892758
2021-11-05,A,152.93176816089832,4,11,309,131.83872469763065,150.03176960451768,132.5694636568852,123.0308351339871,122.4483646906428
2021-11-06,A,138.22923651959164,5,11,310,152.93176816089832,131.18261189968032,135.15378878714776,124.0374957939744,122.6680395286745
2021-11-07,A,137.14991024588912,6,11,311,138.22923651959164,97.50106717978154,110.72956708593551,129.7016162319898,124.55520689724263
2021-11-08,A,110.6397273229402,0,11,312,137.14991024588912,113.4869007559356,104.39935088368932,129.2948771701333,125.00094807147481
2021-11-09,A,114.25178226752078,1,11,313,110.6397273229402,113.25904510954877,110.3573148398055,129.4366967641293,125.27912431631162
2021-11-10,A,125.46137335592964,2,11,314,114.25178226752078,121.01572813443438,113.01143892853248,130.0717889386286,126.16840534684
2021-11-11,A,148.97764339377414,3,11,315,125.46137335592964,131.83872469763065,129.37802960146135,132.52020589522056,127.56837776057662
2021-11-12,A,151.31605667043854,4,11,316,148.97764339377414,152.93176816089832,150.03176960451768,132.28938996801202,127.66011255099954
2021-11-13,A,145.51830167770024,5,11,317,151.31605667043854,138.22923651959164,131.18261189968032,133.33068499059894,128.6840903922867
2021-11-14,A,113.98857870538669,6,11,318,145.51830167770024,137.14991024588912,97.50106717978154,130.02192334195576,129.86176978697276
2021-11-15,A,103.86502881965863,0,11,319,113.98857870538669,110.6397273229402,113.4869007559356,129.05410927005838,129.17449322009583
2021-11-16,A,107.38740184020004,1,11,320,103.86502881965863,114.25178226752078,113.25904510954877,128.07348349472684,128.75509012942808
2021-11-17,A,133.19328063629973,2,11,321,107.38740184020004,125.46137335592964,121.01572813443438,129.17804167763686,129.62491530813276
2021-11-18,A,154.50050204861148,3,11,322,133.19328063629973,148.97764339377414,131.83872469763065,129.96702148547075,131.24361369034565
2021-11-19,A,142.71472118532907,4,11,323,154.50050204861148,151.31605667043854,152.93176816089832,128.73825927331225,130.51382462066215
2021-11-20,A,132.17638185690438,5,11,324,142.71472118532907,145.51830167770024,138.22923651959164,126.83227072748427,130.08147785904163
2021-11-21,A,120.7418499155138,6,11,325,132.17638185690438,113.98857870538669,137.14991024588912,127.79702375750244,128.90947354972909
2021-11-22,A,105.4522666731773,0,11,326,120.7418499155138,103.86502881965863,110.6397273229402,128.02377202229084,128.5389406461746
2021-11-23,A,118.9067265026848,1,11,327,105.4522666731773,107.38740184020004,114.25178226752078,129.66938983121722,128.87143666297203
2021-11-24,A,108.9227186119828,2,11,328,118.9067265026848,133.19328063629973,125.46137335592964,126.20216668488624,127.69010418126155
2021-11-25,A,135.96993622097224,3,11,329,108.9227186119828,154.50050204861148,148.97764339377414,123.5549429952235,126.76098224034713
2021-11-26,A,140.19618452890205,4,11,330,135.96993622097224,142.71472118532907,151.31605667043854,123.19515204430533,125.9667056588088
2021-11-27,A,117.08179365023042,5,11,331,140.19618452890205,132.17638185690438,145.51830167770024,121.03878230049477,123.93552651398954
2021-11-28,A,110.59019463967545,6,11,332,117.08179365023042,120.7418499155138,113.98857870538669,119.58854583251787,123.69278479501016
2021-11-29,A,100.16717981658329,0,11,333,110.59019463967545,105.4522666731773,103.86502881965863,118.833533424433,123.42865272336192
2021-11-30,A,109.75153011148484,1,11,334,100.16717981658329,118.9067265026848,107.38740184020004,117.52564822569015,123.59751902845369
2021-12-01,A,135.91073414028693,2,12,335,109.75153011148484,108.9227186119828,133.19328063629973,121.3810790154479,123.79162285016706
2021-12-02,A,140.6931614568516,3,12,336,135.91073414028693,135.96993622097224,154.50050204861148,122.05582547771637,122.80538423646992
2021-12-03,A,138.27907550849457,4,12,337,140.6931614568516,140.19618452890205,142.71472118532907,121.7819527605153,122.4885524024103
2021-12-04,A,135.25907548968183,5,12,338,138.27907550849457,117.08179365023042,132.17638185690438,124.37870730900838,122.70874480475156
2021-12-05,A,126.76276123622915,6,12,339,135.25907548968183,110.59019463967545,120.7418499155138,126.68907396565889,123.13880989908839
2021-12-06,A,99.7508282845011,0,12,340,126.76276123622915,100.16717981658329,105.4522666731773,126.62959517536144,122.73156429989724
2021-12-07,A,104.14583834633513,1,12,341,99.7508282845011,109.75153011148484,118.9067265026848,125.82878206605434,121.67721514587224
2021-12-08,A,131.5454687512705,2,12,342,104.14583834633513,135.91073414028693,108.9227186119828,125.20517272476627,123.29312587010706
2021-12-09,A,140.95142781060204,3,12,343,131.5454687512705,140.6931614568516,135.96993622097224,125.24206791815918,123.64894669793777
2021-12-10,A,151.77553286640926,4,12,344,140.95142781060204,138.27907550849457,140.19618452890205,127.17013325500413,124.47604300775973
2021-12-11,A,135.6756075550961,5,12,345,151.77553286640926,135.25907548968183,117.08179365023042,127.2296378357776,125.80417257239299
2021-12-12,A,124.05275151948334,6,12,346,135.6756075550961,126.76276123622915,110.59019463967545,126.84249359052819,126.76578377809355
2021-12-13,A,99.3479439711654,0,12,347,124.05275151948334,99.7508282845011,100.16717981658329,126.78493868862311,126.70726693199227
2021-12-14,A,111.40383028147036,1,12,348,99.3479439711654,104.14583834633513,109.75153011148484,127.82179467935671,126.82528837270551
2021-12-15,A,125.46162703224113,2,12,349,111.40383028147036,131.5454687512705,135.91073414028693,126.95267443378108,126.07892357927369
2021-12-16,A,133.0666594136852,3,12,350,125.46162703224113,140.95142781060204,140.6931614568516,125.82627894850725,125.53417343333322
2021-12-17,A,134.15790182785415,4,12,351,133.0666594136852,151.77553286640926,138.27907550849457,123.30947451442795,125.23980388471605
2021-12-18,A,141.34084424172622,5,12,352,134.15790182785415,135.6756075550961,135.25907548968183,124.11879404108939,125.6742159384335
2021-12-19,A,115.70189334709345,6,12,353,141.34084424172622,124.05275151948334,126.76276123622915,122.92581430217656,124.88415394635238
2021-12-20,A,99.52039670038204,0,12,354,115.70189334709345,99.3479439711654,99.7508282845011,122.95045040635036,124.86769454748672
2021-12-21,A,110.80114606245964,1,12,355,99.52039670038204,111.40383028147036,104.14583834633513,122.86435266077739,125.34307367006706
2021-12-22,A,136.24136807601042,2,12,356,110.80114606245964,125.46162703224113,131.5454687512705,124.40431566703016,125.67849505040563
2021-12-23,A,124.61795411361123,3,12,357,136.24136807601042,133.0666594136852,140.95142781060204,123.1973577670196,124.51181835776343
2021-12-24,A,134.76268596164715,4,12,358,124.61795411361123,134.15790182785415,151.77553286640926,123.2837555004186,123.29661500742327
2021-12-25,A,128.54183049443725,5,12,359,134.76268596164715,141.34084424172622,135.6756075550961,121.45532496509158,122.78705950309049
2021-12-26,A,130.26901340867033,6,12,360,128.54183049443725,115.70189334709345,124.05275151948334,123.53634211674544,123.23107820946099
2021-12-27,A,110.02940488698522,0,12,361,130.26901340867033,99.52039670038204,99.3479439711654,125.03762900054588,123.99403970344814
2021-12-28,A,117.7791855516059,1,12,362,110.02940488698522,110.80114606245964,111.40383028147036,126.03449178470964,124.44942222274354
2021-12-29,A,118.1659999342758,2,12,363,117.7791855516059,136.24136807601042,125.46162703224113,123.45229633589041,123.92830600146029
2021-12-30,A,133.9776399444922,3,12,364,118.1659999342758,124.61795411361123,133.0666594136852,124.78939431173055,123.99337603937508
2021-12-31,A,150.38837528472513,4,12,365,133.9776399444922,134.76268596164715,134.15790182785415,127.02163564359884,125.15269557200871
2022-01-01,A,136.46118674715134,5,1,1,150.38837528472513,128.54183049443725,141.34084424172622,128.15297225112943,124.80414860811051
2022-01-02,A,123.03956309588912,6,1,2,136.46118674715134,130.26901340867033,115.70189334709345,127.12019363501781,125.32826787588162
2022-01-03,A,106.33741116627338,0,1,3,123.03956309588912,110.02940488698522,99.52039670038204,126.59276596063042,125.81519748058815
2022-01-04,A,113.93586750962432,1,1,4,106.33741116627338,117.7791855516059,110.80114606245964,126.04372052606162,126.03910615538562
2022-01-05,A,128.62231003659844,2,1,5,113.93586750962432,118.1659999342758,136.24136807601042,127.5374791121077,125.49488772399907
2022-01-06,A,149.22613612940702,3,1,6,128.62231003659844,133.9776399444922,124.61795411361123,129.71583570995267,127.25261501084162
2022-01-07,A,153.33200187656936,4,1,7,149.22613612940702,150.38837528472513,134.76268596164715,130.13635379450187,128.57899471905034
2022-01-08,A,123.10608621460408,5,1,8,153.33200187656936,136.46118674715134,128.54183049443725,128.22848228985225,128.19072727049084
2022-01-09,A,100.74157417231972,6,1,9,123.10608621460408,123.03956309588912,130.26901340867033,125.0430553007709,126.08162446789436
2022-01-10,A,115.92281234498324,0,1,10,100.74157417231972,106.33741116627338,110.02940488698522,126.41239832630087,126.50258214346563
2022-01-11,A,121.2825885141526,1,1,11,115.92281234498324,113.93586750962432,117.7791855516059,127.46192989837634,126.75282521221898
2022-01-12,A,119.26244327132048,2,1,12,121.2825885141526,128.62231003659844,118.1659999342758,126.1248060747652,126.83114259343645
2022-01-13,A,128.19538383443242,3,1,13,119.26244327132048,149.22613612940702,133.9776399444922,123.12041288976884,126.41812429986076
2022-01-14,A,147.7382842591419,4,1,14,128.19538383443242,153.33200187656936,150.38837528472513,122.32131037299348,126.22883208374768
2022-01-15,A,143.58183805061296,5,1,15,147.7382842591419,123.10608621460408,136.46118674715134,125.24641777813761,126.73745003399495
2022-01-16,A,133.17054886459155,6,1,16,143.58183805061296,100.74157417231972,123.03956309588912,129.87912844846215,127.46109187461653
2022-01-17,A,112.10929981065294,0,1,17,133.17054886459155,115.92281234498324,106.33741116627338,129.33434094355783,127.87336963492938
2022-01-18,A,108.87712426544137,1,1,18,112.10929981065294,121.2825885141526,113.93586750962432,127.5621317651705,127.51203083177344
2022-01-19,A,120.35245252481792,2,1,19,108.87712426544137,119.26244327132048,128.62231003659844,127.71784737281301,126.92132672378911
2022-01-20,A,143.23574749023248,3,1,20,120.35245252481792,128.19538383443242,149.22613612940702,129.86647075221302,126.49344182099094
2022-01-21,A,144.6219581300724,4,1,21,143.23574749023248,147.7382842591419,153.33200187656936,129.42128130520308,125.87129583909828
2022-01-22,A,128.08465906404862,5,1,22,144.6219581300724,143.58183805061296,123.10608621460408,127.20739859283675,126.22690818548719
2022-01-23,A,135.24990796209377,6,1,23,128.08465906404862,133.17054886459155,100.74157417231972,127.50444989247993,128.69178917047105
2022-01-24,A,122.33033652048856,0,1,24,135.24990796209377,112.10929981065294,115.92281234498324,128.964597993885,129.14946946872143
2022-01-25,A,121.00931737663872,1,1,25,122.33033652048856,108.87712426544137,121.2825885141526,130.6977684383418,129.12995010175615
2022-01-26,A,120.20076438509572,2,1,26,121.00931737663872,120.35245252481792,119.26244327132048,130.67609870409575,129.1969730384544
2022-01-27,A,150.0543618213167,3,1,27,120.20076438509572,143.23574749023248,128.19538383443242,131.6501864656792,130.7583286089461
2022-01-28,A,152.20315710720732,4,1,28,150.0543618213167,144.6219581300724,147.7382842591419,132.73321489098421,131.07724809809363
2022-01-29,A,139.81563737358002,5,1,29,152.20315710720732,128.08465906404862,143.58183805061296,134.40906893520295,130.80823376401986
2022-01-30,A,128.9272549616061,6,1,30,139.81563737358002,135.24990796209377,133.17054886459155,133.50583279227618,130.50514134237804
2022-01-31,A,113.20202851687138,0,1,31,128.9272549616061,122.33033652048856,112.10929981065294,132.2017887917594,130.5831933928222
2022-02-01,A,117.9111118687012,1,2,32,113.20202851687138,121.00931737663872,108.87712426544137,131.7591880049112,131.2284782216265
2022-02-02,A,132.73288790461606,2,2,33,117.9111118687012,120.20076438509572,120.35245252481792,133.54949136484268,132.11279503446923
2022-02-03,A,146.01060856102512,3,2,34,132.73288790461606,150.0543618213167,143.23574749023248,132.97181232765817,132.31099939666868
2022-02-04,A,132.88732686358082,4,2,35,146.01060856102512,152.20315710720732,144.6219581300724,130.2124080071401,131.47281144906216
2022-02-05,A,137.01431106930457,5,2,36,132.88732686358082,139.81563737358002,128.08465906404862,129.81221853510075,132.11064373515188
2022-02-06,A,114.55046722453336,6,2,37,137.01431106930457,128.9272549616061,135.24990796209377,127.75839171551893,130.63211225389756
2022-02-07,A,97.95040178293117,0,2,38,114.55046722453336,113.20202851687138,122.33033652048856,125.57958789638461,128.890688344072
2022-02-08,A,125.51560100274293,1,2,39,97.95040178293117,117.9111118687012,121.00931737663872,126.665943486962,129.21256574593662
2022-02-09,A,141.53967043479366,2,2,40,125.51560100274293,132.73288790461606,120.20076438509572,127.92405527698737,130.73677332091503
2022-02-10,A,154.22811216944294,3,2,41,141.53967043479366,146.01060856102512,150.0543618213167,129.0979843639042,131.0348983457812
2022-02-11,A,149.26799330621145,4,2,42,154.22811216944294,132.88732686358082,152.20315710720732,131.4380795699943,130.8252437885672
2022-02-12,A,147.2204134877118,5,2,43,149.26799330621145,137.01431106930457,139.81563737358002,132.89609420119533,131.35415636814804
2022-02-13,A,119.16649841021142,6,2,44,147.2204134877118,114.55046722453336,128.9272549616061,133.55552722772077,130.65695947161984
2022-02-14,A,109.88157772930374,0,2,45,119.16649841021142,97.95040178293117,113.20202851687138,135.2599809343454,130.419784415365
2022-02-15,A,103.38336715471024,1,2,46,109.88157772930374,125.51560100274293,117.9111118687012,132.09823324176932,129.38208836436567
2022-02-16,A,130.9537082137661,2,2,47,103.38336715471024,141.53967043479366,132.73288790461606,130.58595292447967,129.25500410073352
2022-02-17,A,143.9075048645432,3,2,48,130.9537082137661,154.22811216944294,146.01060856102512,129.11158045235115,129.10478240812768
2022-02-18,A,136.8751391067589,4,2,49,143.9075048645432,149.26799330621145,132.88732686358082,127.3411727095722,129.38962613978325
2022-02-19,A,136.07590569562825,5,2,50,136.8751391067589,147.2204134877118,137.01431106930457,125.74910016784598,129.32259718452065
2022-02-20,A,118.50230652461074,6,2,51,136.07590569562825,119.16649841021142,114.55046722453336,125.65421561276017,129.60487142024047
2022-02-21,A,122.70975891734828,0,2,52,118.50230652461074,109.88157772930374,97.95040178293117,127.48681292533796,131.3733969298417
2022-02-22,A,119.35491481658462,1,2,53,122.70975891734828,103.38336715471024,125.51560100274293,129.76846259132,130.93334791654468
2022-02-23,A,127.93941136057902,2,2,54,119.35491481658462,130.9537082137661,141.53967043479366,129.33784875515042,129.96190083981506
2022-02-24,A,145.48478598562775,3,2,55,127.93941136057902,143.9075048645432,154.22811216944294,129.56317462959106,129.3373775409711
2022-02-25,A,147.72012513633786,4,2,56,145.48478598562775,136.8751391067589,149.26799330621145,131.11245834810236,129.22681552883728
2022-02-26,A,134.932240781865,5,2,57,147.72012513633786,136.07590569562825,147.2204134877118,130.94907764613617,128.34908890699108
2022-02-27,A,110.55079552643144,6,2,58,134.932240781865,118.50230652461074,119.16649841021142,129.81314750353914,127.73368155814966
2022-02-28,A,107.19092463340588,0,2,59,110.55079552643144,122.70975891734828,109.88157772930374,127.59617117726165,127.54149205129981
2022-03-01,A,106.30249220532704,1,3,60,107.19092463340588,119.35491481658462,103.38336715471024,125.73153937565344,127.75000098348671
2022-03-02,A,117.91539360653177,2,3,61,106.30249220532704,127.93941136057902,130.9537082137661,124.29953683936095,126.8186927972557
2022-03-03,A,147.65433209366918,3,3,62,117.91539360653177,145.48478598562775,143.9075048645432,124.6094719976526,127.08632331362183
2022-03-04,A,150.5666134610403,4,3,63,147.65433209366918,147.72012513633786,136.8751391067589,125.01611318689581,128.06428576749906
2022-03-05,A,122.33196263935524,5,3,64,150.5666134610403,134.932240781865,136.07590569562825,123.21607345225155,127.08257554919386
2022-03-06,A,118.29880607564718,6,3,65,122.33196263935524,110.55079552643144,118.50230652461074,124.3229321021395,127.06803980283932
2022-03-07,A,116.43502081153088,0,3,66,118.29880607564718,107.19092463340588,122.70975891734828,125.64351727044308,126.61984422385237
2022-03-08,A,120.81513823978752,1,3,67,116.43502081153088,106.30249220532704,119.35491481658462,127.71675241822314,126.72414589693828
2022-03-09,A,136.1946827310685,2,3,68,120.81513823978752,117.91539360653177,127.93941136057902,130.32807943601412,127.31380813768753
2022-03-10,A,143.94593330256893,3,3,69,136.1946827310685,147.65433209366918,145.48478598562775,129.79830818014264,127.20389008889762
2022-03-11,A,140.74620362789142,4,3,70,143.94593330256893,150.5666134610403,147.72012513633786,128.3953924896928,126.7057528382943
2022-03-12,A,128.02610218150585,5,3,71,140.74620362789142,122.33196263935524,134.932240781865,129.20884099571433,126.21245722398294
2022-03-13,A,122.10719248368152,6,3,72,128.02610218150585,118.29880607564718,110.55079552643144,129.75289619686208,127.0379141495008
2022-03-14,A,111.57372006932296,0,3,73,122.10719248368152,116.43502081153088,107.19092463340588,129.05842466226096,127.35097096635202
2022-03-15,A,122.71006729152728,1,3,74,111.57372006932296,120.81513823978752,106.30249220532704,129.3291288125095,128.5229406153663
2022-03-16,A,136.85789526079287,2,3,75,122.71006729152728,136.1946827310685,117.91539360653177,129.42387345961296,129.87597644781354
2022-03-17,A,142.6468684651777,3,3,76,136.85789526079287,143.94593330256893,147.65433209366918,129.23829276855707,129.51830047434987
2022-03-18,A,137.62298929082732,4,3,77,142.6468684651777,140.74620362789142,150.5666134610403,128.79211929183364,128.59375589076322
2022-03-19,A,134.21291009435154,5,3,78,137.62298929082732,128.02610218150585,122.33196263935524,129.67594899366875,129.44239499469154
2022-03-20,A,121.15827287423126,6,3,79,134.21291009435154,122.10719248368152,118.29880607564718,129.54038904946157,129.64664262316182
2022-03-21,A,106.9928839013566,0,3,80,121.15827287423126,111.57372006932296,116.43502081153088,128.88598388260922,128.9722042724351
2022-03-22,A,107.85833560413673,1,3,81,106.9928839013566,122.71006729152728,120.81513823978752,126.76430792726772,128.04671836988862
2022-03-23,A,130.15120664788734,2,3,82,107.85833560413673,136.85789526079287,136.1946827310685,125.8062095539955,127.61504150680425
2022-03-24,A,139.74310585621342,3,3,83,130.15120664788734,142.6468684651777,143.94593330256893,125.39138632414347,127.31483954635029
2022-03-25,A,142.62217772198144,4,3,84,139.74310585621342,137.62298929082732,140.74620362789142,126.10555610002261,127.44883769592812
2022-03-26,A,139.3274556149367,5,3,85,142.62217772198144,134.21291009435154,128.02610218150585,126.83620546010623,128.2560772268875
2022-03-27,A,116.27455274478388,6,3,86,139.3274556149367,121.15827287423126,122.10719248368152,126.13853115589946,127.8394601026805
2022-03-28,A,110.6324550463688,0,3,87,116.27455274478388,106.9928839013566,111.57372006932296,126.65846989090119,127.7722268867552
2022-03-29,A,114.73719072164477,1,3,88,110.6324550463688,107.85833560413673,122.71006729152728,127.64116347911661,127.20273570319218
2022-03-30,A,119.08276618946516,2,3,89,114.73719072164477,130.15120664788734,136.85789526079287,126.05995769934202,125.93308362666878
2022-03-31,A,139.9949088666448,3,3,90,119.08276618946516,139.74310585621342,142.6468684651777,126.09592955797507,125.74365794105927
2022-04-01,A,159.21899198118683,4,4,91,139.9949088666448,142.62217772198144,137.62298929082732,128.46690302357587,127.28622956179925
2022-04-02,A,127.60926690870537,5,4,92,159.21899198118683,139.3274556149367,134.21291009435154,126.7928760655428,126.8145407628245
2022-04-03,A,102.62732786412371,6,4,93,127.60926690870537,116.27455274478388,121.15827287423126,124.84327251116278,125.49090183353111
2022-04-04,A,93.85492877867206,0,4,94,102.62732786412371,110.6324550463688,106.9928839013566,122.44648304434895,124.55247646762507
2022-04-05,A,112.85450818151092,1,4,95,93.85492877867206,114.73719072164477,107.85833560413673,122.1775283957584,124.90934593743751
2022-04-06,A,128.515606492529,2,4,96,112.85450818151092,119.08276618946516,130.15120664788734,123.52507701048182,124.79251735491191
2022-04-07,A,142.97402108423694,3,4,97,128.515606492529,139.9949088666448,139.74310585621342,123.95066447013785,125.02329701405645
2022-04-08,A,157.50036516335328,4,4,98,142.97402108423694,159.21899198118683,142.62217772198144,123.70514635330447,126.08602468844016
2022-04-09,A,115.5932976158266,5,4,99,157.50036516335328,127.60926690870537,139.3274556149367,121.98857931146465,124.39072768850372
2022-04-10,A,122.79810452140504,6,4,100,115.5932976158266,102.62732786412371,116.27455274478388,124.8701188339334,124.85669567254808
2022-04-11,A,121.31126568911093,0,4,101,122.79810452140504,93.85492877867206,110.6324550463688,128.79245267828182,125.61946786131539
2022-04-12,A,103.66945255983508,1,4,102,121.31126568911093,112.85450818151092,114.73719072164477,127.48030187518528,124.82891513547183
2022-04-13,A,125.29988624402016,2,4,103,103.66945255983508,128.515606492529,119.08276618946516,127.02091326825543,125.27299513936862
2022-04-14,A,137.96184265988015,3,4,104,125.29988624402016,142.97402108423694,139.9949088666448,126.3048877790616,125.12777612459972
2022-04-15,A,140.70214823337471,4,4,105,137.96184265988015,157.50036516335328,159.21899198118683,123.90514250335036,123.80514442832741
2022-04-16,A,134.43594711053422,5,4,106,140.70214823337471,115.5932976158266,127.60926690870537,126.5969495740229,124.29276444274376
2022-04-17,A,131.12058586550287,6,4,107,134.43594711053422,122.79810452140504,102.62732786412371,127.78587548032259,126.32799715712801
2022-04-18,A,123.58892354865216,0,4,108,131.12058586550287,121.31126568911093,93.85492877867206,128.11125517454278,128.4518539264123
2022-04-19,A,110.074254948716,1,4,109,123.58892354865216,103.66945255983508,112.85450818151092,129.0262269443829,128.2532644097841
2022-04-20,A,143.64889012092473,2,4,110,110.074254948716,125.29988624402016,128.515606492529,131.6475132125121,129.33421324038378
2022-04-21,A,144.33965988365588,3,4,111,143.64889012092473,137.96184265988015,142.97402108423694,132.5586299587658,129.4317588689137
2022-04-22,A,161.95651488567373,4,4,112,144.33965988365588,140.70214823337471,157.50036516335328,135.59496805195135,129.7500552776509
2022-04-23,A,136.36972402356105,5,4,113,161.95651488567373,134.43594711053422,115.5932976158266,135.8712218966695,131.2340857353462
2022-04-24,A,120.81923627446643,6,4,114,136.36972402356105,131.12058586550287,122.79810452140504,134.39960052652143,131.092738003422
2022-04-25,A,111.8836959959648,0,4,115,120.81923627446643,123.58892354865216,121.31126568911093,132.7274251618518,130.41934016819727
2022-04-26,A,138.26266825404727,1,4,116,111.8836959959648,110.074254948716,103.66945255983508,136.7543413483277,132.8902841463553
2022-04-27,A,135.2887630772369,2,4,117,138.26266825404727,143.64889012092473,125.29988624402016,135.56003748494373,133.6037753487279
2022-04-28,A,138.46700189823702,3,4,118,135.2887630772369,144.33965988365588,137.96184265988015,134.7210863441696,133.63985815146768
2022-04-29,A,155.7490397043421,4,4,119,138.46700189823702,161.95651488567373,140.70214823337471,133.83430417540794,134.71463611367966
2022-04-30,A,134.29152299418672,5,4,120,155.7490397043421,136.36972402356105,134.43594711053422,133.53741831406876,134.70432010536913
2022-05-01,A,115.92284227295808,6,5,121,134.29152299418672,120.81923627446643,131.12058586550287,132.83793345671043,133.61876699161593
2022-05-02,A,116.2987811640292,0,5,122,115.92284227295808,111.8836959959648,123.58892354865216,133.46865990929103,133.09804253557144
2022-05-03,A,113.150593591346,1,5,123,116.2987811640292,138.26266825404727,110.074254948716,129.8812206717623,133.31778101004497
2022-05-04,A,130.77715586464268,2,5,124,113.150593591346,135.2887630772369,143.64889012092473,129.2367053556774,132.39837142031055
2022-05-05,A,144.30706998284086,3,5,125,130.77715586464268,138.46700189823702,144.33965988365588,130.07100079633508,132.39604357025235
2022-05-06,A,150.75979182504892,4,5,126,144.30706998284086,155.7490397043421,161.95651488567373,129.3582510992932,131.59627763735057
2022-05-07,A,140.65598054042113,5,5,127,150.75979182504892,134.29152299418672,136.36972402356105,130.26745932018383,131.9024388171263
2022-05-08,A,104.41517834459286,6,5,128,140.65598054042113,115.92284227295808,120.81923627446643,128.62350733041737,130.7307203935639
2022-05-09,A,114.43262170383824,0,5,129,104.41517834459286,116.2987811640292,111.8836959959648,128.35691312181868,130.91278651555484
2022-05-10,A,105.11582360060558,1,5,130,114.43262170383824,113.150593591346,138.26266825404727,127.20908883742719,128.54515475459473
2022-05-11,A,117.0802255341426,2,5,131,105.11582360060558,130.77715586464268,135.2887630772369,125.25238450449858,127.244544930088
2022-05-12,A,143.7979683271203,3,5,132,117.0802255341426,144.30706998284086,138.46700189823702,125.1796556965385,127.6253282464368
2022-05-13,A,148.80904490879072,4,5,133,143.7979683271203,150.75979182504892,155.7490397043421,124.90097756564448,127.12961433246885
2022-05-14,A,131.77827411442212,5,5,134,148.80904490879072,140.65598054042113,134.29152299418672,123.63273379050179,126.95009655534281
2022-05-15,A,126.62923873765044,6,5,135,131.77827411442212,104.41517834459286,115.92284227295808,126.80617098951,127.7148391599637
2022-05-16,A,98.43270909406488,0,5,136,126.62923873765044,114.43262170383824,116.2987811640292,124.5204691881138,126.43869115496624
2022-05-17,A,109.78649903913733,1,5,137,98.43270909406488,105.11582360060558,113.150593591346,125.18770853647548,126.19839868695132
2022-05-18,A,124.0096956092235,2,5,138,109.78649903913733,117.0802255341426,130.77715586464268,126.1776328329156,125.71500866870711
2022-05-19,A,143.9626301853448,3,5,139,124.0096956092235,143.7979683271203,144.30706998284086,126.20115595551911,125.69040582602882
2022-05-20,A,150.43818122952317,4,5,140,143.9626301853448,148.80904490879072,150.75979182504892,126.43388971562375,125.66743364063412
2022-05-21,A,129.33324990408244,5,5,141,150.43818122952317,131.77827411442212,140.65598054042113,126.08460054271809,124.85866716660993
2022-05-22,A,125.84531536602896,6,5,142,129.33324990408244,126.62923873765044,104.41517834459286,125.97261148962927,126.38939123956963
2022-05-23,A,109.7441994417799,0,5,143,125.84531536602896,98.43270909406488,114.43262170383824,127.58853868216,126.05450393513692
2022-05-24,A,97.97654907289233,1,5,144,109.7441994417799,109.78649903913733,105.11582360060558,125.90140297269645,125.54455575458597
2022-05-25,A,113.0900272355809,2,5,145,97.97654907289233,124.0096956092235,117.0802255341426,124.34145034789036,125.25954159040297
2022-05-26,A,144.30684407469485,3,5,146,113.0900272355809,143.9626301853448,143.7979683271203,124.39062376065465,125.29588985808687
2022-05-27,A,146.5095984801246,4,5,147,144.30684407469485,150.43818122952317,148.80904490879072,123.82939765359772,125.13164368461072
2022-05-28,A,136.63910266254422,5,5,148,146.5095984801246,129.33324990408244,131.77827411442212,124.87309090480653,125.4788457237623
2022-05-29,A,119.89726436420786,6,5,149,136.63910266254422,125.84531536602896,126.62923873765044,124.02336933311781,124.99799041137354
2022-05-30,A,111.11472928125391,0,5,150,119.89726436420786,109.7441994417799,98.43270909406488,124.21915931018552,125.90384899617277
2022-05-31,A,120.7633860482438,1,5,151,111.11472928125391,97.97654907289233,109.78649903913733,127.47442173523574,126.6879123539661
2022-06-01,A,119.93998962148632,2,6,152,120.7633860482438,113.0900272355809,124.0096956092235,128.45298779036506,126.39721906912771
2022-06-02,A,135.09969574499138,3,6,153,119.93998962148632,144.30684407469485,143.9626301853448,127.13768088612173,125.76415232338819
2022-06-03,A,139.60081622938603,4,6,154,135.09969574499138,146.5095984801246,150.43818122952317,126.15071199315909,124.99005482337839
2022-06-04,A,139.84786697855935,5,6,155,139.60081622938603,136.63910266254422,129.33324990408244,126.60910689544696,125.74109890012674
2022-06-05,A,130.15077311568956,6,6,156,139.84786697855935,119.89726436420786,125.84531536602896,128.07389385994435,126.04863159653108
2022-06-06,A,105.92960512932603,0,6,157,130.15077311568956,111.11472928125391,109.7441994417799,127.33316183824036,125.77616057421294
2022-06-07,A,93.23866048625138,1,6,158,105.92960512932603,120.7633860482438,97.97654907289233,123.40105818652715,125.43773996088144
2022-06-08,A,115.26695599801567,2,6,159,93.23866048625138,119.93998962148632,113.0900272355809,122.73348195460278,125.59323487248392
2022-06-09,A,137.88124477590085,3,6,160,115.26695599801567,135.09969574499138,144.30684407469485,123.13084610187556,125.13426349399865
2022-06-10,A,143.95564606259353,4,6,161,137.88124477590085,139.60081622938603,146.5095984801246,123.75296464947662,124.95183832131785
2022-06-11,A,134.33949469324233,5,6,162,143.95564606259353,139.84786697855935,136.63910266254422,122.96605432300278,124.78758060922486
2022-06-12,A,120.56991314043582,6,6,163,134.33949469324233,130.15077311568956,119.89726436420786,121.59736004082366,124.83562695038401
2022-06-13,A,106.95642005873324,0,6,164,120.56991314043582,105.92960512932603,111.11472928125391,121.74404788788183,124.5386048630611
2022-06-14,A,121.71704619394568,1,6,165,106.95642005873324,93.23866048625138,120.7633860482438,125.81238870326673,124.60672344489694
2022-06-15,A,123.5608305235174,2,6,166,121.71704619394568,115.26695599801567,119.93998962148632,126.99722792119555,124.86535493789916
2022-06-16,A,137.71706495253437,3,6,167,123.5608305235174,137.88124477590085,135.09969574499138,126.97377366071461,125.05230988129509
2022-06-17,A,152.3185515407891,4,6,168,137.71706495253437,143.95564606259353,139.60081622938603,128.16847444331398,125.96071954639531
2022-06-18,A,125.39153722194165,5,6,169,152.3185515407891,134.33949469324233,139.84786697855935,126.89019480455674,124.92812456377976
2022-06-19,A,123.44886786921894,6,6,170,125.39153722194165,120.56991314043582,130.15077311568956,127.30147405152577,124.44941704617472
2022-06-20,A,110.34088624519312,0,6,171,123.44886786921894,106.95642005873324,105.92960512932603,127.78496922102003,124.76450855445093
2022-06-21,A,112.21285946032287,1,6,172,110.34088624519312,121.71704619394568,93.23866048625138,126.42722825907391,126.11980848117032
2022-06-22,A,141.7452478962321,2,6,173,112.21285946032287,123.5608305235174,115.26695599801567,129.02500216946174,128.01111504532864
2022-06-23,A,139.70801913605078,3,6,174,141.7452478962321,137.71706495253437,137.88124477590085,129.30942419567836,128.14159892819652
2022-06-24,A,165.0400026668887,4,6,175,139.70801913605078,152.3185515407891,143.95564606259353,131.12677435654973,129.64762439993186
2022-06-25,A,135.94329225759626,5,6,176,165.0400026668887,125.39153722194165,134.33949469324233,132.63416793307184,129.76218136881428
2022-06-26,A,110.18527273696756,6,6,177,135.94329225759626,123.44886786921894,120.56991314043582,130.7393686284645,129.02042133999512
2022-06-27,A,110.14988749341174,0,6,178,110.18527273696756,110.34088624519312,106.95642005873324,130.7120830924957,129.24852615675786
2022-06-28,A,104.8525078471893,1,6,179,110.14988749341174,112.21285946032287,121.71704619394568,129.6606042906195,128.0439162748467
2022-06-29,A,123.09506232660188,2,6,180,104.8525078471893,141.7452478962321,123.5608305235174,126.9962920663866,128.01064711792418
2022-06-30,A,147.9320151686037,3,6,181,123.09506232660188,139.70801913605078,137.71706495253437,128.1711486424656,128.74028641907196
2022-07-01,A,153.07234408196672,4,7,182,147.9320151686037,165.0400026668887,152.3185515407891,126.46148313033386,128.7941287434418
2022-07-02,A,132.83947231945538,5,7,183,153.07234408196672,135.94329225759626,125.39153722194165,126.01808028202802,129.32612410754993
2022-07-03,A,128.370715527169,6,7,184,132.83947231945538,110.18527273696756,123.44886786921894,128.61600068062825,129.67768465454637
2022-07-04,A,118.92066297969188,0,7,185,128.370715527169,110.14988749341174,110.34088624519312,129.86896860723968,130.2905258498677
2022-07-05,A,125.02295357231414,1,7,186,118.92066297969188,104.8525078471893,112.21285946032287,132.7504608536861,131.2055325721528
2022-07-06,A,133.4144864361853,2,7,187,125.02295357231414,123.09506232660188,141.7452478962321,134.2246642979123,130.61047818214945
2022-07-07,A,155.73324853523516,3,7,188,133.4144864361853,147.9320151686037,139.70801913605078,135.3391262074311,131.75513742494834
2022-07-08,A,133.65137001904344,4,7,189,155.73324853523516,153.07234408196672,165.0400026668887,132.56470134129918,129.51309223581654
2022-07-09,A,135.3436316025322,5,7,190,133.65137001904344,132.83947231945538,135.94329225759626,132.92243838173871,129.4702593318834
2022-07-10,A,113.60550238628085,6,7,191,135.3436316025322,128.370715527169,110.18527273696756,130.8131222187547,129.71456144969147
2022-07-11,A,110.6844778746121,0,7,192,113.60550238628085,118.92066297969188,110.14988749341174,129.63652434660045,129.7527464769201
2022-07-12,A,109.03101583630372,1,7,193,110.6844778746121,125.02295357231414,104.8525078471893,127.3519618128847,130.05121133328538
2022-07-13,A,127.91998651365132,2,7,194,109.03101583630372,133.4144864361853,123.09506232660188,126.5670332525227,130.3958487752175
2022-07-14,A,159.95328795025176,3,7,195,127.91998651365132,155.73324853523516,147.9320151686037,127.16989602609648,131.25451111676378
2022-07-15,A,147.41006914154306,4,7,196,159.95328795025176,133.65137001904344,153.07234408196672,129.13542447216787,130.8500629067335
2022-07-16,A,141.26729259915416,5,7,197,147.41006914154306,135.3436316025322,132.83947231945538,129.98166175739956,131.45205006956914
2022-07-17,A,118.75345986754482,6,7,198,141.26729259915416,113.60550238628085,128.370715527169,130.717084254723,130.76510323673887
2022-07-18,A,110.4064473593178,0,7,199,118.75345986754482,110.6844778746121,118.92066297969188,130.67736560968095,130.15694497814073
2022-07-19,A,113.720813103436,1,7,200,110.4064473593178,109.03101583630372,125.02295357231414,131.3473366478427,129.3496492303637
2022-07-20,A,132.9059118471041,2,7,201,113.720813103436,127.91998651365132,133.4144864361853,132.05961169547882,129.31332247400073
2022-07-21,A,154.2884192630666,3,7,202,132.9059118471041,159.95328795025176,155.73324853523516,131.25034474016664,129.21012038313157
2022-07-22,A,162.01704956380289,4,7,203,154.2884192630666,147.41006914154306,133.65137001904344,133.33705622906092,131.2362403506144
2022-07-23,A,140.50398478697622,5,7,204,162.01704956380289,141.26729259915416,135.3436316025322,133.22801225589265,131.60483700664608
2022-07-24,A,125.39805966529194,6,7,205,140.50398478697622,118.75345986754482,113.60550238628085,134.17724079842793,132.44716252657548
2022-07-25,A,100.66389505224824,0,7,206,125.39805966529194,110.4064473593178,110.6844778746121,132.78544761170372,131.73140661069232
2022-07-26,A,113.03973579069368,1,7,207,100.66389505224824,113.720813103436,109.03101583630372,132.68815085274053,132.0177437502916
2022-07-27,A,136.91170510845714,2,7,208,113.03973579069368,132.9059118471041,127.91998651365132,133.2604070329338,132.66000936420633
2022-07-28,A,151.96377815609762,3,7,209,136.91170510845714,154.2884192630666,159.95328795025176,132.92831544622396,132.08933009319531
2022-07-29,A,150.60084551540632,4,7,210,151.96377815609762,162.01704956380289,147.41006914154306,131.29742915359586,132.3172426913284
2022-07-30,A,145.18824587831494,5,7,211,150.60084551540632,140.50398478697622,141.26729259915416,131.96660930950142,132.597310782697
2022-07-31,A,124.67788831902814,6,7,212,145.18824587831494,125.39805966529194,118.75345986754482,131.8637276886066,133.02048424351725
2022-08-01,A,119.54333126187753,0,8,213,124.67788831902814,100.66389505224824,110.4064473593178,134.56079000426791,133.6731188079858
2022-08-02,A,116.12769305574533,1,8,214,119.54333126187753,113.03973579069368,113.720813103436,135.00192675641816,133.84503880457933
2022-08-03,A,126.6138729348898,2,8,215,116.12769305574533,136.91170510845714,132.9059118471041,133.53080787447996,133.39560745370687
2022-08-04,A,147.79282917429435,3,8,216,126.6138729348898,151.96377815609762,154.2884192630666,132.93495801993663,132.9316367330803
2022-08-05,A,125.53328271629388,4,8,217,147.79282917429435,150.60084551540632,162.01704956380289,129.35387762006343,130.32565338682966
2022-08-06,A,141.23025016292218,5,8,218,125.53328271629388,145.18824587831494,140.50398478697622,128.7884496607216,130.37752948511152
2022-08-07,A,91.63452211543182,6,8,219,141.23025016292218,124.67788831902814,125.39805966529194,124.06796877449355,127.96584823155005
2022-08-08,A,96.22324400662978,0,8,220,91.63452211543182,119.54333126187753,100.66389505224824,120.7365277380296,127.64865887114875
2022-08-09,A,117.4970386776861,1,8,221,96.22324400662978,116.12769305574533,113.03973579069368,120.93214854116398,127.96703764879108
2022-08-10,A,133.3497642276621,2,8,222,117.4970386776861,126.6138729348898,136.91170510845714,121.89441872584575,127.71261330016284
2022-08-11,A,135.87673894778055,3,8,223,133.3497642276621,147.79282917429435,151.96377815609762,120.19212012205806,126.56353907099735
2022-08-12,A,143.35129145815472,4,8,224,135.87673894778055,125.53328271629388,150.60084551540632,122.7375499423239,126.04571378119365
2022-08-13,A,149.20156225082525,5,8,225,143.35129145815472,141.23025016292218,145.18824587831494,123.87630881202435,126.33237923637297
2022-08-14,A,117.01965373463914,6,8,226,149.20156225082525,91.63452211543182,124.67788831902814,127.5027561861968,125.78536248034519
2022-08-15,A,128.02438383516716,0,8,227,117.01965373463914,96.22324400662978,119.54333126187753,132.04577616170215,126.39115194986587
2022-08-16,A,113.93760111481728,1,8,228,128.02438383516716,117.4970386776861,116.12769305574533,131.5372850812923,126.23471681122815
2022-08-17,A,132.8638890146475,2,8,229,113.93760111481728,133.3497642276621,126.6138729348898,131.46787433657593,126.68114653121084
2022-08-18,A,158.1812344469572,3,8,230,132.8638890146475,135.87673894778055,147.79282917429435,134.65423083645834,127.4231754792582
2022-08-19,A,150.16639479280323,4,8,231,158.1812344469572,143.35129145815472,125.53328271629388,135.6278170271224,129.18268348472313
2022-08-20,A,130.2885525664542,5,8,232,150.16639479280323,149.20156225082525,141.23025016292218,132.92595850078368,128.401133656404
2022-08-21,A,120.08414524373464,6,8,233,130.2885525664542,117.01965373463914,91.63452211543182,133.36374300208303,130.4332495941399
2022-08-22,A,109.86620551649224,0,8,234,120.08414524373464,128.02438383516716,96.22324400662978,130.76971752798661,131.40774684484438
2022-08-23,A,103.10509679268674,1,8,235,109.86620551649224,113.93760111481728,117.4970386776861,129.2222169105394,130.37975099591586
2022-08-24,A,127.62301309894268,2,8,236,103.10509679268674,132.8638890146475,133.3497642276621,128.47352035115298,129.9706973438645
2022-08-25,A,139.3787725770601,3,8,237,127.62301309894268,158.1812344469572,135.87673894778055,125.78745436973911,130.2208426030987
2022-08-26,A,156.58310999082553,4,8,238,139.3787725770601,150.16639479280323,143.35129145815472,126.7041279694566,131.16597249828948
2022-08-27,A,138.65426947553314,5,8,239,156.58310999082553,130.2885525664542,149.20156225082525,127.8992303850393,130.41259444291148
2022-08-28,A,118.76966893417884,6,8,240,138.65426947553314,120.08414524373464,117.01965373463914,127.71144805510276,130.5375955285929
2022-08-29,A,109.3717060311025,0,8,241,118.76966893417884,109.86620551649224,128.02438383516716,127.64080527147564,129.20526139973114
2022-08-30,A,115.87807622761838,1,8,242,109.3717060311025,103.10509679268674,113.93760111481728,129.46551661932304,129.34386676493122
2022-08-31,A,134.67425333725717,2,8,243,115.87807622761838,127.62301309894268,132.8638890146475,130.47283665336795,129.47317850226048
2022-09-01,A,137.38868156975434,3,9,244,134.67425333725717,139.3787725770601,158.1812344469572,130.18853793803856,127.98799615388884
2022-09-02,A,140.92561694242605,4,9,245,137.38868156975434,156.58310999082553,150.16639479280323,127.95175321683863,127.3279405931476
2022-09-03,A,147.28487827534178,5,9,246,140.92561694242605,138.65426947553314,130.2885525664542,129.184697331097,128.54196385806816
2022-09-04,A,117.80341001979204,6,9,247,147.28487827534178,118.76966893417884,120.08414524373464,129.04666034332746,128.37905419921512
2022-09-05,A,98.95649480537878,0,9,248,117.80341001979204,109.3717060311025,109.86620551649224,127.55877302536693,127.5997891484213
2022-09-06,A,117.7136718255037,1,9,249,98.95649480537878,115.87807622761838,103.10509679268674,127.82100096792199,128.6432587936225
2022-09-07,A,133.51676825807007,2,9,250,117.7136718255037,134.67425333725717,127.62301309894268,127.65564595660953,129.06424130498874
2022-09-08,A,133.21072741112556,3,9,251,133.51676825807007,137.38868156975434,139.3787725770601,127.05879536251972,128.62366665027915
2022-09-09,A,151.16424179717524,4,9,252,133.21072741112556,140.92561694242605,156.58310999082553,128.5214560560553,128.23660463644697
2022-09-10,A,144.402179361619,5,9,253,151.16424179717524,147.28487827534178,138.65426947553314,128.10964192552348,128.64716962831022
2022-09-11,A,124.16726668115044,6,9,254,144.402179361619,117.80341001979204,118.76966893417884,129.01876430571755,129.0327123245225
2022-09-12,A,115.41715348631512,0,9,255,124.16726668115044,98.95649480537878,109.3717060311025,131.37028697442273,129.46452999989484
2022-09-13,A,102.99908743578408,1,9,256,115.41715348631512,117.7136718255037,115.87807622761838,129.26820349017706,128.54460222904953
2022-09-14,A,132.52820111985002,2,9,257,102.99908743578408,133.51676825807007,134.67425333725717,129.1269796132885,128.391312784949
2022-09-15,A,143.10556146348685,3,9,258,132.52820111985002,133.21072741112556,137.38868156975434,130.54052733505438,128.79966134878705
2022-09-16,A,145.53613687373942,4,9,259,143.10556146348685,151.16424179717524,140.92561694242605,129.73651234599214,129.1289842010237
2022-09-17,A,145.5520295676182,5,9,260,145.53613687373942,144.402179361619,147.28487827534178,129.90077666113487,129.0052092933292
2022-09-18,A,133.0764412229626,6,9,261,145.5520295676182,124.16726668115044,117.80341001979204,131.17351588139374,130.09614009355565
2022-09-19,A,124.78633212309649,0,9,262,133.0764412229626,115.41715348631512,98.95649480537878,132.51196997236252,131.94112847339264
2022-09-20,A,124.82177326262712,1,9,263,124.78633212309649,102.99908743578408,117.7136718255037,135.62949651905438,132.44885000461574
2022-09-21,A,129.07207649690864,2,9,264,124.82177326262712,132.52820111985002,133.51676825807007,135.13576443006275,132.13137202167562
2022-09-22,A,148.418350913531,3,9,265,129.07207649690864,143.10556146348685,133.21072741112556,135.89473435149765,133.21763084327603
2022-09-23,A,155.60311118788067,4,9,266,148.418350913531,145.53613687373942,151.16424179717524,137.3328735392321,133.5346929426121
2022-09-24,A,139.62707835672657,5,9,267,155.60311118788067,145.5520295676182,144.402179361619,136.48645193767615,133.1936142994055
2022-09-25,A,122.35842871093156,6,9,268,139.62707835672657,133.0764412229626,124.16726668115044,134.95530729310028,133.064411587247
2022-09-26,A,117.09146681137324,0,9,269,122.35842871093156,124.78633212309649,115.41715348631512,133.85604081999696,133.18400539617974
2020-01-15,B,191.77979046344973,2,1,15,171.2527377352881,197.0713383668892,199.52573883179255,197.9863371670639,199.086669416636
2020-01-16,B,207.61841851408417,3,1,16,191.77979046344973,221.76669503847913,209.81234416838132,195.96515480643603,198.9299604413291
2020-01-17,B,220.0761049530569,4,1,17,207.61841851408417,222.6193891613937,216.2027937369696,195.60182849095938,199.20662552819246
2020-01-18,B,206.65704090815143,5,1,18,220.0761049530569,198.89927018715943,213.77898783425113,196.7100814511011,198.69791503347105
2020-01-19,B,188.8078496567043,6,1,19,206.65704090815143,202.97087365724897,191.38631158728856,194.68679230816613,198.51373918128644
2020-01-20,B,185.64924767041356,0,1,20,188.8078496567043,176.61560392642835,183.2731716213603,195.97731284302117,198.683458899076
2020-01-21,B,187.28257344038124,1,1,21,185.64924767041356,171.2527377352881,189.78406434831695,198.2672893723202,198.50478097708057
2020-01-22,B,202.73859317536449,2,1,22,187.28257344038124,191.77979046344973,197.0713383668892,199.83283261687944,198.9095848919717
2020-01-23,B,219.13547752821032,3,1,23,202.73859317536449,207.61841851408417,221.76669503847913,201.4781267617546,198.72164078409534
2020-01-24,B,224.6578658178846,4,1,24,219.13547752821032,220.0761049530569,222.6193891613937,202.13266402815856,198.86724625955895
2020-01-25,B,192.05428828837188,5,1,25,224.6578658178846,206.65704090815143,198.89927018715943,200.04655651104719,198.37831898107416
2020-01-26,B,188.65706944978345,6,1,26,192.05428828837188,188.8078496567043,202.97087365724897,200.02501648148706,197.35590439482664
2020-01-27,B,163.32002150070798,0,1,27,188.65706944978345,185.64924767041356,176.61560392642835,196.83512702867196,196.4062199358466
2020-01-28,B,184.922120035292,1,1,28,163.32002150070798,187.28257344038124,171.2527377352881,196.49791939937353,197.38260438584686
2020-01-29,B,200.2432165024855,2,1,29,184.922120035292,202.73859317536449,191.77979046344973,196.1414370175337,197.98713481720657
2020-01-30,B,224.2911781379683,3,1,30,200.2432165024855,219.13547752821032,207.61841851408417,196.87796567607054,199.17804621891258
2020-01-31,B,229.29993368570575,4,1,31,224.2911781379683,224.6578658178846,220.0761049530569,197.54111822861643,199.83689112838746
2020-02-01,B,210.6101854786804,5,2,32,229.29993368570575,192.05428828837188,206.65704090815143,200.19196068437478,200.119258597711
2020-02-02,B,187.639756918794,6,2,33,210.6101854786804,188.65706944978345,188.8078496567043,200.04663032280487,200.03582340214598
2020-02-03,B,184.71306098705975,0,2,34,187.639756918794,163.32002150070798,185.64924767041356,203.1027788208551,199.96895292476353
2020-02-04,B,180.48036959238524,1,2,35,184.71306098705975,184.922120035292,187.28257344038124,202.468243043297,199.48308122133523
2020-02-05,B,200.3392091388035,2,2,36,180.48036959238524,200.2432165024855,202.73859317536449,202.4819562770567,199.31169664729518
2020-02-06,B,223.88608054540708,3,2,37,200.3392091388035,224.2911781379683,219.13547752821032,202.4240851924051,199.65102543423782
2020-02-07,B,215.40675784609147,4,2,38,223.88608054540708,229.29993368570575,224.6578658178846,200.43934578674592,198.9902320076812
2020-02-08,B,215.50348427667157,5,2,39,215.40675784609147,210.6101854786804,192.05428828837188,201.13838847217326,200.665174578274
2020-02-09,B,197.13192655757769,6,2,40,215.50348427667157,187.639756918794,188.65706944978345,202.49441270628517,201.270521514545
2020-02-10,B,173.26350761971736,0,2,41,197.13192655757769,184.71306098705975,163.32002150070798,200.85876222523626,201.9807705230457
2020-02-11,B,192.56493378678903,1,2,42,173.26350761971736,180.48036959238524,184.922120035292,202.58512853872253,202.52668579100973
2020-02-12,B,206.0089511833924,2,2,43,192.56493378678903,200.3392091388035,200.2432165024855,203.39509168794953,202.9385239825031
2020-02-13,B,216.88246717877223,3,2,44,206.0089511833924,223.88608054540708,224.2911781379683,202.39457549271597,202.40933034256054
2020-02-14,B,213.84041101985576,4,2,45,216.88246717877223,215.40675784609147,229.29993368570575,202.17081166039657,201.30507872357126
2020-02-15,B,202.2544770841971,5,2,46,213.84041101985576,215.50348427667157,210.6101854786804,200.27809634718594,200.70824240967957
2020-02-16,B,187.48148506288516,6,2,47,202.2544770841971,197.13192655757769,187.639756918794,198.89946184794417,200.69693727711464
2020-02-17,B,185.31266793316968,0,2,48,187.48148506288516,173.26350761971736,184.71306098705975,200.6207704641516,200.73976634469395
2020-02-18,B,177.19884949190867,1,2,49,185.31266793316968,192.56493378678903,180.48036959238524,198.42561556488297,200.5053720518028
2020-02-19,B,203.99058847944943,2,2,50,177.19884949190867,206.0089511833924,200.3392091388035,198.1372780357483,200.7661848618489
2020-02-20,B,206.20308591883392,3,2,51,203.99058847944943,216.88246717877223,223.88608054540708,196.6116521414714,199.5031138170937
2020-02-21,B,218.37652007863616,4,2,52,206.20308591883392,213.84041101985576,215.40675784609147,197.25966772129715,199.71523969084686
2020-02-22,B,210.07537733946367,5,2,53,218.37652007863616,202.2544770841971,215.50348427667157,198.37693918633525,199.3275177667606
2020-02-23,B,211.41389690865077,6,2,54,210.07537733946367,187.48148506288516,197.13192655757769,201.79585516430174,200.34765850612294
2020-02-24,B,170.02345705274115,0,2,55,211.41389690865077,185.31266793316968,173.26350761971736,199.6116821813834,200.11622632276752
2020-02-25,B,196.690037433111,1,2,56,170.02345705274115,177.19884949190867,192.56493378678903,202.39613760155515,200.41087658321908
2020-02-26,B,201.75929987245877,2,2,57,196.690037433111,203.99058847944943,206.0089511833924,202.07738208627077,200.10733006100955
2020-02-27,B,219.49657556405884,3,2,58,201.75929987245877,206.20308591883392,216.88246717877223,203.9764520355886,200.29405208853
2020-02-28,B,221.0259221313227,4,2,59,219.49657556405884,218.37652007863616,213.84041101985576,204.35493804311525,200.8073028822062
2020-02-29,B,212.82607991850364,5,2,60,221.0259221313227,210.07537733946367,202.2544770841971,204.7478955544067,201.56241737037095
2020-03-01,B,190.69344498335343,6,3,61,212.82607991850364,211.41389690865077,187.48148506288516,201.78783099364995,201.79184307897586
2020-03-02,B,192.7444538186338,0,3,62,190.69344498335343,170.02345705274115,185.31266793316968,205.03368767449174,202.3226849279376
2020-03-03,B,181.33222181746223,1,3,63,192.7444538186338,196.690037433111,177.19884949190867,202.83971401511332,202.61792580833426
2020-03-04,B,209.68850720806455,2,3,64,181.33222181746223,201.75929987245877,203.99058847944943,203.9724579201999,203.02492000323534
2020-03-05,B,211.12233332829703,3,3,65,209.68850720806455,219.49657556405884,206.20308591883392,202.77613760080536,203.37629481819698
2020-03-06,B,219.66719412307685,4,3,66,211.12233332829703,221.0259221313227,218.37652007863616,202.58203359962735,203.46848582137133
2020-03-07,B,200.7626350246901,5,3,67,219.66719412307685,212.82607991850364,210.07537733946367,200.85868432908254,202.80328994174465
2020-03-08,B,195.6331856510997,6,3,68,200.7626350246901,190.69344498335343,211.41389690865077,201.564361567332,201.676096280491
2020-03-09,B,192.74313009245648,0,3,69,195.6331856510997,192.7444538186338,170.02345705274115,201.56417246359243,203.2989300690421
2020-03-10,B,184.43521160276325,1,3,70,192.74313009245648,181.33222181746223,196.690037433111,202.00745671863544,202.4235853668744
2020-03-11,B,199.12561511106935,2,3,71,184.43521160276325,209.68850720806455,201.75929987245877,200.4984721333504,202.23546502677513
2020-03-12,B,207.43040465552787,3,3,72,199.12561511106935,211.12233332829703,219.49657556405884,199.97105375152623,201.37359567616576
2020-03-13,B,218.38493773593876,4,3,73,207.43040465552787,219.66719412307685,221.0259221313227,199.78787426764939,201.18495393363835
2020-03-14,B,196.66605143530984,5,3,74,218.38493773593876,200.7626350246901,212.82607991850364,199.20264804059505,200.0306661848388
2020-03-15,B,184.760042064639,6,3,75,196.66605143530984,195.6331856510997,190.69344498335343,197.64934181395782,199.6068516906449
2020-03-16,B,183.0664808759874,0,3,76,184.760042064639,192.74313009245648,192.7444538186338,196.2669633544622,198.9155679090273
2020-03-17,B,195.6762366933313,1,3,77,183.0664808759874,184.43521160276325,181.33222181746223,197.87282408168622,199.9401404001608
2020-03-18,B,223.24445766060688,2,3,78,195.6762366933313,199.12561511106935,209.68850720806455,201.3183730173344,200.90842257534243
2020-03-19,B,211.72472974957415,3,3,79,223.24445766060688,207.43040465552787,211.12233332829703,201.9318480307696,200.95145089114794
2020-03-20,B,231.7717502875908,4,3,80,211.72472974957415,218.38493773593876,219.66719412307685,203.84424982386275,201.81606204575607
2020-03-21,B,211.42849542636517,5,3,81,231.7717502875908,196.66605143530984,200.7626350246901,205.95317039401354,202.57790921730427
2020-03-22,B,190.9231548544888,6,3,82,211.42849542636517,184.760042064639,195.6331856510997,206.83361507827777,202.24147844611778
2020-03-23,B,184.78301819099357,0,3,83,190.9231548544888,183.0664808759874,192.74313009245648,207.07883469470724,201.67289902458472
2020-03-24,B,185.68953305090992,1,3,84,184.78301819099357,195.6762366933313,184.43521160276325,205.6521627457899,201.76249341373804
2020-03-25,B,201.72400664573857,2,3,85,185.68953305090992,223.24445766060688,199.12561511106935,202.57781260080873,201.94809280907157
2020-03-26,B,213.22081519759817,3,3,86,201.72400664573857,211.72472974957415,207.43040465552787,202.79153909338356,202.36169356207662
2020-03-27,B,209.17454182610655,4,3,87,213.22081519759817,231.7717502875908,218.38493773593876,199.5633664560287,201.70380813994572
2020-03-28,B,197.19954403304556,5,3,88,209.17454182610655,211.42849542636517,196.66605143530984,197.53065911412588,201.7419147540697
2020-03-29,B,197.42916516477985,6,3,89,197.19954403304556,190.9231548544888,184.760042064639,198.46008915845317,202.6468521183655
2020-03-30,B,179.17873192656867,0,3,90,197.42916516477985,184.78301819099357,183.0664808759874,197.6594768349639,202.36915576483557
2020-03-31,B,180.49556005429093,1,3,91,179.17873192656867,185.68953305090992,195.6762366933313,196.91748069258978,201.2848217191898
2020-04-01,B,200.97895592469592,2,4,92,180.49556005429093,201.72400664573857,223.24445766060688,196.81104487529794,199.69442873805332
2020-04-02,B,222.9170085936065,3,4,93,200.97895592469592,213.22081519759817,211.72472974957415,198.196215360442,200.49387722691276
2020-04-03,B,221.87240071877864,4,4,94,222.9170085936065,209.17454182610655,231.7717502875908,200.0101952022523,199.7867808291405
2020-04-04,B,204.37017623016445,5,4,95,221.87240071877864,197.19954403304556,211.42849542636517,201.03457123041213,199.28261517226903
2020-04-05,B,202.08361981379133,6,4,96,204.37017623016445,197.42916516477985,190.9231548544888,201.69949332312808,200.07979124079063
2020-04-06,B,194.0958867411775,0,4,97,202.08361981379133,179.17873192656867,184.78301819099357,203.83051543950074,200.74499613723233
2020-04-07,B,189.29079456419308,1,4,98,194.0958867411775,180.49556005429093,185.68953305090992,205.08697751234394,201.00222910246683
2020-04-08,B,208.77028907173363,2,4,99,189.29079456419308,200.97895592469592,201.72400664573857,206.2000251047779,201.50553499003792
2020-04-09,B,226.56330061486213,3,4,100,208.77028907173363,222.9170085936065,213.22081519759817,206.72092396495722,202.4585696626996
2020-04-10,B,229.54035377587363,4,4,101,226.56330061486213,221.87240071877864,209.17454182610655,207.81634583025652,203.9132705162544
2020-04-11,B,214.6014792102631,5,4,102,229.54035377587363,204.37017623016445,197.19954403304556,209.27796054169923,205.15626588605568
2020-04-12,B,197.130122615269,6,4,103,214.6014792102631,202.08361981379133,197.42916516477985,208.57031808476745,205.13490570394774
2020-04-13,B,185.68975737416665,0,4,104,197.130122615269,194.0958867411775,179.17873192656867,207.36944246090874,205.59997895020476
2020-04-14,B,176.62570999530425,1,4,105,185.68975737416665,189.29079456419308,180.49556005429093,205.5601446653532,205.32356108884852
2020-04-15,B,206.65683630592775,2,4,106,176.62570999530425,208.77028907173363,200.97895592469592,205.25822284166665,205.72912397322224
2020-04-16,B,205.85117894140916,3,4,107,206.65683630592775,226.56330061486213,222.9170085936065,202.29934831688766,204.51013614092244
2020-04-17,B,214.2128336737071,4,4,108,205.85117894140916,229.54035377587363,221.87240071877864,200.1097025880067,203.96302420913165
2020-04-18,B,220.18727640589705,5,4,109,214.2128336737071,214.6014792102631,204.37017623016445,200.9076736159544,205.0928170788268
2020-04-19,B,199.1351776102937,6,4,110,220.18727640589705,197.130122615269,202.08361981379133,201.1941100438151,204.88221406429125
2020-04-20,B,193.50172917495155,0,4,111,199.1351776102937,185.68975737416665,194.0958867411775,202.3101060153558,204.8397742381323
2020-04-21,B,183.30108639225224,1,4,112,193.50172917495155,176.62570999530425,189.29079456419308,203.26373121491977,204.4119379401365
2020-04-22,B,191.90313039090688,2,4,113,183.30108639225224,206.65683630592775,208.77028907173363,201.15605894134538,203.20714089150601
2020-04-23,B,214.84426320392885,3,4,114,191.90313039090688,205.85117894140916,226.56330061486213,202.44078526456246,202.37006679072508
2020-04-24,B,221.45594976270223,4,4,115,214.84426320392885,214.2128336737071,229.54035377587363,203.4755161344189,201.7926093612128
2020-04-25,B,210.4607356642223,5,4,116,221.45594976270223,220.18727640589705,214.6014792102631,202.08601031417967,201.49684196506706
2020-04-26,B,201.5529302088637,6,4,117,210.4607356642223,199.1351776102937,197.130122615269,202.43140354254683,201.81275679318097
2020-04-27,B,178.7824495275071,0,4,118,201.5529302088637,193.50172917495155,185.68975737416665,200.32864930719762,201.31937766127672
2020-04-28,B,188.36082730624392,1,4,119,178.7824495275071,183.30108639225224,176.62570999530425,201.05146943776785,202.15760032634384
2020-04-29,B,193.28217399571412,2,4,120,188.36082730624392,191.90313039090688,206.65683630592775,201.24847566702604,201.2022673041857
2020-04-30,B,220.44036907491207,3,4,121,193.28217399571412,214.84426320392885,205.85117894140916,202.04791936288078,202.24435231372166
2020-05-01,B,220.73463785633277,4,5,122,220.44036907491207,221.45594976270223,214.2128336737071,201.944874804828,202.71019546962344
2020-05-02,B,203.9003892972963,5,5,123,220.73463785633277,210.4607356642223,220.18727640589705,201.0076824666957,201.54684639043768
2020-05-03,B,190.66692155148144,6,5,124,203.9003892972963,201.5529302088637,199.1351776102937,199.45253837278398,200.9419709576654
2020-05-04,B,180.269277025483,0,5,125,190.66692155148144,178.7824495275071,193.50172917495155,199.66494230106625,199.9967958041319
2020-05-05,B,183.45338056719376,1,5,126,180.269277025483,188.36082730624392,183.30108639225224,198.96387848120193,200.0076739594849
2020-05-06,B,215.43199119940263,2,5,127,183.45338056719376,193.28217399571412,191.90313039090688,202.12813808172885,201.68830687437745
2020-05-07,B,216.12033290216883,3,5,128,215.43199119940263,220.44036907491207,214.84426320392885,201.51099005705126,201.77945470996602
2020-05-08,B,218.82867064349907,4,5,129,216.12033290216883,220.73463785633277,221.45594976270223,201.23870902664643,201.59179191573722
2020-05-09,B,193.18935841276152,5,5,130,218.82867064349907,203.9003892972963,210.4607356642223,199.70856175742716,200.35812211206144
2020-05-10,B,185.4699677031144,6,5,131,193.18935841276152,190.66692155148144,201.5529302088637,198.96613977908902,199.2093390759365
2020-05-11,B,179.708165672024,0,5,132,185.4699677031144,180.269277025483,178.7824495275071,198.88598101430918,199.27546165768769
2020-05-12,B,180.19787026254753,1,5,133,179.708165672024,183.45338056719376,188.36082730624392,198.42090811364542,198.69239329742368
2020-05-13,B,212.38499207835375,2,5,134,180.19787026254753,215.43199119940263,193.28217399571412,197.98562252492414,200.05688030332652
2020-05-14,B,215.65846878753217,3,5,135,212.38499207835375,216.12033290216883,220.44036907491207,197.9196419371189,199.71531599708507
2020-05-15,B,231.1574635895339,4,5,136,215.65846878753217,218.82867064349907,220.73463785633277,199.68089807226676,200.4598035494566
2020-05-16,B,210.5326732161153,5,5,137,231.1574635895339,193.18935841276152,203.9003892972963,202.15851447274585,200.93353811508652
2020-05-17,B,192.99151928039277,6,5,138,210.5326732161153,185.4699677031144,190.66692155148144,203.2330218409285,201.09958081000877
2020-05-18,B,181.17245155604493,0,5,139,192.99151928039277,179.708165672024,180.269277025483,203.44220553864577,201.16409327647747
2020-05-19,B,185.7851317550023,1,5,140,181.17245155604493,180.19787026254753,183.45338056719376,204.2403857518536,201.3306469327495
2020-05-20,B,215.1517614258002,2,5,141,185.7851317550023,212.38499207835375,215.43199119940263,204.6356385157745,201.31063052034935
2020-05-21,B,198.49115524676213,3,5,142,215.1517614258002,215.65846878753217,216.12033290216883,202.18316515280736,200.05140354496316
2020-05-22,B,204.90761370954849,4,5,143,198.49115524676213,231.1574635895339,218.82867064349907,198.43318659852372,199.05704233539524
2020-05-23,B,205.76373956533365,5,5,144,204.90761370954849,210.5326732161153,193.18935841276152,197.7519103626978,199.95521241772184
2020-05-24,B,192.87998971459092,6,5,145,205.76373956533365,192.99151928039277,185.4699677031144,197.73597756758323,200.48449970425585
2020-05-25,B,187.4737286059271,0,5,146,192.87998971459092,181.17245155604493,179.708165672024,198.6361600032807,201.03918277096324
2020-05-26,B,189.60952939632045,1,5,147,187.4737286059271,185.7851317550023,180.19787026254753,199.18250252346897,201.71144413766132
2020-05-27,B,198.3975041684269,2,5,148,189.60952939632045,215.1517614258002,212.38499207835375,196.7890372009871,200.7123378583808
2020-05-28,B,225.27046067677617,3,5,149,198.3975041684269,198.49115524676213,215.65846878753217,200.61465226241768,201.39890870761252
2020-05-29,B,229.23161296034988,4,5,150,225.27046067677617,204.90761370954849,231.1574635895339,204.08950929824644,201.26134794838507
2020-05-30,B,211.65163893402556,5,5,151,229.23161296034988,205.76373956533365,210.5326732161153,204.9306377794881,201.34127407109298
2020-05-31,B,200.53509730905503,6,5,152,211.65163893402556,192.87998971459092,192.99151928039277,206.0242245786973,201.88010107314025
2020-06-01,B,184.2041253853421,0,6,153,200.53509730905503,187.4737286059271,181.17245155604493,205.55713840432801,202.09664920380436
2020-06-02,B,181.4030376679077,1,6,154,184.2041253853421,189.60952939632045,185.7851317550023,204.3847824431262,201.7836424832976
2020-06-03,B,207.12407625354177,2,6,155,181.4030376679077,198.3975041684269,215.1517614258002,205.63143559814262,201.21023639956482
2020-06-04,B,218.0730861815416,3,6,156,207.12407625354177,225.27046067677617,198.49115524676213,204.60323924168054,202.6089457520491
2020-06-05,B,221.07083857923396,4,6,157,218.0730861815416,229.23161296034988,204.90761370954849,203.4374143300925,203.7634618141695
2020-06-06,B,222.0328749314396,5,6,158,221.07083857923396,211.65163893402556,205.76373956533365,204.92044804400885,204.92554291174847
2020-06-07,B,173.29692977090957,6,6,159,222.0328749314396,200.53509730905503,192.87998971459092,201.0292812528452,203.52675291577125
2020-06-08,B,170.75155998667856,0,6,160,173.29692977090957,184.2041253853421,187.4737286059271,199.10748619589324,202.3323123001106
2020-06-09,B,176.468408541246,1,6,161,170.75155998667856,181.4030376679077,189.60952939632045,198.4025391777987,201.39366081046248
2020-06-10,B,198.70552643106092,2,6,162,176.468408541246,207.12407625354177,198.3975041684269,197.1998892031586,201.41566240065058
2020-06-11,B,215.22138591285372,3,6,163,198.70552643106092,218.0730861815416,225.27046067677617,196.7925034504889,200.6978713460847
2020-06-12,B,209.07158469308385,4,6,164,215.22138591285372,221.07083857923396,229.23161296034988,195.07832432389606,199.2578693269943
2020-06-13,B,202.4380521655063,5,6,165,209.07158469308385,222.0328749314396,211.65163893402556,192.2790639287627,198.59975598638576
2020-06-14,B,186.08724344111215,6,6,166,202.4380521655063,173.29692977090957,200.53509730905503,194.10625159593448,197.56776642438984
2020-06-15,B,201.8224961546323,0,6,167,186.08724344111215,170.75155998667856,184.2041253853421,198.544956762785,198.82622147933915
2020-06-16,B,200.44897760428827,1,6,168,201.8224961546323,176.468408541246,181.4030376679077,201.97075234321963,200.1866457605092
2020-06-17,B,198.38768634020437,2,6,169,200.44897760428827,198.70552643106092,207.12407625354177,201.92534661595442,199.56261790955654
2020-06-18,B,214.41965501859772,3,6,170,198.38768634020437,215.22138591285372,218.0730861815416,201.8108136310607,199.30165854077478
2020-06-19,B,212.00662796783175,4,6,171,214.41965501859772,209.07158469308385,221.07083857923396,202.23010552745328,198.6542149256746
2020-06-20,B,195.12434318826072,5,6,172,212.00662796783175,202.4380521655063,222.0328749314396,201.1852899592753,196.73217694401902
2020-06-21,B,192.1090054481025,6,6,173,195.12434318826072,186.08724344111215,173.29692977090957,202.04554167455964,198.0758966352471
2020-06-22,B,174.25035762214313,0,6,174,192.1090054481025,201.8224961546323,170.75155998667856,198.10666474134695,198.325810752066
2020-06-23,B,185.4263078390848,1,6,175,174.25035762214313,200.44897760428827,176.468408541246,195.96056906060358,198.96566070191162
2020-06-24,B,188.9501049594034,2,6,176,185.4263078390848,198.38768634020437,198.70552643106092,194.61234314906056,198.2688448825075
2020-06-25,B,211.30259574463983,3,6,177,188.9501049594034,214.41965501859772,215.22138591285372,194.1670489670666,197.98893129906364
2020-06-26,B,222.45934677783083,4,6,178,211.30259574463983,212.00662796783175,209.07158469308385,195.6602945113522,198.94520001940273
2020-06-27,B,213.38913334640424,5,6,179,222.45934677783083,195.12434318826072,202.4380521655063,198.2695502482298,199.7274201037526
2020-06-28,B,196.4538926793767,6,6,180,213.38913334640424,192.1090054481025,186.08724344111215,198.89024842412616,200.4678950493429
2020-06-29,B,171.73933168490908,0,6,181,196.4538926793767,174.25035762214313,201.8224961546323,198.5315304330927,198.3190975872198
2020-06-30,B,193.0126680035355,1,6,182,171.73933168490908,185.4263078390848,200.44897760428827,199.6152961708714,197.78793261573745
2020-07-01,B,195.42012824900664,2,7,183,193.0126680035355,188.9501049594034,198.38768634020437,200.53958521224325,197.5759641806519
2020-07-02,B,222.5313247980509,3,7,184,195.42012824900664,211.30259574463983,214.41965501859772,202.14368936273056,198.1553691648986
2020-07-03,B,221.2552906725328,4,7,185,222.5313247980509,222.45934677783083,212.00662796783175,201.971681347688,198.81598792952008
2020-07-04,B,199.51842664157968,5,7,186,221.2552906725328,213.38913334640424,195.12434318826072,199.99015181842734,199.12985103332858
2020-07-05,B,190.65460544286157,6,7,187,199.51842664157968,196.4538926793767,192.1090054481025,199.16168221321087,199.0259653186685
2020-07-06,B,185.29622356474553,0,7,188,190.65460544286157,171.73933168490908,174.25035762214313,201.0983810531875,199.81495574314013
2020-07-07,B,191.148975276318,1,7,189,185.29622356474553,193.0126680035355,185.4263078390848,200.83213923501356,200.22371770294245
2020-07-08,B,200.76398871233684,2,7,190,191.148975276318,195.42012824900664,188.9501049594034,201.59554787263218,201.06756654243773
2020-07-09,B,229.79276267607105,3,7,191,200.76398871233684,222.5313247980509,211.30259574463983,202.6328961409208,202.38829275182567
2020-07-10,B,229.4705563234409,4,7,192,229.79276267607105,221.2552906725328,222.45934677783083,203.8065055196219,202.88909343365498
2020-07-11,B,208.5463637730752,5,7,193,229.4705563234409,199.51842664157968,213.38913334640424,205.0962108241213,202.5431813212743
2020-07-12,B,199.25523164667655,6,7,194,208.5463637730752,190.65460544286157,196.4538926793767,206.3248717103806,202.74327696179574
2020-07-13,B,197.91373157981104,0,7,195,199.25523164667655,185.29622356474553,171.73933168490908,208.12737285538995,204.61287695428874
2020-07-14,B,201.9991991088552,1,7,196,197.91373157981104,191.148975276318,193.0126680035355,209.6774048314667,205.25477203324016
2020-07-15,B,192.13796291538185,2,7,197,201.9991991088552,200.76398871233684,195.42012824900664,208.44511543190168,205.02033165226695
2020-07-16,B,210.1963367320752,3,7,198,192.13796291538185,229.79276267607105,222.5313247980509,205.64562601133085,204.13926107612582
2020-07-17,B,233.35989051948923,4,7,199,210.1963367320752,229.4705563234409,221.2552906725328,206.2012451821949,205.0038753509084
2020-07-18,B,202.20341836764203,5,7,200,233.35989051948923,208.5463637730752,199.51842664157968,205.29511012427588,205.19566047419858
2020-07-19,B,182.74399815331753,6,7,201,202.20341836764203,199.25523164667655,190.65460544286157,202.93636248236746,204.63061709637398
2020-07-20,B,178.62390072278322,0,7,202,182.74399815331753,197.91373157981104,185.29622356474553,200.1806723599349,204.1540226076624
2020-07-21,B,189.7472060484582,1,7,203,178.62390072278322,201.9991991088552,191.148975276318,198.43038763702103,204.05389623424387
2020-07-22,B,201.21285837914328,2,7,204,189.7472060484582,192.13796291538185,200.76398871233684,199.72680127470127,204.08595835330146
2020-07-23,B,212.47416272815784,3,7,205,201.21285837914328,210.1963367320752,229.79276267607105,200.05220498842735,202.84891549987907
2020-07-24,B,216.15691060189252,4,7,206,212.47416272815784,233.35989051948923,229.4705563234409,197.59463642877066,201.89794080548276
2020-07-25,B,205.04104032911195,5,7,207,216.15691060189252,202.20341836764203,208.5463637730752,198.00001099469495,201.64756055948538
2020-07-26,B,186.3583202604499,6,7,208,205.04104032911195,182.74399815331753,199.25523164667655,198.51634272428527,200.72635260332635
2020-07-27,B,200.836586856654,0,7,209,186.3583202604499,178.62390072278322,197.91373157981104,201.68958360055254,200.93512798024372
2020-07-28,B,188.8355510122161,1,7,210,200.836586856654,189.7472060484582,201.9991991088552,201.55934716680366,199.99486740191236
2020-07-29,B,209.19617453734017,2,7,211,188.8355510122161,201.21285837914328,192.13796291538185,202.69982090368893,201.2133110891951
2020-07-30,B,213.8361220165213,3,7,212,209.19617453734017,212.47416272815784,210.1963367320752,202.89438651631227,201.47329575236978
2020-07-31,B,220.13302694827024,4,7,213,213.8361220165213,216.15691060189252,233.35989051948923,203.4624031372234,200.52851978299705
2020-08-01,B,205.10137506352072,5,8,214,220.13302694827024,205.04104032911195,202.20341836764203,203.47102238499605,200.73551668984553
2020-08-02,B,172.25080068043775,6,8,215,205.10137506352072,186.3583202604499,182.74399815331753,201.45566244499432,199.98600258463983
2020-08-03,B,171.62951969373276,0,8,216,172.25080068043775,200.836586856654,178.62390072278322,197.28322427886272,199.48640393970763
2020-08-04,B,172.04058307295833,1,8,217,171.62951969373276,188.8355510122161,189.7472060484582,194.88394314468306,198.22164515574335
2020-08-05,B,184.17390194855903,2,8,218,172.04058307295833,209.19617453734017,201.21285837914328,191.30933277485715,197.00457683927306
2020-08-06,B,208.25594003715767,3,8,219,184.17390194855903,213.8361220165213,212.47416272815784,190.51216392066235,196.70327521848733
2020-08-07,B,232.2903958708817,4,8,220,208.25594003715767,220.13302694827024,216.15691060189252,192.24893090960686,197.85566702341512
2020-08-08,B,210.52438764291867,5,8,221,232.2903958708817,205.10137506352072,205.04104032911195,193.023646992378,198.24733468868703
2020-08-09,B,203.8590475284302,6,8,222,210.52438764291867,172.25080068043775,186.3583202604499,197.53911082780547,199.4973866363999
2020-08-10,B,186.01152459379273,0,8,223,203.8590475284302,171.62951969373276,200.836586856654,199.59368295638546,198.43845361762413
2020-08-11,B,192.85607318859292,1,8,224,186.01152459379273,172.04058307295833,188.8355510122161,202.56732440147613,198.72563377307958
2020-08-12,B,195.03506627980548,2,8,225,192.85607318859292,184.17390194855903,209.19617453734017,204.11891930593993,197.71412604039853
2020-08-13,B,222.080489535154,3,8,226,195.03506627980548,208.25594003715767,213.8361220165213,206.09385494851082,198.30300943458658
2020-08-14,B,227.5905343784936,4,8,227,222.080489535154,232.2903958708817,220.13302694827024,205.42244616388393,198.83568853674538
2020-08-15,B,206.3367687167544,5,8,228,227.5905343784936,210.52438764291867,205.10137506352072,204.82421488871765,198.9239309405478
2020-08-16,B,198.0809304648606,6,8,229,206.3367687167544,203.8590475284302,172.25080068043775,203.99876959392196,200.76894021086372
2020-08-17,B,187.32323611725457,0,8,230,198.0809304648606,186.01152459379273,171.62951969373276,204.1861569544165,201.88991995540098
2020-08-18,B,182.26925168390113,1,8,231,187.32323611725457,192.85607318859292,172.04058307295833,202.67375388231767,202.6205391418969
2020-08-19,B,193.33016485414433,2,8,232,182.26925168390113,195.03506627980548,184.17390194855903,202.43019653579466,203.27455792086727
2020-08-20,B,208.48592531649663,3,8,233,193.33016485414433,222.080489535154,208.25594003715767,200.48811593312934,203.29098544082007
2020-08-21,B,222.52293491134057,4,8,234,208.48592531649663,227.5905343784936,232.2903958708817,199.76417315210747,202.5933096579957
2020-08-22,B,213.6360960750079,5,8,235,222.52293491134057,206.3367687167544,210.52438764291867,200.80693420328652,202.8155745460021
2020-08-23,B,187.33447092633787,6,8,236,213.6360960750079,198.0809304648606,203.8590475284302,199.27172569778327,201.63524764585262
2020-08-24,B,183.0764868493347,0,8,237,187.33447092633787,187.32323611725457,186.01152459379273,198.66504723093757,201.42560209267705
2020-08-25,B,191.30003901211947,1,8,238,183.0764868493347,182.26925168390113,192.85607318859292,199.95515970639735,201.3144567943575
2020-08-26,B,207.32790809970433,2,8,239,191.30003901211947,193.33016485414433,195.03506627980548,201.95483731290594,202.1925169243503
2020-08-27,B,230.44406300273255,3,8,240,207.32790809970433,208.48592531649663,222.080489535154,205.09171412522534,202.78991502917734
2020-08-28,B,232.11680730362335,4,8,241,230.44406300273255,222.52293491134057,227.5905343784936,206.46226732412288,203.1132202381152
2020-08-29,B,203.07975573271096,5,8,242,232.11680730362335,213.6360960750079,206.3367687167544,204.95421870379477,202.88057645354064
2020-08-30,B,207.21343731637535,6,8,243,203.07975573271096,187.33447092633787,198.0809304648606,207.7940710452287,203.53289837150598
2020-08-31,B,178.68606215235025,0,8,244,207.21343731637535,183.0764868493347,187.32323611725457,207.16686751708806,202.9159573740128
2020-09-01,B,195.16479529271717,1,9,245,178.68606215235025,191.30003901211947,182.26925168390113,207.71897555717345,203.8370676317854
2020-09-02,B,202.99634546086085,2,9,246,195.16479529271717,207.32790809970433,193.33016485414433,207.1001808944815,204.52750910369372
2020-09-03,B,214.80189708416705,3,9,247,202.99634546086085,230.44406300273255,208.48592531649663,204.86558576325783,204.9786499442416
2020-09-04,B,207.50945583790948,4,9,248,214.80189708416705,232.11680730362335,222.52293491134057,201.35024983958445,203.90625858185368
2020-09-05,B,209.787641183103,5,9,249,207.50945583790948,203.07975573271096,213.6360960750079,202.30851918964046,203.6313689467176
2020-09-06,B,181.33975182769672,6,9,250,209.787641183103,207.21343731637535,187.33447092633787,198.6122784055435,203.20317472538608
2020-09-07,B,190.7423381456083,0,9,251,181.33975182769672,178.68606215235025,183.0764868493347,200.33460354743752,203.75073553226275
2020-09-08,B,199.01022412026583,1,9,252,190.7423381456083,195.16479529271717,191.30003901211947,200.8839505228016,204.3014630399875
2020-09-09,B,196.14723460814884,2,9,253,199.01022412026583,202.99634546086085,207.32790809970433,199.9055061152713,203.5028435048764
2020-09-10,B,220.58492812204744,3,9,254,196.14723460814884,214.80189708416705,230.44406300273255,200.7316534063971,202.79861958482746
2020-09-11,B,216.2379686101152,4,9,255,220.58492812204744,207.50945583790948,232.11680730362335,201.97858380242647,201.66441682100546
2020-09-12,B,206.20234949380944,5,9,256,216.2379686101152,209.787641183103,203.07975573271096,201.4663992753845,201.8874592325125
2020-09-13,B,200.08084541113453,6,9,257,206.20234949380944,181.33975182769672,207.21343731637535,204.14369835873282,201.37798838213817
2020-09-14,B,182.76570823418885,0,9,258,200.08084541113453,190.7423381456083,178.68606215235025,203.0041797999586,201.66939167369807
2020-09-15,B,200.8631372686698,1,9,259,182.76570823418885,199.01022412026583,195.16479529271717,203.268881678302,202.0764161005518
2020-09-16,B,198.7347327629686,2,9,260,200.8631372686698,196.14723460814884,202.99634546086085,203.63852427184767,201.77201519355953
2020-09-17,B,226.233922911759,3,9,261,198.7347327629686,220.58492812204744,214.80189708416705,204.44552352752075,202.58858846695895
2020-09-18,B,222.89047815991145,4,9,262,226.233922911759,216.2379686101152,207.50945583790948,205.39588203463452,203.6872329185305
2020-09-19,B,217.66652148292755,5,9,263,222.89047815991145,206.20234949380944,209.787641183103,207.03362089022286,204.2500100828037
2020-09-20,B,190.37769659164195,6,9,264,217.66652148292755,200.08084541113453,181.33975182769672,205.64745677315244,204.89557756594263
2020-09-21,B,182.7476136985935,0,9,265,190.37769659164195,182.76570823418885,190.7423381456083,205.644871839496,204.3245258197273
2020-09-22,B,186.09203196890036,1,9,266,182.7476136985935,200.8631372686698,199.01022412026583,203.53471393952893,203.4017978089155
2020-09-23,B,195.97420574389645,2,9,267,186.09203196890036,198.7347327629686,196.14723460814884,203.1403529368043,203.389438604326
2020-09-24,B,223.60595459868725,3,9,268,195.97420574389645,226.233922911759,220.58492812204744,202.76492889207978,203.6052262098003
2020-09-25,B,227.38323297094612,4,9,269,223.60595459868725,222.89047815991145,216.2379686101152,203.4067510079419,204.4013165212882
2020-09-26,B,216.1188050342887,5,9,270,227.38323297094612,217.66652148292755,206.20234949380944,203.18564865813633,205.1096347741796
2020-09-27,B,206.3207531516931,6,9,271,216.1188050342887,190.37769659164195,200.08084541113453,205.46322816671506,205.55534246993375
2020-09-28,B,194.8089128789668,0,9,272,206.3207531516931,182.7476136985935,182.76570823418885,207.18627090676839,206.4155713731322
2020-09-29,B,184.08653555456925,1,9,273,194.8089128789668,186.09203196890036,200.8631372686698,206.8997714190068,205.21724267926788
2020-09-30,B,205.7171512802064,2,9,274,184.08653555456925,195.97420574389645,198.7347327629686,208.2916207813368,205.71598685907057
2020-10-01,B,213.3905668780377,3,10,275,205.7171512802064,223.60595459868725,226.233922911759,206.83227967838687,204.79860428523332
2020-10-02,B,222.4381535253057,4,10,276,213.3905668780377,227.38323297094612,222.89047815991145,206.1258397575811,204.76629538276148
2020-10-03,B,206.6424419521632,5,10,277,222.4381535253057,216.1188050342887,217.66652148292755,204.77207360299172,203.978861130564
2020-10-04,B,207.05566046351032,6,10,278,206.6424419521632,206.3207531516931,190.37769659164195,204.87706036182277,205.1701442642689
2020-10-05,B,186.19380974189016,0,10,279,207.05566046351032,194.8089128789668,182.7476136985935,203.64633134224036,205.4163011245044
2020-10-06,B,185.4119301185968,1,10,280,186.19380974189016,184.08653555456925,186.09203196890036,203.83567342281574,205.3677224209113
2020-10-07,B,212.3517513776536,2,10,281,185.4119301185968,205.7171512802064,195.97420574389645,204.78347343673678,206.5375471090368
2020-10-08,B,201.0845191838099,3,10,282,212.3517513776536,213.3905668780377,223.60595459868725,203.02546662327566,204.9288731508313
2020-10-09,B,206.20856030753708,4,10,283,201.0845191838099,222.4381535253057,227.38323297094612,200.7069533064516,203.41639653201634
2020-10-10,B,217.87721685694223,5,10,284,206.20856030753708,206.6424419521632,216.1188050342887,202.31192114999143,203.54199737649157
2020-10-11,B,194.64891564543083,6,10,285,217.87721685694223,207.05566046351032,206.3207531516931,200.53952903312296,202.70829469747287
2020-10-12,B,185.35786501130244,0,10,286,194.64891564543083,186.19380974189016,194.8089128789668,200.42010835732472,202.0332198497825
2020-10-13,B,176.61506438695395,1,10,287,185.35786501130244,185.4119301185968,184.08653555456925,199.1634132528043,201.49954333781002
2020-10-14,B,202.68700318606932,2,10,288,176.61506438695395,212.3517513776536,205.7171512802064,197.7827349397208,201.28310418822883
2020-10-15,B,234.54758781545408,3,10,289,202.68700318606932,201.0845191838099,213.3905668780377,202.56317331566999,202.7943199694728
2020-10-16,B,228.9850480948962,4,10,290,234.54758781545408,206.20856030753708,222.4381535253057,205.81695728529272,203.26195529587216
2020-10-17,B,212.938230046397,5,10,291,228.9850480948962,217.87721685694223,206.6424419521632,205.11138774092913,203.71165444546028
2020-10-18,B,190.72280684972228,6,10,292,212.938230046397,194.64891564543083,207.05566046351032,204.5505150558279,202.54502204447542
2020-10-19,B,180.26778186433148,0,10,293,190.72280684972228,185.35786501130244,186.19380974189016,203.82336032054633,202.1217343389355
2020-10-20,B,170.262720169972,1,10,294,180.26778186433148,176.61506438695395,185.4119301185968,202.9158825752632,201.03964791403374
2020-10-21,B,205.0040663103123,2,10,295,170.262720169972,202.68700318606932,212.3517513776536,203.2468915930122,200.5148132663665
2020-10-22,B,225.3534474701687,3,10,296,205.0040663103123,234.54758781545408,201.0845191838099,201.93344297225715,202.24830814396356
2020-10-23,B,209.85656658923455,4,10,297,225.3534474701687,228.9850480948962,206.20856030753708,199.20080275716262,202.50888002122767
2020-10-24,B,206.35931261686943,5,10,298,209.85656658923455,212.938230046397,217.87721685694223,198.26095741008723,201.68617257550818
2020-10-25,B,185.0455911427649,6,10,299,206.35931261686943,190.72280684972228,194.64891564543083,197.44992659480764,201.00022082531774
2020-10-26,B,175.7716251908864,0,10,300,185.0455911427649,180.26778186433148,185.35786501130244,196.8076184986012,200.31548940957376
2020-10-27,B,187.79422636821712,1,10,301,175.7716251908864,170.262720169972,176.61506438695395,199.31211938406477,201.11400097966398
2020-10-28,B,186.3377957731049,2,10,302,187.79422636821712,205.0040663103123,202.68700318606932,196.64550930732085,199.94620045016651
2020-10-29,B,223.5738161792402,3,10,303,186.3377957731049,225.3534474701687,234.54758781545408,196.39127626575964,199.16235961900838
2020-10-30,B,228.5624318361391,4,10,304,223.5738161792402,209.85656658923455,228.9850480948962,199.06354272960314,199.13217274338288
2020-10-31,B,209.7118971210991,5,10,305,228.5624318361391,206.35931261686943,212.938230046397,199.54248337306453,198.90172039157588
2020-11-01,B,174.52971019082537,6,11,306,209.7118971210991,185.0455911427649,190.72280684972228,198.04021466564458,197.7450706302261
2020-11-02,B,175.5931558114076,0,11,307,174.52971019082537,175.7716251908864,180.26778186433148,198.01471904000476,197.41116876930298
2020-11-03,B,197.29965889653397,1,11,308,175.5931558114076,187.79422636821712,170.262720169972,199.37263797262145,199.34237867834312
2020-11-04,B,180.85912883725484,2,11,309,197.29965889653397,186.3377957731049,205.0040663103123,198.58997126750003,197.61774028741044
2020-11-05,B,215.9495354449053,3,11,310,180.85912883725484,223.5738161792402,225.3534474701687,197.50078830545218,196.94603228560592
2020-11-06,B,213.1616551190015,4,11,311,215.9495354449053,228.5624318361391,209.85656658923455,195.3006773458611,197.18211003773212
2020-11-07,B,218.2273503081435,5,11,312,213.1616551190015,209.7118971210991,206.35931261686943,196.517170658296,198.02982701568027
2020-11-08,B,189.04453672362445,6,11,313,218.2273503081435,174.52971019082537,185.0455911427649,198.59071730583872,198.31546598574167
2020-11-09,B,186.86620705538175,0,11,314,189.04453672362445,175.5931558114076,175.7716251908864,200.20115319783505,199.10793611891992
2020-11-10,B,192.03019684713496,1,11,315,186.86620705538175,197.29965889653397,187.79422636821712,199.44837290506376,199.41050543884262
2020-11-11,B,217.8429598709932,2,11,316,192.03019684713496,180.85912883725484,186.3377957731049,204.73177733845495,201.66087430297748
2020-11-12,B,217.17625726312104,3,11,317,217.8429598709932,215.9495354449053,223.5738161792402,204.9070233124858,201.20390580896898
2020-11-13,B,225.68008637379063,4,11,318,217.17625726312104,213.1616551190015,228.5624318361391,206.6953706345985,200.9980239902298
2020-11-14,B,199.9804141325148,5,11,319,225.68008637379063,218.2273503081435,209.7118971210991,204.08866546665155,200.3029180624738
2020-11-15,B,204.03882691719255,6,11,320,199.9804141325148,189.04453672362445,174.52971019082537,206.23070692287556,202.41071211435718
2020-11-16,B,177.62057417499588,0,11,321,204.03882691719255,186.86620705538175,175.5931558114076,204.90990222567757,202.55552771175635
2020-11-17,B,183.09055025115077,1,11,322,177.62057417499588,192.03019684713496,197.29965889653397,203.63280985482268,201.5405913799432
2020-11-18,B,203.04524086442905,2,11,323,183.09055025115077,217.8429598709932,180.85912883725484,201.51884999674212,203.12531366759853
2020-11-19,B,206.36678811987497,3,11,324,203.04524086442905,217.17625726312104,215.9495354449053,199.9746401191355,202.44083171581065
2020-11-20,B,224.5719617183114,4,11,325,206.36678811987497,225.68008637379063,213.1616551190015,199.8163365969242,203.25585361576137
2020-11-21,B,219.67065821900485,5,11,326,224.5719617183114,199.9804141325148,218.2273503081435,202.6292286092799,203.35894703796572
2020-11-22,B,196.92905906889143,6,11,327,219.67065821900485,204.03882691719255,189.04453672362445,201.61354748809407,203.92212720548483
2020-11-23,B,171.0635345162069,0,11,328,196.92905906889143,177.62057417499588,186.86620705538175,200.6768275368385,202.79336488125801
2020-11-24,B,186.65617927928523,1,11,329,171.0635345162069,183.09055025115077,192.03019684713496,201.18620311228625,202.40950648355448
2020-11-25,B,209.22952451712945,2,11,330,186.65617927928523,203.04524086442905,217.8429598709932,202.06967220552914,201.79426110113565
2020-11-26,B,203.9160228249363,3,11,331,209.22952451712945,206.36678811987497,217.17625726312104,201.7195628776808,200.84710149840816
2020-11-27,B,214.21374344640807,4,11,332,203.9160228249363,224.5719617183114,225.68008637379063,200.23981741026606,200.02807700359512
2020-11-28,B,219.01334693832635,5,11,333,214.21374344640807,219.67065821900485,199.9804141325148,200.14591579874056,201.3875722040102
2020-11-29,B,196.8164220245608,6,11,334,219.01334693832635,196.92905906889143,204.03882691719255,200.1298247924076,200.8716861402508
2020-11-30,B,187.14055775672088,0,11,335,196.8164220245608,171.0635345162069,177.62057417499588,202.42654239819532,201.55168496751688
2020-12-01,B,202.59268216497884,1,12,336,187.14055775672088,186.65617927928523,183.09055025115077,204.7031856675801,202.94469438993318
2020-12-02,B,207.11178559141277,2,12,337,202.59268216497884,209.22952451712945,203.04524086442905,204.40065153533487,203.23516187043202
2020-12-03,B,224.2731071061988,3,12,338,207.11178559141277,203.9160228249363,206.36678811987497,207.30880643265806,204.51418465516943
2020-12-04,B,244.56790584476656,4,12,339,224.2731071061988,214.21374344640807,224.5719617183114,211.64511534670933,205.9424663784877
2020-12-05,B,210.36063171102177,5,12,340,244.56790584476656,219.01334693832635,219.67065821900485,210.40901317138005,205.2774644850603
2020-12-06,B,188.342666512104,6,12,341,210.36063171102177,196.8164220245608,196.92905906889143,209.1984766696005,204.66415073100407
2020-12-07,B,187.3372263557541,0,12,342,188.342666512104,187.14055775672088,171.0635345162069,209.22657218374812,205.82655729097172
2020-12-08,B,191.298722009174,1,12,343,187.3372263557541,202.59268216497884,186.65617927928523,207.61314930434744,206.15816748596376
2020-12-09,B,199.21971029786425,2,12,344,191.298722009174,207.11178559141277,209.22952451712945,206.48570997669762,205.44318075601626
2020-12-10,B,210.82089693636513,3,12,345,199.21971029786425,224.2731071061988,203.9160228249363,204.56396566672143,205.93638604968973
2020-12-11,B,241.4307670738105,4,12,346,210.82089693636513,244.56790584476656,214.21374344640807,204.11580298515625,207.88045916593276
2020-12-12,B,214.75588600891928,5,12,347,241.4307670738105,210.36063171102177,219.01334693832635,204.74369645628445,207.57635481383227
2020-12-13,B,188.9375156399058,6,12,348,214.75588600891928,188.342666512104,196.8164220245608,204.8286749031133,207.01357578635694
2020-12-14,B,191.312367658084,0,12,349,188.9375156399058,187.3372263557541,187.14055775672088,205.39655223201757,207.31156220788284
2020-12-15,B,186.983702631642,1,12,350,191.312367658084,191.298722009174,202.59268216497884,204.78012089237012,206.19663509835877
2020-12-16,B,201.48045193295977,2,12,351,186.983702631642,199.21971029786425,207.11178559141277,205.10308398309806,205.79439697989787
2020-12-17,B,223.64832613818965,3,12,352,201.48045193295977,210.82089693636513,224.2731071061988,206.935573869073,205.74976976789722
2020-12-18,B,212.6870236213068,4,12,353,223.64832613818965,241.4307670738105,244.56790584476656,202.8293248044296,203.47256389479293
2020-12-19,B,215.03222594722192,5,12,354,212.6870236213068,214.75588600891928,210.36063171102177,202.86880193847287,203.80624919737866
2020-12-20,B,210.16950722304583,6,12,355,215.03222594722192,188.9375156399058,188.342666512104,205.90194359320714,205.3653092481602
2020-12-21,B,187.7844166074956,0,12,356,210.16950722304583,191.312367658084,187.3372263557541,205.3979505859802,205.3972514089989
2020-12-22,B,184.91723708393545,1,12,357,187.7844166074956,186.983702631642,191.298722009174,205.10274122202216,204.94143105719613
2020-12-23,B,199.51673133014725,2,12,358,184.91723708393545,201.48045193295977,199.21971029786425,204.82220970733465,204.96264684521634
2020-12-24,B,215.93749344618337,3,12,359,199.51673133014725,223.64832613818965,210.82089693636513,203.7206621799052,205.3281180244891
2020-12-25,B,221.060450412848,4,12,360,215.93749344618337,212.6870236213068,241.4307670738105,204.91686600726823,203.87309540584891
2020-12-26,B,209.25882612388884,5,12,361,221.060450412848,215.03222594722192,214.75588600891928,204.0920946039349,203.48044827120387
2020-12-27,B,202.26643035985984,6,12,362,209.25882612388884,210.16950722304583,188.9375156399058,202.96308362347978,204.43251360834344
2020-12-28,B,170.2593925543154,0,12,363,202.26643035985984,187.7844166074956,191.312367658084,200.45950875873976,202.92872967236
2020-12-29,B,194.89300438757004,1,12,364,170.2593925543154,184.91723708393545,186.983702631642,201.88461837354467,203.49367979778341
2020-12-30,B,200.60615144250235,2,12,365,194.89300438757004,199.51673133014725,201.48045193295977,202.04024981816684,203.43122976275072
2020-12-31,B,222.3058655885777,3,12,366,200.60615144250235,215.93749344618337,223.64832613818965,202.9500172670803,203.33533972349275
2021-01-01,B,214.14631862569323,4,1,1,222.3058655885777,221.060450412848,212.6870236213068,201.9622841546296,203.43957508094894
2021-01-02,B,222.9803969908199,5,1,2,214.14631862569323,209.25882612388884,215.03222594722192,203.9225085641912,204.00730158406307
2021-01-03,B,204.97108858270775,6,1,3,222.9803969908199,202.26643035985984,210.16950722304583,204.30888831031234,203.63598596689604
2021-01-04,B,191.87185965605775,0,1,4,204.97108858270775,170.2593925543154,187.7844166074956,207.39638361056123,203.9279461846505
2021-01-05,B,175.94903584799445,1,1,5,191.87185965605775,194.89300438757004,184.91723708393545,204.69010239062186,203.28736038208328
2021-01-06,B,210.346682282242,2,1,6,175.94903584799445,200.60615144250235,199.51673133014725,206.08160679629896,204.0609283072329
2021-01-07,B,222.5991940741695,3,1,7,210.346682282242,222.3058655885777,215.93749344618337,206.1235108656692,204.5367640663748
2021-01-08,B,210.39012200030976,4,1,8,222.5991940741695,214.14631862569323,221.060450412848,205.5869113477573,203.77459775119345
2021-01-09,B,212.2270394559284,5,1,9,210.39012200030976,222.9803969908199,209.25882612388884,204.0507174142014,203.98661298919632
2021-01-10,B,197.9923548836693,6,1,10,212.2270394559284,204.97108858270775,202.26643035985984,203.05375545719588,203.68132188375412
2021-01-11,B,188.71380771071256,0,1,11,197.9923548836693,191.87185965605775,170.2593925543154,202.60260517928944,204.9994943949253
2021-01-12,B,189.5552350600034,1,1,12,188.71380771071256,175.94903584799445,194.89300438757004,204.54634792386213,204.61822515724202
2021-01-13,B,206.11363511856345,2,1,13,189.5552350600034,210.346682282242,200.60615144250235,203.94162690047946,205.01161684838922
2021-01-14,B,231.21931458117905,3,1,14,206.11363511856345,222.5991940741695,222.3058655885777,205.17307268719514,205.64829177643216
2021-01-15,B,233.1106333267257,4,1,15,231.21931458117905,210.39012200030976,214.14631862569323,208.41886001954026,207.00288568364877
2021-01-16,B,189.55504896590335,5,1,16,233.1106333267257,212.2270394559284,222.9803969908199,205.180004235251,204.61536082472617
2021-01-17,B,192.6066406027712,6,1,17,189.55504896590335,197.9923548836693,204.97108858270775,204.41061648083698,203.73218596901643
2021-01-18,B,183.0180673698459,0,1,18,192.6066406027712,188.71380771071256,191.87185965605775,203.59693928928456,203.099772234287
2021-01-19,B,174.1904256126673,1,1,19,183.0180673698459,189.5552350600034,175.94903584799445,201.40196651109372,202.97415721747794
2021-01-20,B,204.6073183197125,2,1,20,174.1904256126673,206.11363511856345,210.346682282242,201.18677839697216,202.5642026487258
2021-01-21,B,229.49055569250817,3,1,21,204.6073183197125,231.21931458117905,222.5991940741695,200.93981284144775,203.05644276432142
2021-01-22,B,214.67988924078563,4,1,22,229.49055569250817,233.1106333267257,210.39012200030976,198.30684940059913,203.3628547100697
2021-01-23,B,215.2527661757548,5,1,23,214.67988924078563,189.55504896590335,212.2270394559284,201.97795185914933,203.57897804720014
2021-01-24,B,187.8896312931716,6,1,24,215.2527661757548,192.6066406027712,197.9923548836693,201.30409338634942,202.85735493359317
2021-01-25,B,179.03004947083028,0,1,25,187.8896312931716,183.0180673698459,188.71380771071256,200.7343765436329,202.16565791645874
2021-01-26,B,200.09643333791388,1,1,26,179.03004947083028,174.1904256126673,189.5552350600034,204.43523479009667,202.91860065059518
2021-01-27,B,199.58346136302904,2,1,27,200.09643333791388,204.6073183197125,206.11363511856345,203.71754093914188,202.45215966805702
2021-01-28,B,223.2682634953796,3,1,28,199.58346136302904,229.49055569250817,231.21931458117905,202.82864205383785,201.8842274476428
2021-01-29,B,208.47275725909265,4,1,29,223.2682634953796,214.67988924078563,233.1106333267257,201.941908913596,200.12437915709756
2021-01-30,B,227.53016922746428,5,1,30,208.47275725909265,215.2527661757548,189.55504896590335,203.6958236352688,202.83688774720903
2021-01-31,B,200.10750875206455,6,1,31,227.53016922746428,187.8896312931716,192.6066406027712,205.44123470082488,203.37266404358715
2021-02-01,B,183.0154169891355,0,2,32,200.10750875206455,179.03004947083028,183.0180673698459,206.01057291772563,203.37247473067924
2021-02-02,B,192.95172641462256,1,2,33,183.0154169891355,200.09643333791388,174.1904256126673,204.9899005001126,204.71256764510463
2021-02-03,B,192.7154385624108,2,2,34,192.95172641462256,199.58346136302904,204.6073183197125,204.00875438573857,203.86314766244024
2021-02-04,B,229.1008795873857,3,2,35,192.7154385624108,223.2682634953796,229.49055569250817,204.84198525602514,203.8353136549315
2021-02-05,B,220.92069405367928,4,2,36,229.1008795873857,208.47275725909265,214.67988924078563,206.62026194096612,204.28108542728106
2021-02-06,B,211.06914268598825,5,2,37,220.92069405367928,227.53016922746428,215.2527661757548,204.2686867207552,203.98225517801202
2021-02-07,B,191.42311433196016,6,2,38,211.06914268598825,200.10750875206455,187.8896312931716,203.02805894645462,204.2346468236398
2021-02-08,B,179.90027457844286,0,2,39,191.42311433196016,183.0154169891355,179.03004947083028,202.58303860206993,204.2968057598978
2021-02-09,B,193.9747892977205,1,2,40,179.90027457844286,192.95172641462256,200.09643333791388,202.72919044251248,203.85954547131254
2021-02-10,B,206.11131886489784,2,2,41,193.9747892977205,192.7154385624108,199.58346136302904,204.64288762858206,204.32582100716033
2021-02-11,B,224.92468885465925,3,2,42,206.11131886489784,229.1008795873857,223.2682634953796,204.0462889524783,204.44413710425172
2021-02-12,B,223.51228481183605,4,2,43,224.92468885465925,220.92069405367928,208.47275725909265,204.41651620364354,205.51838907230484
2021-02-13,B,216.87736736506255,5,2,44,223.51228481183605,211.06914268598825,227.53016922746428,205.24626258636843,204.75747465356184
2021-02-14,B,192.07563937035312,6,2,45,216.87736736506255,191.42311433196016,200.10750875206455,205.33948044899603,204.1837696977253
2021-02-15,B,202.4534106017541,0,2,46,192.07563937035312,179.90027457844286,183.0154169891355,208.56135702375477,205.57219781291238
2021-02-16,B,175.944051143319,1,2,47,202.4534106017541,193.9747892977205,192.95172641462256,205.98553728741172,204.3573638649621
2021-02-17,B,214.2216327226376,2,2,48,175.944051143319,206.11131886489784,192.7154385624108,207.14415355280312,205.8935205906926
2021-02-18,B,230.7240333992718,3,2,49,214.2216327226376,224.92468885465925,229.1008795873857,207.97263134489063,206.00946014868444
2021-02-19,B,216.83544195006604,4,2,50,230.7240333992718,223.51228481183605,220.92069405367928,207.01879665035204,205.7176564269978
2021-02-20,B,230.67602783096237,5,2,51,216.83544195006604,216.87736736506255,211.06914268598825,208.9900338597663,207.11814822306738
2021-02-21,B,203.46042165538543,6,2,52,230.67602783096237,192.07563937035312,191.42311433196016,210.6164313290566,207.9779558890263
2021-02-22,B,192.45473799513087,0,2,53,203.46042165538543,202.4534106017541,179.90027457844286,209.18804952811044,208.8747032759326
2021-02-23,B,188.7817420410405,1,2,54,192.45473799513087,175.944051143319,193.9747892977205,211.0220053706421,208.5037713290269
2021-02-24,B,202.4663949384551,2,2,55,188.7817420410405,214.2216327226376,206.11131886489784,209.34268568718744,208.24341961999525
2021-02-25,B,218.1755732472577,3,2,56,202.4663949384551,230.7240333992718,224.92468885465925,207.550048522614,207.76133993375228
2021-02-26,B,226.84702723841684,4,2,57,218.1755732472577,216.83544195006604,223.51228481183605,208.98027499237838,207.9995358213652
2021-02-27,B,224.1213992168572,5,2,58,226.84702723841684,230.67602783096237,216.87736736506255,208.04389947607766,208.51696666792196
2021-02-28,B,197.0170832047847,6,2,59,224.1213992168572,203.46042165538543,192.07563937035312,207.1234225545633,208.86992694180995
2021-03-01,B,177.46414702551968,0,3,60,197.0170832047847,192.45473799513087,202.4534106017541,204.98190955890453,207.08497954350747
2021-03-02,B,195.22305111398313,1,3,61,177.46414702551968,188.7817420410405,175.944051143319,205.9020965693249,208.4620509699835
2021-03-03,B,211.64348024543244,2,3,62,195.22305111398313,202.4663949384551,214.2216327226376,207.21310875603595,208.2778972216117
2021-03-04,B,225.15819016122663,3,3,63,211.64348024543244,218.1755732472577,230.7240333992718,208.2106254580315,207.88033699032277
2021-03-05,B,229.7568437901305,4,3,64,225.15819016122663,226.84702723841684,216.83544195006604,208.62631353684773,208.80329426461307
2021-03-06,B,210.814554045393,5,3,65,229.7568437901305,224.1213992168572,230.67602783096237,206.72533565521005,207.38461756564382
2021-03-07,B,188.20472619491815,6,3,66,210.814554045393,197.0170832047847,203.46042165538543,205.46642751094336,206.29492503275333
2021-03-08,B,177.88021863556168,0,3,67,188.20472619491815,177.46414702551968,192.45473799513087,205.52586631237796,205.25388793564122
2021-03-09,B,175.61399869731096,1,3,68,177.88021863556168,195.22305111398313,188.7817420410405,202.72457310999621,204.31333483966054
2021-03-10,B,206.23993323671132,2,3,69,175.61399869731096,211.64348024543244,202.4663949384551,201.95263782303604,204.58287328953602
2021-03-11,B,219.32339373790208,3,3,70,206.23993323671132,225.15819016122663,218.1755732472577,201.1190954768468,204.66486046743915
2021-03-12,B,220.34302097176337,4,3,71,219.32339373790208,229.7568437901305,226.84702723841684,199.7742636456515,204.20028859124963
2021-03-13,B,189.4070985619654,5,3,72,220.34302097176337,210.814554045393,224.1213992168572,196.71605571944755,201.7206956873288
2021-03-14,B,185.72816984447988,6,3,73,189.4070985619654,188.20472619491815,197.0170832047847,196.36226195509926,200.91434473302132
2021-03-15,B,193.86256136198344,0,3,74,185.72816984447988,177.88021863556168,177.46414702551968,198.6454537731595,202.08566004276872
2021-03-16,B,183.45076675453856,1,3,75,193.86256136198344,175.61399869731096,195.22305111398313,199.76499206704915,201.24478258852267
2021-03-17,B,207.29914783566812,2,3,76,183.45076675453856,206.23993323671132,211.64348024543244,199.91630843832868,200.93447313068236
2021-03-18,B,208.9355706339833,3,3,77,207.29914783566812,219.32339373790208,225.15819016122663,198.43233370919742,199.77571459302212
2021-03-19,B,235.4426365369448,4,3,78,208.9355706339833,220.34302097176337,229.7568437901305,200.5894216470805,200.18184264636602
2021-03-20,B,211.96989794635795,5,3,79,235.4426365369448,189.4070985619654,210.814554045393,203.81267870199372,200.26436721072065
2021-03-21,B,198.097102843972,6,3,80,211.96989794635795,185.72816984447988,188.20472619491815,205.5796691304926,200.97096554279594
2021-03-22,B,203.5721445558815,0,3,81,198.097102843972,193.86256136198344,177.88021863556168,206.9667524439066,202.80610310853305
2021-03-23,B,200.96936562982864,1,3,82,203.5721445558815,183.45076675453856,175.61399869731096,209.4694094260909,204.61720074657
2021-03-24,B,202.03195951418772,2,3,83,200.96936562982864,207.29914783566812,206.23993323671132,208.71695395159372,204.3166311949612
2021-03-25,B,215.38536266489228,3,3,84,202.03195951418772,208.9355706339833,219.32339373790208,209.63835281315212,204.0353432611748
2021-03-26,B,221.3987026559849,4,3,85,215.38536266489228,235.4426365369448,220.34302097176337,207.63207654444358,204.11074909576203
2021-03-27,B,217.2713752846781,5,3,86,221.3987026559849,211.96989794635795,189.4070985619654,208.38943044991788,206.10105457595577
2021-03-28,B,195.0050566681672,6,3,87,217.2713752846781,198.097102843972,185.72816984447988,207.94770956766004,206.76368934907632
2021-03-29,B,181.8740231308704,0,3,88,195.0050566681672,203.5721445558815,193.86256136198344,204.84797793551562,205.9073651897111
2021-03-30,B,200.64536490085555,1,3,89,181.8740231308704,200.96936562982864,183.45076675453856,204.80169211709088,207.13555077159089
2021-03-31,B,203.64087542033224,2,3,90,200.64536490085555,202.03195951418772,207.29914783566812,205.03153724654007,206.8742455990669
2021-04-01,B,238.59790695822352,3,4,91,203.64087542033224,215.38536266489228,208.9355706339833,208.34761500273027,208.99298390794118
2021-04-02,B,224.7990733282284,4,4,92,238.59790695822352,221.3987026559849,235.4426365369448,208.83338224162222,208.23272939303288
2021-04-03,B,227.5448065207341,5,4,93,224.7990733282284,217.2713752846781,211.96989794635795,210.30101527534447,209.34522286263118
2021-04-04,B,198.7754751939286,6,4,94,227.5448065207341,195.0050566681672,198.097102843972,210.83964649331043,209.3936780304852
2021-04-05,B,192.80973094696367,0,4,95,198.7754751939286,181.8740231308704,203.5721445558815,212.401890467038,208.62493420127683
2021-04-06,B,183.18109655311196,1,4,96,192.80973094696367,200.64536490085555,200.96936562982864,209.9069949887889,207.35434355293992
2021-04-07,B,197.79455084392532,2,4,97,183.18109655311196,203.64087542033224,202.03195951418772,209.07180576358795,207.051671505064
2021-04-08,B,223.94891192411464,3,4,98,197.79455084392532,238.59790695822352,215.38536266489228,206.97909218728665,207.66335359500846
2021-04-09,B,232.05162882800371,4,4,99,223.94891192411464,224.7990733282284,221.3987026559849,208.01517154439742,208.42427689300982
2021-04-10,B,213.65438145301044,5,4,100,232.05162882800371,227.5448065207341,217.2713752846781,206.03082510615118,208.16592019074784
2021-04-11,B,185.6958432016445,6,4,101,213.65438145301044,198.7754751939286,195.0050566681672,204.1623062501106,207.5009763717105
2021-04-12,B,174.29404950072387,0,4,102,185.6958432016445,192.80973094696367,181.8740231308704,201.5172089006478,206.95954968384288
2021-04-13,B,177.6309638178343,1,4,103,174.29404950072387,183.18109655311196,200.64536490085555,200.72433279560815,205.31566389219853
2021-04-14,B,190.55371779117917,2,4,104,177.6309638178343,197.79455084392532,203.64087542033224,199.68992807378723,204.3808669186876
2021-04-15,B,221.217217229642,3,4,105,190.55371779117917,223.94891192411464,238.59790695822352,199.29968597457687,203.13938908093175
2021-04-16,B,233.21362433201529,4,4,106,221.217217229642,232.05162882800371,224.7990733282284,199.46568533229282,203.7404284383451
2021-04-17,B,213.2950732116777,5,4,107,233.21362433201529,213.65438145301044,227.5448065207341,199.41435558353098,202.72259034484108
2021-04-18,B,177.97374189368065,6,4,108,213.2950732116777,185.6958432016445,198.7754751939286,198.31119825382186,201.23675225196624
2021-04-19,B,183.72010281843205,0,4,109,177.97374189368065,174.29404950072387,192.80973094696367,199.6577772992087,200.58749309992825
2021-04-20,B,187.8157331323332,1,4,110,183.72010281843205,177.6309638178343,183.18109655311196,201.11274434413713,200.91853856987265
2021-04-21,B,221.5327547665674,2,4,111,187.8157331323332,190.55371779117917,197.79455084392532,205.5383210549069,202.6141245643471
2021-04-22,B,208.75430112077865,3,4,112,221.5327547665674,221.217217229642,223.94891192411464,203.75790446792644,201.52879522125164
2021-04-23,B,221.15792220762796,4,4,113,208.75430112077865,233.21362433201529,232.05162882800371,202.03566130729965,200.75067331979625
2021-04-24,B,227.11929102150316,5,4,114,221.15792220762796,213.2950732116777,213.65438145301044,204.01054956584616,201.71245257468857
2021-04-25,B,199.72695675322737,6,4,115,227.11929102150316,177.97374189368065,185.6958432016445,207.11815168863856,202.71467497123018
2021-04-26,B,189.82276115930972,0,4,116,199.72695675322737,183.72010281843205,174.29404950072387,207.98996002304966,203.82386866112918
2021-04-27,B,190.1048706716556,1,4,117,189.82276115930972,187.8157331323332,177.6309638178343,208.31697967152428,204.7148620078307
2021-04-28,B,207.4743831440927,2,4,118,190.1048706716556,221.5327547665674,190.55371779117917,206.3086408683136,205.92348096161024
2021-04-29,B,226.70235073643389,3,4,119,207.4743831440927,208.75430112077865,221.217217229642,208.8726479562643,206.31527621209537
2021-04-30,B,217.87752254734932,4,4,120,226.70235073643389,221.15792220762796,233.21362433201529,208.40401943336738,205.21984037033354
2021-05-01,B,220.5670082784817,5,5,121,217.87752254734932,227.11929102150316,213.2950732116777,207.46797904150722,205.73926430367666
2021-05-02,B,185.2131759574401,6,5,122,220.5670082784817,199.72695675322737,177.97374189368065,205.3945817849661,206.25636673680236
2021-05-03,B,188.0132704239008,0,5,123,185.2131759574401,189.82276115930972,183.72010281843205,205.13608310847914,206.5630215657644
2021-05-04,B,190.68819295182425,1,5,124,188.0132704239008,190.1048706716556,187.8157331323332,205.21941486278894,206.7681972671566
2021-05-05,B,199.9745601993674,2,5,125,190.68819295182425,207.4743831440927,221.5327547665674,204.14801158497107,205.2283262266423
2021-05-06,B,220.3700623616702,3,5,126,199.9745601993674,226.70235073643389,208.75430112077865,203.24339896000478,206.05802345813458
2021-05-07,B,219.44316194723717,4,5,127,220.3700623616702,217.87752254734932,221.15792220762796,203.46706173141737,205.93554058239238
2021-05-08,B,205.03899910239156,5,5,128,219.44316194723717,220.5670082784817,227.11929102150316,201.24877470626163,204.35837687388442
2021-05-09,B,193.43835222968468,6,5,129,205.03899910239156,185.2131759574401,199.72695675322737,202.4237998880109,203.9091908364885
2021-05-10,B,176.62448762834512,0,5,130,193.43835222968468,188.0132704239008,189.82276115930972,200.7968309172172,202.9664570128482
2021-05-11,B,191.91071502835015,1,5,131,176.62448762834512,190.68819295182425,190.1048706716556,200.97147692814949,203.09544589546923
2021-05-12,B,195.77429102175617,2,5,132,191.91071502835015,199.9745601993674,207.4743831440927,200.371438474205,202.25972502958803
2021-05-13,B,226.3174308182736,3,5,133,195.77429102175617,220.3700623616702,226.70235073643389,201.2210625394341,202.23223074971946
2021-05-14,B,215.04172069520095,4,5,134,226.3174308182736,219.44316194723717,217.87752254734932,200.5922852177146,202.02967347456598
2021-05-15,B,209.15232046270896,5,5,135,215.04172069520095,205.03899910239156,220.5670082784817,201.1799025549028,201.21433863058223
2021-05-16,B,191.34051296694287,6,5,136,209.15232046270896,193.43835222968468,185.2131759574401,200.880211231654,201.6520055598324
2021-05-17,B,196.12764061238727,0,5,137,191.34051296694287,176.62448762834512,188.0132704239008,203.66637594366003,202.23160343043858
2021-05-18,B,192.0407249506067,1,5,138,196.12764061238727,191.91071502835015,190.68819295182425,203.68494878969662,202.32821285892305
2021-05-19,B,203.35117462468955,2,5,139,192.0407249506067,195.77429102175617,199.9745601993674,204.76736073297283,202.56939960358892
2021-05-20,B,224.68144023297276,3,5,140,203.35117462468955,226.3174308182736,220.3700623616702,204.53364779221556,202.8773551658248
2021-05-21,B,207.7060845300639,4,5,141,224.68144023297276,215.04172069520095,219.44316194723717,203.48569976862456,202.0389924931696
2021-05-22,B,213.40768114029916,5,5,142,207.7060845300639,209.15232046270896,205.03899910239156,204.09360843685175,202.63675549587725
2021-05-23,B,212.38752372517183,6,5,143,213.40768114029916,191.34051296694287,193.43835222968468,207.10032425945587,203.99026774555495
2021-05-24,B,186.65530890268013,0,5,144,212.38752372517183,196.12764061238727,176.62448762834512,205.747134015212,204.706754979436
2021-05-25,B,190.01178080909915,1,5,145,186.65530890268013,192.0407249506067,191.91071502835015,205.4572848521395,204.5711168209181
2021-05-26,B,209.5001421522519,2,5,146,190.01178080909915,203.35117462468955,195.77429102175617,206.33570878464843,205.55153475881065
2021-05-27,B,227.9265967210003,3,5,147,209.5001421522519,224.68144023297276,226.3174308182736,206.79930256865234,205.66647518043396
2021-05-28,B,208.65395983565273,4,5,148,227.9265967210003,207.7060845300639,215.04172069520095,206.9347133265936,205.21020654760906
2021-05-29,B,200.36420807316867,5,5,149,208.65395983565273,213.40768114029916,209.15232046270896,205.07136003128923,204.5824842340705
2021-05-30,B,198.15981070149337,6,5,150,200.36420807316867,212.38752372517183,191.34051296694287,203.03882959933517,205.06957692939554
2021-05-31,B,179.94759442634884,0,5,151,198.15981070149337,186.65530890268013,196.12764061238727,202.08058467414497,203.91385934467849
2021-06-01,B,200.0347476235736,1,6,152,179.94759442634884,190.01178080909915,192.0407249506067,203.5124370762128,204.48486096417614
2021-06-02,B,202.66379006610217,2,6,153,200.0347476235736,209.5001421522519,203.35117462468955,202.53581534961995,204.4357620671342
2021-06-03,B,205.35557895885108,3,6,154,202.66379006610217,227.9265967210003,224.68144023297276,199.31138424074152,203.0553434046969
2021-06-04,B,214.55965211408977,4,6,155,205.35557895885108,208.65395983565273,207.7060845300639,200.1550545662325,203.54488394641308
2021-06-05,B,191.8954818405217,5,6,156,214.55965211408977,200.36420807316867,213.40768114029916,198.94523653299726,202.00829828214322
2021-06-06,B,194.67454614461133,6,6,157,191.8954818405217,198.15981070149337,212.38752372517183,198.4473415962998,200.7430855978175
2021-06-07,B,184.22960397348373,0,6,158,194.67454614461133,179.94759442634884,186.65530890268013,199.05905724589047,200.56982096001772
2021-06-08,B,186.2129139176296,1,6,159,184.22960397348373,200.0347476235736,190.01178080909915,197.0845095736128,200.29847332491278
2021-06-09,B,213.88628756749267,2,6,160,186.2129139176296,202.66379006610217,209.5001421522519,198.68772350238282,200.61176942600142
2021-06-10,B,230.49005360675935,3,6,161,213.88628756749267,205.35557895885108,227.9265967210003,202.2783627377983,200.79487348926992
2021-06-11,B,223.41072613206305,4,6,162,230.49005360675935,214.55965211408977,208.65395983565273,203.54280188322306,201.84892822472779
2021-06-12,B,196.88541072782192,5,6,163,223.41072613206305,191.8954818405217,200.36420807316867,204.25564886712306,201.60044270006014
2021-06-13,B,201.55587315688317,6,6,164,196.88541072782192,194.67454614461133,198.15981070149337,205.23869558316193,201.84301858973086
2021-06-14,B,190.2496288897376,0,6,165,201.55587315688317,184.22960397348373,179.94759442634884,206.09869914262677,202.57887819425864
2021-06-15,B,192.1538182272094,1,6,166,190.2496288897376,186.2129139176296,200.0347476235736,206.94739975828105,202.0159546659469
2021-06-16,B,213.17716331979045,2,6,167,192.1538182272094,213.88628756749267,202.66379006610217,206.8460962943236,202.7669098983532
2021-06-17,B,211.65334021300728,3,6,168,213.17716331979045,230.49005360675935,205.35557895885108,204.15513723807325,203.2167499879358
2021-06-18,B,240.91394667846296,4,6,169,211.65334021300728,223.41072613206305,214.55965211408977,206.65559731613038,205.09919959967672
2021-06-19,B,206.35760811257128,5,6,170,240.91394667846296,196.88541072782192,191.8954818405217,208.00876837109462,206.13220861910887
2021-06-20,B,202.68147400062136,6,6,171,206.35760811257128,201.55587315688317,194.67454614461133,208.1695684916286,206.70413203739525
2021-06-21,B,172.37803557643207,0,6,172,202.68147400062136,190.2496288897376,184.22960397348373,205.61648373258498,205.8575914376059
2021-06-22,B,182.306638237864,1,6,173,172.37803557643207,192.1538182272094,186.2129139176296,204.20974373410704,205.57857174619403
2021-06-23,B,217.52634456919785,2,6,174,182.306638237864,213.17716331979045,213.88628756749267,204.83105534116524,205.8385758177444
2021-06-24,B,218.9548364707586,3,6,175,217.52634456919785,211.65334021300728,230.49005360675935,205.87412623512975,205.0146317366015
2021-06-25,B,231.6333545001144,4,6,176,218.9548364707586,240.91394667846296,223.41072613206305,204.54832735250852,205.60196233431947
2021-06-26,B,215.99874331753168,5,6,177,231.6333545001144,206.35760811257128,196.88541072782192,205.92563238178857,206.96720037644155
2021-06-27,B,195.9180954050836,6,6,178,215.99874331753168,202.68147400062136,201.55587315688317,204.95943543956886,206.56450196559877
2021-06-28,B,196.8576898012703,0,6,179,195.9180954050836,172.37803557643207,190.2496288897376,208.45652890026005,207.0365063164225
2021-06-29,B,187.92555520887967,1,6,180,196.8576898012703,182.306638237864,192.1538182272094,209.2592313246909,206.73448752939893
2021-06-30,B,191.2195606049582,2,6,181,187.92555520887967,217.52634456919785,213.17716331979045,205.50111932979948,205.1660873354824
2021-07-01,B,214.6861843892223,3,7,182,191.2195606049582,218.9548364707586,211.65334021300728,204.89131188958,205.38271906235488
2021-07-02,B,229.3935775587355,4,7,183,214.6861843892223,231.6333545001144,240.91394667846296,204.57134375509733,204.5598355538029
2021-07-03,B,217.3372431287472,5,7,184,229.3935775587355,215.99874331753168,206.35760811257128,204.76255801384238,205.34409519781548
2021-07-04,B,184.29136472127095,6,7,185,217.3372431287472,195.9180954050836,202.68147400062136,203.10159648758346,204.03051596357616
2021-07-05,B,180.2222171166136,0,7,186,184.29136472127095,196.8576898012703,172.37803557643207,200.72510038977538,204.59081464501767
2021-07-06,B,185.23512508254672,1,7,187,180.2222171166136,187.92555520887967,182.306638237864,200.34075322887062,204.79999227678076
2021-07-07,B,202.61177878262063,2,7,188,185.23512508254672,191.2195606049582,217.52634456919785,201.96821296853668,203.73466614916808
2021-07-08,B,210.1748664860933,3,7,189,202.61177878262063,214.6861843892223,218.9548364707586,201.32373898237543,203.10752543597772
2021-07-09,B,220.02714493423625,4,7,190,210.1748664860933,229.3935775587355,231.6333545001144,199.9856771788755,202.27851046698643
2021-07-10,B,208.4143564658414,5,7,191,220.02714493423625,217.3372431287472,215.99874331753168,198.71097908417468,201.73676854900856
2021-07-11,B,203.07016687131923,6,7,192,208.4143564658414,184.29136472127095,195.9180954050836,201.39366510561015,202.24763079659678
2021-07-12,B,192.5599978298711,0,7,193,203.07016687131923,180.2222171166136,196.8576898012703,203.1562052075041,201.94065279863972
2021-07-13,B,188.79248228152463,1,7,194,192.5599978298711,185.23512508254672,187.92555520887967,203.66439909307238,202.00257616097153
2021-07-14,B,202.46928723863937,2,7,195,188.79248228152463,202.61177878262063,191.2195606049582,203.64404315821793,202.80612806337726
2021-07-15,B,222.37163976128917,3,7,196,202.46928723863937,210.1748664860933,214.6861843892223,205.38643934038873,203.35508916138207
2021-07-16,B,218.5915830096177,4,7,197,222.37163976128917,220.02714493423625,229.3935775587355,205.18135906544325,202.58351812215938
2021-07-17,B,205.1386537606475,5,7,198,218.5915830096177,208.4143564658414,217.3372431287472,204.71340153612982,201.71219031015224
2021-07-18,B,189.44620119188963,6,7,199,205.1386537606475,203.07016687131923,184.29136472127095,202.7671207247827,202.08039291519646
2021-07-19,B,181.07859210024765,0,7,200,189.44620119188963,192.5599978298711,180.2222171166136,201.1269199062651,202.1415625568846
2021-07-20,B,180.72124561796684,1,7,201,181.07859210024765,188.79248228152463,185.23512508254672,199.9738860971854,201.81914259512888
2021-07-21,B,206.97215214817783,2,7,202,180.72124561796684,202.46928723863937,202.61177878262063,200.61715251283377,202.13059783552583
2021-07-22,B,227.1600407253157,3,7,203,206.97215214817783,222.37163976128917,210.1748664860933,201.301209793409,203.34382456689883
2021-07-23,B,212.49746753294647,4,7,204,227.1600407253157,218.5915830096177,220.02714493423625,200.43062186817025,202.80599046680672
2021-07-24,B,214.58441017778472,5,7,205,212.49746753294647,205.1386537606475,208.4143564658414,201.78001564204695,203.24670858908843
2021-07-25,B,195.27855457123513,6,7,206,214.58441017778472,189.44620119188963,203.07016687131923,202.61320898195348,202.6901648533681
2021-07-26,B,188.95923696638363,0,7,207,195.27855457123513,181.07859210024765,192.5599978298711,203.73901539140147,202.43296764883328
2021-07-27,B,189.9955959415461,1,7,208,188.95923696638363,180.72124561796684,188.79248228152463,205.06392258048422,202.5189043388348
2021-07-28,B,194.11695150629143,2,7,209,189.9955959415461,206.97215214817783,202.46928723863937,203.227465345929,201.92230892938142
2021-07-29,B,211.2932710142578,3,7,210,194.11695150629143,227.1600407253157,222.37163976128917,200.96078395863506,201.130996876022
2021-07-30,B,225.49971261408209,4,7,211,211.2932710142578,212.49746753294647,218.5915830096177,202.81824754165442,201.62443470491232
2021-07-31,B,222.68369791608995,5,7,212,225.49971261408209,214.58441017778472,205.1386537606475,203.97528864712663,202.8776521445868
2021-08-01,B,179.39461203509018,6,8,213,222.68369791608995,195.27855457123513,189.44620119188963,201.70615399910588,202.15968149052966
2021-08-02,B,189.063050190572,0,8,214,179.39461203509018,188.95923696638363,181.07859210024765,201.7209844597042,202.72999992555285
2021-08-03,B,199.68615219874576,1,8,215,189.063050190572,189.9955959415461,180.72124561796684,203.10534963930417,204.0846361098942
2021-08-04,B,204.5916088061667,2,8,216,199.68615219874576,194.11695150629143,206.97215214817783,204.60172925357207,203.91459729975054
2021-08-05,B,225.8640754433979,3,8,217,204.5916088061667,211.2932710142578,227.1600407253157,206.6832727434492,203.82202835104212
2021-08-06,B,219.7098414322901,4,8,218,225.8640754433979,225.49971261408209,212.49746753294647,205.8561482889075,204.33719791528097
2021-08-07,B,213.56859103398335,5,8,219,219.7098414322901,222.68369791608995,214.58441017778472,204.55399016289226,204.2646394050094
2021-08-08,B,184.21087292703947,6,8,220,213.56859103398335,179.39461203509018,195.27855457123513,205.24202743317073,203.47409071613833
2021-08-09,B,167.6125611548785,0,8,221,184.21087292703947,189.063050190572,188.95923696638363,202.17767185664312,201.94932815817364
2021-08-10,B,197.78137263631655,1,8,222,167.6125611548785,199.68615219874576,189.9955959415461,201.9055604905818,202.50545506494296
2021-08-11,B,198.00592646409052,2,8,223,197.78137263631655,204.5916088061667,194.11695150629143,200.96474872742806,202.78323899050005
2021-08-12,B,217.88830278522872,3,8,224,198.00592646409052,225.8640754433979,211.2932710142578,199.82535263340387,203.25431268842655
2021-08-13,B,214.3129261233806,4,8,225,217.88830278522872,219.7098414322901,225.49971261408209,199.0543647321311,202.45525651051932
2021-08-14,B,203.3138330735958,5,8,226,214.3129261233806,213.56859103398335,222.68369791608995,197.5893993092186,201.07169473605543
2021-08-15,B,195.85754954281825,6,8,227,203.3138330735958,184.21087292703947,179.39461203509018,199.25321025432984,202.24761884375033
2021-08-16,B,180.60076013921457,0,8,228,195.85754954281825,167.6125611548785,189.063050190572,201.10866725209215,201.64316955436763
2021-08-17,B,193.3330842805432,1,8,229,180.60076013921457,197.78137263631655,199.68615219874576,200.4731974869817,201.18937898878173
2021-08-18,B,209.5762633077924,2,8,230,193.3330842805432,198.00592646409052,204.5916088061667,202.12610275036764,201.54542573889785
2021-08-19,B,224.1693927859228,3,8,231,209.5762633077924,217.88830278522872,225.8640754433979,203.02340132189536,201.42437697764964
2021-08-20,B,227.3833405470404,4,8,232,224.1693927859228,214.3129261233806,219.7098414322901,204.8906033824182,201.97248405727464
2021-08-21,B,227.28580640779236,5,8,233,227.3833405470404,203.3138330735958,213.56859103398335,208.31517100158914,202.95228515540387
2021-08-22,B,188.7775710612865,6,8,234,227.28580640779236,195.85754954281825,184.21087292703947,207.30374550422746,203.27847787927865
2021-08-23,B,186.06796883274657,0,8,235,188.7775710612865,180.60076013921457,167.6125611548785,208.0847753175892,204.59672128484067
2021-08-24,B,199.4409049308121,1,8,236,186.06796883274657,193.3330842805432,197.78137263631655,208.95732112477046,204.71525930587606
2021-08-25,B,216.1423445007296,2,8,237,199.4409049308121,209.5762633077924,198.00592646409052,209.89533272376147,206.0107177370646
2021-08-26,B,210.29855649064055,3,8,238,216.1423445007296,224.1693927859228,217.88830278522872,207.9137846815783,205.46859300173682
2021-08-27,B,223.04576075643553,4,8,239,210.29855649064055,227.3833405470404,214.3129261233806,207.2941304257776,206.0923669040979
2021-08-28,B,225.59869960534584,5,8,240,223.04576075643553,227.28580640779236,203.3138330735958,207.05311516828525,207.6841430849372
2021-08-29,B,201.4530241253086,6,8,241,225.59869960534584,188.7775710612865,195.85754954281825,208.86389417743126,208.08381984082936
2021-08-30,B,188.13962208427773,0,8,242,201.4530241253086,186.06796883274657,180.60076013921457,209.1598446419357,208.62230997976243
2021-08-31,B,188.707978889248,1,8,243,188.13962208427773,199.4409049308121,193.3330842805432,207.6265694931408,208.29194530895566
2021-09-01,B,203.025688690433,2,9,244,188.707978889248,216.1423445007296,209.5762633077924,205.75276152024134,207.82404712200142
2021-09-02,B,224.04848826018952,3,9,245,203.025688690433,210.29855649064055,224.1693927859228,207.71703748731974,207.81541108444904
2021-09-03,B,223.59568135987675,4,9,246,224.04848826018952,223.04576075643553,227.3833405470404,207.79559757352564,207.54486399965162
2021-09-04,B,214.46317194012263,5,9,247,223.59568135987675,225.59869960534584,227.28580640779236,206.20480790706515,206.62896153767522
2021-09-05,B,198.08725100270684,6,9,248,214.46317194012263,201.4530241253086,188.7775710612865,205.72398317526492,207.29393867634806
2021-09-06,B,181.2230156745617,0,9,249,198.08725100270684,188.13962208427773,186.06796883274657,204.73589654530548,206.9478705936206
2021-09-07,B,194.77656149784653,1,9,250,181.2230156745617,188.707978889248,199.4409049308121,205.60283691796243,206.61470320555165
2021-09-08,B,229.48012335349023,2,9,251,194.77656149784653,203.025688690433,216.1423445007296,209.38204186982776,207.5674016950345
2021-09-09,B,207.59691271092817,3,9,252,229.48012335349023,224.04848826018952,210.29855649064055,207.03181679136182,207.37442713934078
2021-09-10,B,228.27684462334264,4,9,253,207.59691271092817,223.59568135987675,223.04576075643553,207.7005544004284,207.748075986977
2021-09-11,B,208.79235026959535,5,9,254,228.27684462334264,214.46317194012263,225.59869960534584,206.8904370189245,206.54762246299484
2021-09-12,B,202.14775204400897,6,9,255,208.79235026959535,198.08725100270684,201.4530241253086,207.47050859625338,206.59724588575912
2021-09-13,B,187.09011775920277,0,9,256,202.14775204400897,181.2230156745617,188.13962208427773,208.30866603691638,206.52228129111091
2021-09-14,B,196.68443476920453,1,9,257,187.09011775920277,194.77656149784653,188.707978889248,208.58121936139608,207.09202813967926
2021-09-15,B,215.64028884830677,2,9,258,196.68443476920453,229.48012335349023,203.025688690433,206.60410014636986,207.99307100809884
2021-09-16,B,223.422244837752,3,9,259,215.64028884830677,207.59691271092817,224.04848826018952,208.8648618787733,207.94833933506757
2021-09-17,B,234.8112328072064,4,9,260,223.422244837752,228.27684462334264,223.59568135987675,209.79834590503953,208.74945015273397
2021-09-18,B,196.1895578983097,5,9,261,234.8112328072064,208.79235026959535,214.46317194012263,207.99794699485588,207.44419200689018
2021-09-19,B,210.32221987725356,6,9,262,196.1895578983097,202.14775204400897,198.08725100270684,209.16572811389082,208.3181183550721
2021-09-20,B,189.7882252577888,0,9,263,210.32221987725356,187.09011775920277,181.2230156745617,209.55117204226025,208.92991903958833
2021-09-21,B,199.2824134928975,1,9,264,189.7882252577888,196.68443476920453,194.77656149784653,209.9223118599307,209.25176561066337
2021-09-22,B,196.547300347574,2,9,265,199.2824134928975,215.64028884830677,229.48012335349023,207.1947420741117,206.8994211102408
2021-09-23,B,215.3067869128337,3,9,266,196.547300347574,223.422244837752,207.59691271092817,206.03539094198052,207.45012641037692
2021-09-24,B,226.99239092312084,4,9,267,215.3067869128337,234.8112328072064,228.27684462334264,204.91841352996832,207.35837971750394
2021-09-25,B,214.8777080039878,5,9,268,226.99239092312084,196.1895578983097,208.79235026959535,207.5881492593509,207.7930481271034
2021-09-26,B,199.93322026807576,6,9,269,214.8777080039878,210.32221987725356,202.14775204400897,206.10400645803978,207.6348672859653
2021-09-27,B,195.53391940015993,0,9,270,199.93322026807576,189.7882252577888,187.09011775920277,206.92481990694995,208.2379959746051
2021-09-28,B,176.60797419458308,1,9,271,195.53391940015993,199.2824134928975,196.68443476920453,203.685614292905,206.80396307641786
2021-09-29,B,214.16692895011423,2,9,272,176.60797419458308,196.547300347574,215.64028884830677,206.2027040932679,206.6987230836898
2021-09-30,B,222.0892713154096,3,9,273,214.16692895011423,215.3067869128337,223.422244837752,207.17163043649302,206.6035106892368
2021-10-01,B,224.26469975103697,4,10,274,222.0892713154096,226.99239092312084,234.8112328072064,206.78196026905246,205.8501868995104
2021-10-02,B,203.3151593136789,5,10,275,224.26469975103697,214.8777080039878,196.1895578983097,205.13016759900833,206.35915842917962
2021-10-03,B,201.76313098107917,6,10,276,203.3151593136789,199.93322026807576,210.32221987725356,205.39158341515167,205.74779493659574
2021-10-04,B,167.61500537454157,0,10,277,201.76313098107917,195.53391940015993,189.7882252577888,201.40316712577763,204.16399351636377
2021-10-05,B,195.9869588769853,1,10,278,167.61500537454157,176.60797419458308,199.2824134928975,204.17159350897796,203.92860390094148
2021-10-06,B,194.5095997626615,2,10,279,195.9869588769853,214.16692895011423,196.547300347574,201.36340362505615,203.78305385916204
2021-10-07,B,222.5207494067572,3,10,280,194.5095997626615,222.0892713154096,215.3067869128337,201.4250433523915,204.29833689444226
2021-10-08,B,225.01167401147964,4,10,281,222.5207494067572,224.26469975103697,226.99239092312084,201.5317539610262,204.15685711503934
2021-10-09,B,224.5104564371795,5,10,282,225.01167401147964,203.3151593136789,214.8777080039878,204.5596535500977,204.84491057455304
2021-10-10,B,196.37957035202564,6,10,283,224.5104564371795,201.76313098107917,199.93322026807576,203.79057346023293,204.5910784376923
2021-10-11,B,181.4448297636947,0,10,284,196.37957035202564,167.61500537454157,195.53391940015993,205.7662626586834,203.58471489223052
2021-10-12,B,186.81705528937584,1,10,285,181.4448297636947,195.9869588769853,176.60797419458308,204.45627643188203,204.31393497042998
2021-10-13,B,216.69957866655236,2,10,286,186.81705528937584,194.5095997626615,214.16692895011423,207.62627341815212,204.49483852160415
2021-10-14,B,226.4535319293329,3,10,287,216.69957866655236,222.5207494067572,222.0892713154096,208.1880994928058,204.80657142259864
2021-10-15,B,222.95005492798737,4,10,288,226.4535319293329,225.01167401147964,224.26469975103697,207.89358248087834,204.71266822095225
2021-10-16,B,213.33264996918075,5,10,289,222.95005492798737,224.5104564371795,203.3151593136789,206.29675298544993,205.42820326777382
2021-10-17,B,185.3414650495216,6,10,290,213.33264996918075,196.37957035202564,201.76313098107917,204.71988079937793,204.2552271298054
2021-10-18,B,190.1758019297425,0,10,291,185.3414650495216,181.4448297636947,167.61500537454157,205.96716253738478,205.86671259803407
2021-10-19,B,176.86142126565292,1,10,292,190.1758019297425,186.81705528937584,195.9869588769853,204.54492910542436,204.50060276865318
2021-10-20,B,212.6009583132706,2,10,293,176.86142126565292,216.69957866655236,194.5095997626615,203.9594119120984,205.79284266512522
2021-10-21,B,223.26219898588712,3,10,294,212.6009583132706,226.4535319293329,222.5207494067572,203.50350720589182,205.8458033493488
2021-10-22,B,245.20077924683468,4,10,295,223.26219898588712,222.95005492798737,225.01167401147964,206.68218210858433,207.28788229473133
2021-10-23,B,206.4932069691729,5,10,296,245.20077924683468,213.33264996918075,224.5104564371795,205.7051188228689,206.0009359041594
2021-10-24,B,197.12765511595055,6,10,297,206.4932069691729,185.3414650495216,196.37957035202564,207.3888602609302,206.05437053015407
2021-10-25,B,201.52438000038487,0,10,298,197.12765511595055,190.1758019297425,181.4448297636947,209.0100856995934,207.48862411848907
2021-10-26,B,200.5411341196178,1,10,299,201.52438000038487,176.86142126565292,186.81705528937584,212.39290182158837,208.46891546350636
2021-10-27,B,201.08696024401743,2,10,300,200.5411341196178,212.6009583132706,216.69957866655236,210.74804495455217,207.3537284333253
2021-10-28,B,224.09503574301436,3,10,301,201.08696024401743,223.26219898588712,226.4535319293329,210.8670216341418,207.18526442001684
2021-10-29,B,226.19122977163417,4,10,302,224.09503574301436,245.20077924683468,222.95005492798737,208.15137170911314,207.41677690884873
2021-10-30,B,217.620008408191,5,10,303,226.19122977163417,206.4932069691729,213.33264996918075,209.74091477183,207.72301679734946
2021-10-31,B,192.42957842646743,6,10,304,217.620008408191,197.12765511595055,185.3414650495216,209.06976095904673,208.22931060998846
2021-11-01,B,186.49358524146464,0,11,305,192.42957842646743,201.52438000038487,190.1758019297425,206.92250456491527,207.96629513225432
2021-11-02,B,178.29566806514117,1,11,306,186.49358524146464,200.5411341196178,176.86142126565292,203.7445808428472,208.06874133221777
2021-11-03,B,207.8077143416709,2,11,307,178.29566806514117,201.08696024401743,212.6009583132706,204.70468857108338,207.7263667628178
2021-11-04,B,225.97353177347125,3,11,308,207.8077143416709,224.09503574301436,223.26219898588712,204.97304514686292,207.92003339050237
2021-11-05,B,224.42594968923257,4,11,309,225.97353177347125,226.19122977163417,245.20077924683468,204.72086227794844,206.4361169935308
2021-11-06,B,202.5140244144299,5,11,310,224.42594968923257,217.620008408191,206.4932069691729,202.562864564554,206.15188966819204
2021-11-07,B,205.99734688722828,6,11,311,202.5140244144299,192.42957842646743,197.12765511595055,204.50111720180553,206.78543908042613
2021-11-08,B,190.19441883708313,0,11,312,205.99734688722828,186.49358524146464,201.52438000038487,205.0298077154653,205.97615614019028
2021-11-09,B,185.34203635581684,1,11,313,190.19441883708313,178.29566806514117,200.5411341196178,206.0364317569904,204.8905062999188
2021-11-10,B,204.55199322209364,2,11,314,185.34203635581684,207.8077143416709,201.08696024401743,205.57132873990795,205.13800865549567
2021-11-11,B,210.4380812339131,3,11,315,204.55199322209364,225.97353177347125,224.09503574301436,203.35197866282823,204.16251190484556
2021-11-12,B,218.11209403823008,4,11,316,210.4380812339131,224.42594968923257,226.19122977163417,202.44999928411357,203.585430781031
2021-11-13,B,211.20201083832157,5,11,317,218.11209403823008,202.5140244144299,217.620008408191,203.6911402018124,203.1270023831832
2021-11-14,B,207.98652855272616,6,11,318,211.20201083832157,205.99734688722828,192.42957842646743,203.9753090111692,204.2382131064874
2021-11-15,B,182.23226147611055,0,11,319,207.98652855272616,190.19441883708313,186.49358524146464,202.8378579596017,203.93383283753354
2021-11-16,B,196.34193648212593,1,11,320,182.23226147611055,185.34203635581684,178.29566806514117,204.40927226336015,205.22285201017527
2021-11-17,B,202.56033724397517,2,11,321,196.34193648212593,204.55199322209364,207.8077143416709,204.1247499807718,204.8480393603399
2021-11-18,B,224.4970870130526,3,11,322,202.56033724397517,210.4380812339131,225.97353177347125,206.13317937779172,204.74257902030996
2021-11-19,B,225.25428111337305,4,11,323,224.4970870130526,218.11209403823008,224.42594968923257,207.15349181709786,204.80174555060572
2021-11-20,B,222.55902447999105,5,11,324,225.25428111337305,211.20201083832157,202.5140244144299,208.77592233733634,206.23353126957434
2021-11-21,B,193.95074141880696,6,11,325,222.55902447999105,207.98652855272616,205.99734688722828,206.77080988963365,205.3730594504014
2021-11-22,B,174.83813267326096,0,11,326,193.95074141880696,182.23226147611055,190.19441883708313,205.71450577494082,204.27618186727128
2021-11-23,B,180.23470502665663,1,11,327,174.83813267326096,196.34193648212593,185.34203635581684,203.4134727098738,203.91137248661695
2021-11-24,B,202.68191698539312,2,11,328,180.23470502665663,202.56033724397517,204.55199322209364,203.43084124436206,203.7777956125669
2021-11-25,B,212.59109683088295,3,11,329,202.68191698539312,224.4970870130526,210.4380812339131,201.7299855040521,203.93158244092191
2021-11-26,B,229.73721132603004,4,11,330,212.59109683088295,225.25428111337305,218.11209403823008,202.37040410586025,204.76194796147905
2021-11-27,B,211.91849643045495,5,11,331,229.73721132603004,222.55902447999105,211.20201083832157,200.85032867021224,204.81312550377427
2021-11-28,B,217.2961545948373,6,11,332,211.91849643045495,193.95074141880696,207.98652855272616,204.1853876953594,205.4780987924965
2021-11-29,B,173.58671198225363,0,11,333,217.2961545948373,174.83813267326096,182.23226147611055,204.00661331092982,204.8605595429353
2021-11-30,B,192.98943277731388,1,11,334,173.58671198225363,180.23470502665663,196.34193648212593,205.8287172753094,204.62109499259162
2021-12-01,B,197.98338281895948,2,12,335,192.98943277731388,202.68191698539312,202.56033724397517,205.157498108676,204.29416967651903
2021-12-02,B,218.7064359433158,3,12,336,197.98338281895948,212.59109683088295,224.4970870130526,206.03111798188073,203.88055174296642
2021-12-03,B,227.65694105738817,4,12,337,218.7064359433158,229.73721132603004,225.25428111337305,205.73393651493188,204.05217031039606
2021-12-04,B,197.11174082039577,5,12,338,227.65694105738817,211.91849643045495,222.55902447999105,203.61868571349484,202.23450719185354
2021-12-05,B,200.2639811990026,6,12,339,197.11174082039577,217.2961545948373,193.95074141880696,201.18551808551848,202.68545289043894
2021-12-06,B,202.7817585116137,0,12,340,200.2639811990026,173.58671198225363,174.83813267326096,205.35623901828419,204.68142616460702
2021-12-07,B,187.80293103075795,1,12,341,202.7817585116137,192.98943277731388,180.23470502665663,204.6153101973476,205.22201373632853
2021-12-08,B,209.1555399315208,2,12,342,187.80293103075795,197.98338281895948,202.68191698539312,206.21133264199926,205.68441537533766
2021-12-09,B,230.92309028145164,3,12,343,209.1555399315208,218.7064359433158,212.59109683088295,207.95656897601864,206.99384347894969
2021-12-10,B,225.2840273405175,4,12,344,230.92309028145164,227.65694105738817,229.73721132603004,207.61758130217999,206.67575890855596
2021-12-11,B,211.13710038120655,5,12,345,225.2840273405175,197.11174082039577,211.91849643045495,209.62120409658155,206.6199449050382
2021-12-12,B,180.2335511049928,6,12,346,211.13710038120655,200.2639811990026,217.2961545948373,206.75971408315155,203.97261608433502
2021-12-13,B,192.7564946386503,0,12,347,180.2335511049928,202.7817585116137,173.58671198225363,205.3275335298711,205.3418862740776
2021-12-14,B,190.5951602099453,1,12,348,192.7564946386503,187.80293103075795,192.98943277731388,205.72642341261215,205.17086680497988
2021-12-15,B,199.04567633604103,2,12,349,190.5951602099453,209.1555399315208,197.98338281895948,204.28215718468644,205.24674491334284
2021-12-16,B,223.80656048873976,3,12,350,199.04567633604103,230.92309028145164,218.7064359433158,203.2655100714419,205.61103952373028
2021-12-17,B,221.9962825563542,4,12,351,223.80656048873976,225.2840273405175,227.65694105738817,202.79583224513286,205.20670677365644
2021-12-18,B,211.6274429106047,5,12,352,221.9962825563542,211.13710038120655,197.11174082039577,202.86588117790401,206.2435426372428
2021-12-19,B,203.3598416537069,6,12,353,211.6274429106047,180.2335511049928,200.2639811990026,206.16963697057744,206.46467552686454
2021-12-20,B,176.9915796629699,0,12,354,203.3598416537069,192.7564946386503,202.7817585116137,203.91750625976596,204.6225198948185
2021-12-21,B,199.94909984643635,1,12,355,176.9915796629699,190.5951602099453,187.80293103075795,205.25378335069325,205.4901033816527
2021-12-22,B,196.03572791226875,2,12,356,199.94909984643635,199.04567633604103,209.1555399315208,204.8237907187258,204.5529739517061
2021-12-23,B,217.5622456097445,3,12,357,196.03572791226875,223.80656048873976,230.92309028145164,203.93174573601218,203.59862790372705
2021-12-24,B,242.1193650334064,4,12,358,217.5622456097445,221.9962825563542,225.2840273405175,206.80647180416253,204.80115202464768
2021-12-25,B,224.9437601227388,5,12,359,242.1193650334064,211.6274429106047,211.13710038120655,208.70880283446738,205.7873420061857
2021-12-26,B,199.36041441487123,6,12,360,224.9437601227388,203.3598416537069,180.2335511049928,208.1374560860623,207.15354652831985
2021-12-27,B,180.2444672996211,0,12,361,199.36041441487123,176.9915796629699,192.7564946386503,208.6021543198696,206.25983028981778
2021-12-28,B,187.40646917431695,1,12,362,180.2444672996211,199.94909984643635,190.5951602099453,206.81034993813824,206.03206664441578
2021-12-29,B,207.8734898039712,2,12,363,187.40646917431695,196.03572791226875,199.04567633604103,208.50145877981004,206.6626247492679
2021-12-30,B,223.2341128053732,3,12,364,207.8734898039712,217.5622456097445,223.80656048873976,209.3117255220427,206.62173562902746
2021-12-31,B,226.07889811393576,4,12,365,223.2341128053732,242.1193650334064,221.9962825563542,207.02023024783261,206.91335102599754
2022-01-01,B,215.7483319869943,5,1,1,226.07889811393576,224.9437601227388,211.6274429106047,205.70659765701197,207.20770024573966
2022-01-02,B,196.93465166733523,6,1,2,215.7483319869943,199.36041441487123,203.3598416537069,205.36006012164967,206.748758103856
2022-01-03,B,176.3029492085809,0,1,3,196.93465166733523,180.2444672996211,176.9915796629699,204.79698610864395,206.69957021425677
2022-01-04,B,187.57863176070063,1,1,4,176.3029492085809,187.40646917431695,199.94909984643635,204.8215807638416,205.81596535098993
2022-01-05,B,214.67434978925232,2,1,5,187.57863176070063,207.8734898039712,196.03572791226875,205.79313219031033,207.1472954850602
2022-01-06,B,212.05732263631867,3,1,6,214.67434978925232,223.2341128053732,217.5622456097445,204.19644788044542,206.75408670124403
2022-01-07,B,225.35949152869935,4,1,7,212.05732263631867,226.07889811393576,242.1193650334064,204.0936755111259,205.55695287947927
2022-01-08,B,209.5070307395715,5,1,8,225.35949152869935,215.7483319869943,224.9437601227388,203.20206104720836,204.45432935211016
2022-01-09,B,199.61052605023144,6,1,9,209.5070307395715,196.93465166733523,199.36041441487123,203.58432881619356,204.4721944689216
2022-01-10,B,184.79978371523663,0,1,10,199.61052605023144,176.3029492085809,180.2444672996211,204.79816231714435,204.79757421289418
2022-01-11,B,203.5999370878545,1,1,11,184.79978371523663,187.57863176070063,187.40646917431695,207.08692022102352,205.95425049243255
2022-01-12,B,211.48009266094925,2,1,12,203.5999370878545,214.67434978925232,207.8734898039712,206.63059777412306,206.2118649822167
2022-01-13,B,212.57964176057976,3,1,13,211.48009266094925,212.05732263631867,223.2341128053732,206.70521479187462,205.45083133616
2022-01-14,B,232.31582978399388,4,1,14,212.57964176057976,225.35949152869935,226.07889811393576,207.69897739977384,205.89632645544984
2022-01-15,B,209.9379173897122,5,1,15,232.31582978399388,209.5070307395715,215.7483319869943,207.76053263550824,205.4812968413583
2022-01-16,B,194.17382171409676,6,1,16,209.9379173897122,199.61052605023144,196.93465166733523,206.983860587489,205.28409470184127
2022-01-17,B,190.4894713946983,0,1,17,194.17382171409676,184.79978371523663,176.3029492085809,207.7966731131264,206.29741771513537
2022-01-18,B,187.91687848028585,1,1,18,190.4894713946983,203.5999370878545,187.57863176070063,205.556236169188,206.32157819510576
2022-01-19,B,214.6403440280805,2,1,19,187.91687848028585,211.48009266094925,214.67434978925232,206.00770065020674,206.3191492121649
2022-01-20,B,216.9480566647601,3,1,20,214.6403440280805,212.57964176057976,212.05732263631867,206.6317599222325,206.66848735705358
2022-01-21,B,222.06450334042353,4,1,21,216.9480566647601,232.31582978399388,225.35949152869935,205.1672847160082,206.433131057891
2022-01-22,B,210.9542351614943,5,1,22,222.06450334042353,209.9379173897122,209.5070307395715,205.31247296911988,206.5365028023141
2022-01-23,B,194.3347527683472,6,1,23,210.9542351614943,194.17382171409676,199.61052605023144,205.3354631197271,206.15966185360807
2022-01-24,B,196.842521748294,0,1,24,194.3347527683472,190.4894713946983,184.79978371523663,206.24304174166937,207.01985742739785
2022-01-25,B,196.95129825707772,1,1,25,196.842521748294,187.91687848028585,203.5999370878545,207.53367313835392,206.54495465377093
2022-01-26,B,221.24711919966532,2,1,26,196.95129825707772,214.6403440280805,211.48009266094925,208.477498162866,207.24259940653639
2022-01-27,B,241.3553608581325,3,1,27,221.24711919966532,216.9480566647601,212.57964176057976,211.96425590477637,209.29800791350445
2022-01-28,B,218.8404095757654,4,1,28,241.3553608581325,222.06450334042353,232.31582978399388,211.5036710812538,208.33547789863096
2022-01-29,B,216.83862539856588,5,1,29,218.8404095757654,210.9542351614943,209.9379173897122,212.3442982579783,208.8283856135491
2022-01-30,B,189.52033029210844,6,1,30,216.83862539856588,194.3347527683472,194.17382171409676,211.65652361851562,208.49599336912135
2022-01-31,B,181.89821195199505,0,1,31,189.52033029210844,196.842521748294,190.4894713946983,209.5216222190443,207.88233198035684
2022-02-01,B,186.95033789622116,1,2,32,181.89821195199505,196.95129825707772,187.91687848028585,208.09291359606482,207.81329336720935
2022-02-02,B,199.18039864453215,2,2,33,186.95033789622116,221.24711919966532,214.6403440280805,204.94052494533148,206.70901155409874
2022-02-03,B,214.869179113821,3,2,34,199.18039864453215,241.3553608581325,216.9480566647601,201.15678469614414,206.56052030046027
2022-02-04,B,226.00194087313227,4,2,35,214.869179113821,218.8404095757654,222.06450334042353,202.17986059576802,206.8417658385109
2022-02-05,B,206.61159510292885,5,2,36,226.00194087313227,216.83862539856588,210.9542351614943,200.71885626781983,206.53157726289905
2022-02-06,B,205.73701856842743,6,2,37,206.61159510292885,189.52033029210844,194.3347527683472,203.0355260215797,207.34602482004763
2022-02-07,B,180.8471011447112,0,2,38,205.73701856842743,181.89821195199505,196.842521748294,202.88536733482488,206.2034947769346
2022-02-08,B,214.53761980910747,1,2,39,180.8471011447112,186.95033789622116,196.95129825707772,206.8264076080943,207.4596606020796
2022-02-09,B,204.0966320999929,2,2,40,214.53761980910747,199.18039864453215,221.24711919966532,207.52872667316018,206.23462580924584
2022-02-10,B,223.93048850241448,3,2,41,204.0966320999929,214.869179113821,241.3553608581325,208.82319944295924,204.98999206955168
2022-02-11,B,216.86355649563615,4,2,42,223.93048850241448,226.00194087313227,218.8404095757654,207.51771596045978,204.8487882781139
2022-02-12,B,230.06414658511164,5,2,43,216.86355649563615,206.61159510292885,216.83862539856588,210.86808045791443,205.79346836286715
2022-02-13,B,208.02607841182015,6,2,44,230.06414658511164,205.73701856842743,189.52033029210844,211.19508900697056,207.11530751427514
2022-02-14,B,190.6345264800104,0,2,45,208.02607841182015,180.8471011447112,181.89821195199505,212.59329262629902,207.73932998056196
2022-02-15,B,181.3567177281696,1,2,46,190.6345264800104,214.53761980910747,186.95033789622116,207.85316375759362,207.33978568284397
2022-02-16,B,209.46311279957231,2,2,47,181.3567177281696,204.0966320999929,199.18039864453215,208.61980385753353,208.07426526534684
2022-02-17,B,214.45296906900984,3,2,48,209.46311279957231,223.93048850241448,214.869179113821,207.2658725099043,208.04453597643175
2022-02-18,B,238.9951981492215,4,2,49,214.45296906900984,216.86355649563615,226.00194087313227,210.4275356032736,208.9726257818667
2022-02-19,B,222.9590404449864,5,2,50,238.9951981492215,230.06414658511164,206.61159510292885,209.41252044039862,210.1403004491565
2022-02-20,B,199.90365534336712,6,2,51,222.9590404449864,208.02607841182015,205.73701856842743,208.25217428776247,209.72363164736652
2022-02-21,B,168.8382642782126,0,2,52,199.90365534336712,190.6345264800104,180.8471011447112,205.13842254464848,208.86585758547375
2022-02-22,B,184.3338803592051,1,2,53,168.8382642782126,181.3567177281696,214.53761980910747,205.56373149193928,206.70844762476642
2022-02-23,B,213.3499369006463,2,2,54,184.3338803592051,209.46311279957231,204.0966320999929,206.11899207780698,207.36939796767024
2022-02-24,B,233.19755704100433,3,2,55,213.3499369006463,214.45296906900984,223.93048850241448,208.79679035952046,208.0313314347124
2022-02-25,B,236.2397846034413,4,2,56,233.19755704100433,238.9951981492215,216.86355649563615,208.40315985298048,209.41534772812705
2022-02-26,B,203.81944864229777,5,2,57,236.2397846034413,222.9590404449864,230.06414658511164,205.66893245259638,207.54072644649747
2022-02-27,B,201.622631560041,6,2,58,203.81944864229777,199.90365534336712,208.02607841182015,205.91450048354977,207.0833373856561
2022-02-28,B,196.52346138612475,0,2,59,201.622631560041,168.8382642782126,190.6345264800104,209.8695286418229,207.50397559323574
2022-03-01,B,179.00459373388918,1,3,60,196.52346138612475,184.3338803592051,181.3567177281696,209.1082019810635,207.3359667365014
2022-03-02,B,207.85468179493105,2,3,61,179.00459373388918,213.3499369006463,209.46311279957231,208.3231655373899,207.22107880759845
2022-03-03,B,225.75529676375655,3,3,62,207.85468179493105,233.19755704100433,214.45296906900984,207.2599854977831,208.02838792865177
2022-03-04,B,225.03037950280057,4,3,63,225.75529676375655,236.2397846034413,238.9951981492215,205.65864191197724,207.03090088247885
2022-03-05,B,201.80832788709023,5,3,64,225.03037950280057,203.81944864229777,222.9590404449864,205.37133894694762,205.520135699772
2022-03-06,B,196.67469829501837,6,3,65,201.80832788709023,201.622631560041,199.90365534336712,204.6644913376587,205.28949591060424
2022-03-07,B,185.85096628229132,0,3,66,196.67469829501837,196.52346138612475,168.8382642782126,203.1398491799682,206.50468891089557
2022-03-08,B,191.15676909223492,1,3,67,185.85096628229132,179.00459373388918,184.3338803592051,204.87587423116042,206.99203810611198
2022-03-09,B,203.480216584586,2,3,68,191.15676909223492,207.85468179493105,213.3499369006463,204.2509506296826,206.28705808353627
2022-03-10,B,220.0905304214255,3,3,69,203.480216584586,225.75529676375655,233.19755704100433,203.44169829506384,205.35084189642345
2022-03-11,B,227.1889159928688,4,3,70,220.0905304214255,225.03037950280057,236.2397846034413,203.75006065078787,204.70435128138257
2022-03-12,B,220.235329640128,5,3,71,227.1889159928688,201.80832788709023,203.81944864229777,206.3824894726504,205.87691420979903
2022-03-13,B,196.9149391428253,6,3,72,220.235329640128,196.67469829501837,201.622631560041,206.41680959376572,205.54065046571216
2022-03-14,B,185.2622883674576,0,3,73,196.9149391428253,185.85096628229132,196.52346138612475,206.33271274878945,204.73628096437878
2022-03-15,B,193.1502507047224,1,3,74,185.2622883674576,191.15676909223492,179.00459373388918,206.61749583628765,205.74668503372405
2022-03-16,B,192.6907306508948,2,3,75,193.1502507047224,203.480216584586,207.85468179493105,205.07614070290316,204.6635456662929
2022-03-17,B,227.5209787352387,3,3,76,192.6907306508948,220.0905304214255,225.75529676375655,206.1376333191622,204.78966580711304
2022-03-18,B,227.57213154473055,4,3,77,227.5209787352387,227.1889159928688,225.03037950280057,206.19237839799962,204.97121952439377
2022-03-19,B,217.08331108321923,5,3,78,227.57213154473055,220.235329640128,201.80832788709023,205.74209003272696,206.06228975268868
2022-03-20,B,207.10629777650277,6,3,79,217.08331108321923,196.9149391428253,196.67469829501837,207.19799840896658,206.80740400136614
2022-03-21,B,172.98702562408582,0,3,80,207.10629777650277,185.2622883674576,185.85096628229132,205.44438944562776,205.8885510972086
2022-03-22,B,176.69081750988624,1,3,81,172.98702562408582,193.1502507047224,191.15676909223492,203.09304184636545,204.85526884132656
2022-03-23,B,210.3185588907163,2,3,82,176.69081750988624,192.6907306508948,203.480216584586,205.61130302348283,205.343721863193
2022-03-24,B,223.71783294647017,3,3,83,210.3185588907163,227.5209787352387,220.0905304214255,205.06799648223017,205.6028149006962
2022-03-25,B,229.0081219373199,4,3,84,223.71783294647017,227.57213154473055,227.1889159928688,205.27313796688577,205.7327581824427
2022-03-26,B,213.1388163391296,5,3,85,229.0081219373199,217.08331108321923,220.235329640128,204.7096387177301,205.2258643752285
2022-03-27,B,204.80532277973697,6,3,86,213.1388163391296,207.10629777650277,196.9149391428253,204.3809280039064,205.78946320643652
2022-03-28,B,196.14073067847096,0,3,87,204.80532277973697,172.98702562408582,185.2622883674576,207.68860015453288,206.56649480008033
2022-03-29,B,196.42341689043997,1,3,88,196.14073067847096,176.69081750988624,193.1502507047224,210.5075429231834,206.80029238477442
2022-03-30,B,206.1115705309611,2,3,89,196.42341689043997,210.3185588907163,192.6907306508948,209.9065445860755,207.7589238047792
2022-03-31,B,206.98332275665288,3,3,90,206.1115705309611,223.71783294647017,227.5209787352387,207.5159002732445,206.29194837773733
2022-04-01,B,233.87066612615217,4,4,91,206.98332275665288,229.0081219373199,227.57213154473055,208.2105494430777,206.7418437049817
2022-04-02,B,226.6797323403204,5,4,92,233.87066612615217,213.1388163391296,217.08331108321923,210.14496601467636,207.42730236620324
2022-04-03,B,204.7170307517598,6,4,93,226.6797323403204,204.80532277973697,207.10629777650277,210.13235286782248,207.25664043586445
2022-04-04,B,181.7125505856721,0,4,94,204.7170307517598,196.14073067847096,172.98702562408582,208.07118428313692,207.8798922188349
2022-04-05,B,198.01198375823964,1,4,95,181.7125505856721,196.42341689043997,176.69081750988624,208.2981224071083,209.40283266514584
2022-04-06,B,215.15250593195896,2,4,96,198.01198375823964,206.1115705309611,210.3185588907163,209.58968460725086,209.74811459666316
2022-04-07,B,236.3854379100306,3,4,97,215.15250593195896,206.98332275665288,223.71783294647017,213.7899867720191,210.6529435226318
2022-04-08,B,220.7779671381016,4,4,98,236.3854379100306,233.87066612615217,229.0081219373199,211.91960120229757,210.06507532268762
2022-04-09,B,215.164336404297,5,4,99,220.7779671381016,226.6797323403204,213.1388163391296,210.27454464000854,210.20975532734244
2022-04-10,B,205.60880993510608,6,4,100,215.164336404297,204.7170307517598,204.80532277973697,210.40194166620086,210.26714726701167
2022-04-11,B,189.2790406461876,0,4,101,205.60880993510608,181.7125505856721,196.14073067847096,211.48286881770306,209.77702655042
2022-04-12,B,183.75307786255857,1,4,102,189.2790406461876,198.01198375823964,196.42341689043997,209.44588226117722,208.87200233414273
2022-04-13,B,211.65526861855292,2,4,103,183.75307786255857,215.15250593195896,206.1115705309611,208.9462769306906,209.26798076897074
2022-04-14,B,228.61427106823044,3,4,104,211.65526861855292,236.3854379100306,206.98332275665288,207.83611023900488,210.81304850551197
2022-04-15,B,228.56061977264295,4,4,105,228.61427106823044,220.7779671381016,233.87066612615217,208.9479177582251,210.43375948026133
2022-04-16,B,218.8027225681581,5,4,106,228.56061977264295,215.164336404297,226.6797323403204,209.46768721020524,209.87111592510686
2022-04-17,B,197.63105638254103,6,4,107,218.8027225681581,205.60880993510608,204.7170307517598,208.32800813126735,209.36497489873412
2022-04-18,B,200.71606163048045,0,4,108,197.63105638254103,189.2790406461876,181.7125505856721,209.96186827188063,210.72236854479186
2022-04-19,B,185.55623127933575,1,4,109,200.71606163048045,183.75307786255857,198.01198375823964,210.21946161713453,209.83267193915586
2022-04-20,B,203.70984230629873,2,4,110,185.55623127933575,211.65526861855292,215.15250593195896,209.08440071538394,209.0153388230373
2022-04-21,B,224.1429321759991,3,4,111,203.70984230629873,228.61427106823044,236.3854379100306,208.44563801649375,208.14087412774933
2022-04-22,B,234.95861889367225,4,4,112,224.1429321759991,228.56061977264295,220.7779671381016,209.35963789092648,209.15377782457577
2022-04-23,B,205.13712786003268,5,4,113,234.95861889367225,218.8027225681581,215.164336404297,207.40741007548,208.43754864284261
2022-04-24,B,189.2883996679738,6,4,114,205.13712786003268,197.63105638254103,205.60880993510608,206.21560197339895,207.27180505233315
2022-04-25,B,172.65807215294444,0,4,115,189.2883996679738,200.71606163048045,189.2790406461876,202.2073177623224,206.0845930171015
2022-04-26,B,193.09340062113313,1,4,116,172.65807215294444,185.55623127933575,183.75307786255857,203.28405623972202,206.75175892842827
2022-04-27,B,199.53203194082624,2,4,117,193.09340062113313,203.70984230629873,211.65526861855292,202.68722618751167,205.88581345144777
2022-04-28,B,221.0487172577054,3,4,118,199.53203194082624,224.1429321759991,228.61427106823044,202.24519548489826,205.345416750696
2022-04-29,B,233.2880822612689,4,4,119,221.0487172577054,234.95861889367225,228.56061977264295,202.00654739455493,205.68309264274072
2022-04-30,B,212.05384152459868,5,4,120,233.2880822612689,205.13712786003268,218.8027225681581,202.99464934663578,205.20102971105788
2022-05-01,B,201.69109991811467,6,5,121,212.05384152459868,189.2883996679738,197.63105638254103,204.7664636680845,205.49103282074174
2022-05-02,B,186.63526702287857,0,5,122,201.69109991811467,172.65807215294444,200.71606163048045,206.76320579236082,204.48526177734158
2022-05-03,B,198.27882340994827,1,5,123,186.63526702287857,193.09340062113313,185.55623127933575,207.50398047647724,205.39401835809963
2022-05-04,B,212.34957308733232,2,5,124,198.27882340994827,199.53203194082624,203.70984230629873,209.33505778312096,206.0111419853163
2022-05-05,B,218.65971863852164,3,5,125,212.34957308733232,221.0487172577054,224.1429321759991,208.99377226609474,205.6194838754965
2022-05-06,B,226.7179127850018,4,5,126,218.65971863852164,233.2880822612689,234.95861889367225,208.055176626628,205.0308620105915
2022-05-07,B,225.6062005426959,5,5,127,226.7179127850018,212.05384152459868,205.13712786003268,209.99122791492758,206.4929386307817
2022-05-08,B,203.05792876826897,6,5,128,225.6062005426959,201.69109991811467,189.2883996679738,210.18648917923537,207.47647642365993
2022-05-09,B,177.9243438929529,0,5,129,203.05792876826897,186.63526702287857,172.65807215294444,208.94207158924596,207.8526386908034
2022-05-10,B,198.21692344861904,1,5,130,177.9243438929529,198.27882340994827,193.09340062113313,208.9332287376275,208.21860460705238
2022-05-11,B,199.941733639128,2,5,131,198.21692344861904,212.34957308733232,199.53203194082624,207.16068024502687,208.24786901407396
2022-05-12,B,235.56536283767775,3,5,132,199.941733639128,218.65971863852164,221.0487172577054,209.57577227347775,209.28477226978626
2022-05-13,B,236.32998760100327,4,5,133,235.56536283767775,226.7179127850018,233.2880822612689,210.94892581862084,209.50205122262443
2022-05-14,B,219.64540723834756,5,5,134,236.32998760100327,225.6062005426959,212.05384152459868,210.09738391799965,210.04430591646363
2022-05-15,B,201.23884662379615,6,5,135,219.64540723834756,203.05792876826897,201.69109991811467,209.8375150402178,210.01200210972658
2022-05-16,B,187.49785237681277,0,5,136,201.23884662379615,177.9243438929529,186.63526702287857,211.20515910934066,210.0736153492933
2022-05-17,B,198.47024064051803,1,5,137,187.49785237681277,198.21692344861904,198.27882340994827,211.24134727961194,210.08728800861974
2022-05-18,B,205.72246333299103,2,5,138,198.47024064051803,199.941733639128,212.34957308733232,212.06716580730668,209.61392302616676
2022-05-19,B,226.21988731317867,3,5,139,205.72246333299103,235.56536283767775,218.65971863852164,210.73209787523533,210.15393507435655
2022-05-20,B,235.18274188450087,4,5,140,226.21988731317867,236.32998760100327,226.7179127850018,210.5682056300207,210.75856572432076
2022-05-21,B,212.90194115286607,5,5,141,235.18274188450087,219.64540723834756,225.6062005426959,209.6048533320948,209.85111862504723
2022-05-22,B,195.1215120264536,6,5,142,212.90194115286607,201.23884662379615,203.05792876826897,208.73094838961728,209.28423171491755
2022-05-23,B,179.6852566493066,0,5,143,195.1215120264536,187.49785237681277,177.9243438929529,207.61486328568782,209.41001119751425
2022-05-24,B,184.5963371303782,1,5,144,179.6852566493066,198.47024064051803,198.21692344861904,205.6328770699536,208.43711217478273
2022-05-25,B,194.13159626722512,2,5,145,184.5963371303782,205.72246333299103,199.941733639128,203.9770389177013,208.02210236250397
2022-05-26,B,230.2440287302536,3,5,146,194.13159626722512,226.21988731317867,235.56536283767775,204.55191626299774,207.64200706911654
2022-05-27,B,242.7486533590776,4,5,147,230.2440287302536,235.18274188450087,236.32998760100327,205.63276075936582,208.10048319469325
2022-05-28,B,228.86909511890372,5,5,148,242.7486533590776,212.90194115286607,219.64540723834756,207.91378275451407,208.7593180433044
2022-05-29,B,187.11244810743747,6,5,149,228.86909511890372,195.1215120264536,201.23884662379615,206.76963076608322,207.75028957785022
2022-05-30,B,195.1090879376221,0,5,150,187.11244810743747,179.6852566493066,187.49785237681277,208.97303523584256,208.29394926076517
2022-05-31,B,204.55903996884584,1,5,151,195.1090879376221,184.5963371303782,198.47024064051803,211.82484992705218,208.7288634985029
2022-06-01,B,205.17434898291745,2,6,152,204.55903996884584,194.13159626722512,205.72246333299103,213.40238602929398,208.68971247349765
2022-06-02,B,225.28704793339816,3,6,153,205.17434898291745,230.2440287302536,226.21988731317867,212.6942459154575,208.62308108922758
2022-06-03,B,212.28426268604773,4,6,154,225.28704793339816,242.7486533590776,235.18274188450087,208.34219010502463,206.98747543219523
2022-06-04,B,219.67042298502284,5,6,155,212.28426268604773,228.86909511890372,212.90194115286607,207.0280940858988,207.47093842020644
2022-06-05,B,191.68271625104023,6,6,156,219.67042298502284,187.11244810743747,195.1215120264536,207.68098953498492,207.22531015053406
2022-06-06,B,190.97740077853425,0,6,157,191.68271625104023,195.1090879376221,179.6852566493066,207.09074851225805,208.03189187405033
2022-06-07,B,180.7626358620176,1,6,158,190.97740077853425,204.55903996884584,184.5963371303782,203.69126221128258,207.75805606916742
2022-06-08,B,213.24176469471945,2,6,159,180.7626358620176,205.17434898291745,194.13159626722512,204.84375017011143,209.12306809970272
2022-06-09,B,232.74163996168244,3,6,160,213.24176469471945,225.28704793339816,230.2440287302536,205.90869188843777,209.30146890194763
2022-06-10,B,222.1520382688339,4,6,161,232.74163996168244,212.28426268604773,242.7486533590776,207.3183741145501,207.83028210978736
2022-06-11,B,208.51122305999667,5,6,162,222.1520382688339,219.67042298502284,228.86909511890372,205.72420269668922,206.376148391294
2022-06-12,B,183.01307981618865,6,6,163,208.51122305999667,191.68271625104023,187.11244810743747,204.48568320599614,206.08333637049054
2022-06-13,B,187.31908243271135,0,6,164,183.01307981618865,190.97740077853425,195.1090879376221,203.96306629945002,205.52690740585405
2022-06-14,B,188.66957783534556,1,6,165,187.31908243271135,180.7626358620176,204.55903996884584,205.09262943849686,204.39194582488975
2022-06-15,B,196.5608136701839,2,6,166,188.66957783534556,213.24176469471945,205.17434898291745,202.7096364349918,203.77669330255162
2022-06-16,B,228.2397586788361,3,6,167,196.5608136701839,232.74163996168244,225.28704793339816,202.06651053744233,203.98760121294004
2022-06-17,B,224.8877841777082,4,6,168,228.2397586788361,222.1520382688339,212.28426268604773,202.45733138156723,204.88785274805863
2022-06-18,B,209.07078611218873,5,6,169,224.8877841777082,208.51122305999667,219.67042298502284,202.53726896045177,204.1307358285705
2022-06-19,B,195.89475498153536,6,6,170,209.07078611218873,183.01307981618865,191.68271625104023,204.37750826978703,204.43159573789157
2022-06-20,B,198.09089708681992,0,6,171,195.89475498153536,187.31908243271135,190.97740077853425,205.91633893465968,204.93970261705485
2022-06-21,B,198.21589492971,1,6,172,198.09089708681992,188.66957783534556,180.7626358620176,207.28009851956887,206.18636397903288
2022-06-22,B,207.9988305470501,2,6,173,198.21589492971,196.5608136701839,213.24176469471945,208.91410093054975,205.8118686827708
2022-06-23,B,229.63851884612737,3,6,174,207.9988305470501,228.2397586788361,232.74163996168244,209.11392381159138,205.59021717451682
2022-06-24,B,219.2703216516022,4,6,175,229.63851884612737,224.8877841777082,222.1520382688339,208.3114291650048,205.384380273286
2022-06-25,B,218.00570465723732,5,6,176,219.2703216516022,209.07078611218873,208.51122305999667,209.58784610001175,206.06255753023177
2022-06-26,B,201.5799829406211,6,6,177,218.00570465723732,195.89475498153536,183.01307981618865,210.4000215227383,207.38876489626264
2022-06-27,B,185.83183877746333,0,6,178,201.5799829406211,198.09089708681992,187.31908243271135,208.6487274785445,207.28253320660207
2022-06-28,B,196.9461361373988,1,6,179,185.83183877746333,198.21589492971,188.66957783534556,208.4673333653572,207.873715942463
2022-06-29,B,202.8656414719543,2,6,180,196.9461361373988,207.9988305470501,196.5608136701839,207.7340206403435,208.32406078544662
2022-06-30,B,228.83431443068872,3,6,181,202.8656414719543,229.63851884612737,228.2397586788361,207.61913429528082,208.3665290534361
2022-07-01,B,233.04255754501608,4,7,182,228.83431443068872,219.2703216516022,224.8877841777082,209.5865965657685,208.9490128653867
2022-07-02,B,194.47953487591292,5,7,183,233.04255754501608,218.00570465723732,209.07078611218873,206.22571516843647,207.9067806342241
2022-07-03,B,209.99391999487872,6,7,184,194.47953487591292,201.5799829406211,195.89475498153536,207.42770617618754,208.9138638494629
2022-07-04,B,165.2795403927008,0,7,185,209.99391999487872,185.83183877746333,198.09089708681992,204.49166354979292,206.5701955141687
2022-07-05,B,188.60414731535883,1,7,186,165.2795403927008,196.9461361373988,198.21589492971,203.29995086093004,205.8836421131436
2022-07-06,B,217.38196345324155,2,7,187,188.60414731535883,202.8656414719543,207.9988305470501,205.3737111439711,206.5538658921573
2022-07-07,B,222.28752503653004,3,7,188,217.38196345324155,228.83431443068872,229.63851884612737,204.43845551623414,206.02879490575748
2022-07-08,B,216.96826958307955,4,7,189,222.28752503653004,233.04255754501608,219.2703216516022,202.1421286645289,205.86436261514874
2022-07-09,B,209.13698749782657,5,7,190,216.96826958307955,194.47953487591292,218.00570465723732,204.23605046765942,205.23088281804797
2022-07-10,B,208.7567904074332,6,7,191,209.13698749782657,209.99391999487872,201.5799829406211,204.05931766945292,205.74351192282026
2022-07-11,B,174.35863474120384,0,7,192,208.7567904074332,165.2795403927008,185.83183877746333,205.35633114781052,204.92399734880172
2022-07-12,B,202.63453839757375,1,7,193,174.35863474120384,188.60414731535883,196.9461361373988,207.36067273098408,205.33031179595704
2022-07-13,B,208.80843245691085,2,7,194,202.63453839757375,217.38196345324155,202.8656414719543,206.13588258865113,205.7547968663111
2022-07-14,B,215.35672626507989,3,7,195,208.80843245691085,222.28752503653004,228.83431443068872,205.14576847844396,204.79211199733905
2022-07-15,B,224.10290693448457,4,7,196,215.35672626507989,216.96826958307955,233.04255754501608,206.16500238578755,204.1535655251582
2022-07-16,B,209.8191593328193,5,7,197,224.10290693448457,209.13698749782657,194.47953487591292,206.2624555050722,205.2492529863658
2022-07-17,B,207.54141611380695,6,7,198,209.8191593328193,208.7567904074332,209.99391999487872,206.08883060598274,205.07407413771784
2022-07-18,B,195.66016353376585,0,7,199,207.54141611380695,174.35863474120384,165.2795403927008,209.1319061477773,207.2441186477939
2022-07-19,B,179.91939058893905,1,7,200,195.66016353376585,202.63453839757375,188.60414731535883,205.88688503225805,206.62377888162106
2022-07-20,B,206.09058237116415,2,7,201,179.91939058893905,208.80843245691085,217.38196345324155,205.49862073429424,205.81725166147268
2022-07-21,B,218.06047367993497,3,7,202,206.09058237116415,215.35672626507989,222.28752503653004,205.88487036498782,205.5153194217159
2022-07-22,B,239.1859773306512,4,7,203,218.06047367993497,224.10290693448457,216.96826958307955,208.03959470729734,207.10229854654244
2022-07-23,B,207.2262311866915,5,7,204,239.1859773306512,209.8191593328193,209.13698749782657,207.6691764007077,206.96581595288993
2022-07-24,B,213.51551741448725,6,7,205,207.2262311866915,207.54141611380695,208.7567904074332,208.52261944366202,207.30572502482235
2022-07-25,B,189.6044532095973,0,7,206,213.51551741448725,195.66016353376585,174.35863474120384,207.6575179687808,208.39471205827905
2022-07-26,B,184.44727447897793,1,7,207,189.6044532095973,179.91939058893905,202.63453839757375,208.3043585245006,207.09562177837935
2022-07-27,B,203.97119591731425,2,7,208,184.44727447897793,206.09058237116415,208.80843245691085,208.0015890310935,206.75010488269388
2022-07-28,B,218.62307832261277,3,7,209,203.97119591731425,218.06047367993497,215.35672626507989,208.0819611229046,206.9834157439462
2022-07-29,B,218.71102043692187,4,7,210,218.62307832261277,239.1859773306512,224.10290693448457,205.15696728094326,206.59828099412033
2022-07-30,B,218.85570907961431,5,7,211,218.71102043692187,207.2262311866915,209.8191593328193,206.81832126564652,207.24374883317708
2022-07-31,B,190.92843024154283,6,7,212,218.85570907961431,213.51551741448725,207.54141611380695,203.59159452665446,206.0571069851582
2022-08-01,B,172.49795152589743,0,8,213,190.92843024154283,189.6044532095973,195.66016353376585,201.1478085718402,204.4026632703105
2022-08-02,B,190.77540803330305,1,8,214,172.49795152589743,184.44727447897793,179.91939058893905,202.05182765102953,205.17809308776506
2022-08-03,B,195.03660988811504,2,8,215,190.77540803330305,203.97119591731425,206.09058237116415,200.77545821828676,204.38852362469012
2022-08-04,B,219.08881217429,3,8,216,195.03660988811504,218.62307832261277,218.06047367993497,200.84199162566924,204.4619763742869
2022-08-05,B,221.7052146142892,4,8,217,219.08881217429,218.71102043692187,239.1859773306512,201.26973365100744,203.21335046597534
2022-08-06,B,211.19743569563528,5,8,218,221.7052146142892,218.85570907961431,207.2262311866915,200.17569459615328,203.49700793089988
2022-08-07,B,216.8295295298713,6,8,219,211.19743569563528,190.92843024154283,213.51551741448725,203.87585163734303,203.73372308199876
2022-08-08,B,190.4622438032297,0,8,220,216.8295295298713,172.49795152589743,189.6044532095973,206.44217910553337,203.7949938386868
2022-08-09,B,195.8458579421209,1,8,221,190.4622438032297,190.77540803330305,184.44727447897793,207.16652909250732,204.60917837176842
2022-08-10,B,195.3183431587894,2,8,222,195.8458579421209,195.03660988811504,203.97119591731425,207.2067767026037,203.99111746044522
2022-08-11,B,219.94446411980465,3,8,223,195.3183431587894,219.08881217429,218.62307832261277,207.32901269482005,204.08550216024466
2022-08-12,B,230.77052883271833,4,8,224,219.94446411980465,221.7052146142892,218.71102043692187,208.62405758316706,204.94689561708725
2022-08-13,B,210.04100303860815,5,8,225,230.77052883271833,211.19743569563528,218.85570907961431,208.4588529178775,204.31727375701536
2022-08-14,B,208.15639753536445,6,8,226,210.04100303860815,216.8295295298713,190.92843024154283,207.21983406151938,205.54784284943122
2022-08-15,B,180.45944864873505,0,8,227,208.15639753536445,190.4622438032297,172.49795152589743,205.79086332516297,206.1165212153482
2022-08-16,B,191.66203085330665,1,8,228,180.45944864873505,195.8458579421209,190.77540803330305,205.19317374104668,206.17985141677698
2022-08-17,B,204.9111864797929,2,8,229,191.66203085330665,195.3183431587894,195.03660988811504,206.56357992976146,206.88517831618256
2022-08-18,B,226.56080453402367,3,8,230,204.9111864797929,219.94446411980465,219.08881217429,207.50877141750703,207.41889205616351
2022-08-19,B,223.99425728841248,4,8,231,226.56080453402367,230.77052883271833,221.7052146142892,206.54073262546333,207.58239510431522
2022-08-20,B,216.14015539541313,5,8,232,223.99425728841248,210.04100303860815,211.19743569563528,207.41204010500687,207.9354465114422
2022-08-21,B,199.07292412306504,6,8,233,216.14015539541313,208.15639753536445,216.8295295298713,206.11440104610696,206.66711755381317
2022-08-22,B,184.27598934688257,0,8,234,199.07292412306504,180.45944864873505,190.4622438032297,206.65962114584235,206.22524223550266
2022-08-23,B,197.90378095827617,1,8,235,184.27598934688257,191.66203085330665,195.8458579421209,207.55129973226653,206.37223673665662
2022-08-24,B,211.57677666836867,2,8,236,197.90378095827617,204.9111864797929,195.3183431587894,208.5035269020631,207.53355341591228
2022-08-25,B,224.60739776701425,3,8,237,211.57677666836867,226.56080453402367,219.94446411980465,208.22446879249034,207.86662010499867
2022-08-26,B,225.7445812656304,4,8,238,224.60739776701425,223.99425728841248,230.77052883271833,208.47451507495003,207.50762385020667
2022-08-27,B,224.7497267262111,5,8,239,225.7445812656304,216.14015539541313,210.04100303860815,209.7044538364926,208.55824697074974
2022-08-28,B,199.14536097684595,6,8,240,224.7497267262111,199.07292412306504,208.15639753536445,209.7148019584613,207.9146015022841
2022-08-29,B,187.76758317347563,0,8,241,199.14536097684595,184.27598934688257,180.45944864873505,210.213601076546,208.4366111111942
2022-08-30,B,194.9306203194741,1,8,242,187.76758317347563,197.90378095827617,191.66203085330665,209.78886384243145,208.67008178734903
2022-08-31,B,223.31243320350572,2,8,243,194.9306203194741,211.57677666836867,204.9111864797929,211.46538620459387,209.9844565533285
2022-09-01,B,214.66352973493977,3,9,244,223.31243320350572,224.60739776701425,226.56080453402367,210.04483362858323,209.1346512105368
2022-09-02,B,235.4171731478391,4,9,245,214.66352973493977,225.7445812656304,223.99425728841248,211.42663246889876,209.95057377192438
2022-09-03,B,203.3020752622167,5,9,246,235.4171731478391,224.7497267262111,216.14015539541313,208.3626822597567,209.03356804812466
2022-09-04,B,202.84029026325888,6,9,247,203.3020752622167,199.14536097684595,199.07292412306504,208.89052930067282,209.3026656295671
2022-09-05,B,202.8918941670236,0,9,248,202.84029026325888,187.76758317347563,184.27598934688257,211.05114515689397,210.63237311672
2022-09-06,B,198.07251834617733,1,9,249,202.8918941670236,194.9306203194741,197.90378095827617,211.4999877321373,210.64442578728435
2022-09-07,B,211.1748104381269,2,9,250,198.07251834617733,223.31243320350572,211.57677666836867,209.76604162279747,210.61571391369566
2022-09-08,B,220.9728537187546,3,9,251,211.1748104381269,214.66352973493977,224.60739776701425,210.6673736204853,210.35610362453426
2022-09-09,B,229.5767656773748,4,9,252,220.9728537187546,235.4171731478391,225.7445812656304,209.83302969613325,210.629831082516
2022-09-10,B,216.50101209896516,5,9,253,229.5767656773748,203.3020752622167,224.7497267262111,211.71859210138305,210.04063718056992
2022-09-11,B,194.88436220404947,6,9,254,216.50101209896516,202.84029026325888,199.14536097684595,210.58203095006743,209.73628012537014
2022-09-12,B,188.042296692425,0,9,255,194.88436220404947,202.8918941670236,187.76758317347563,208.4606598822676,209.7559025195808
2022-09-13,B,195.8202895055216,1,9,256,188.042296692425,198.07251834617733,194.9306203194741,208.13891290503108,209.81945031858416
2022-09-14,B,203.74214333163536,2,9,257,195.8202895055216,211.1748104381269,223.31243320350572,207.07710331838942,208.42157247059345
2022-09-15,B,219.07626497377296,3,9,258,203.74214333163536,220.9728537187546,214.66352973493977,206.8061620691063,208.73676784479582
2022-09-16,B,218.5165106427992,4,9,259,219.07626497377296,229.5767656773748,235.4171731478391,205.22612563559554,207.52957766586442
2022-09-17,B,221.71338490097156,5,9,260,218.5165106427992,216.50101209896516,203.3020752622167,205.97075032159646,208.84467121148973
2022-09-18,B,205.6048312333052,6,9,261,221.71338490097156,194.88436220404947,202.84029026325888,207.5022458972044,209.0421384236359
2022-09-19,B,192.28465524018577,0,9,262,205.6048312333052,188.042296692425,202.8918941670236,208.10829711831312,208.28447850029033
2022-09-20,B,202.0246742324092,1,9,263,192.28465524018577,195.8202895055216,198.07251834617733,208.99463779358274,208.5667753493069
2022-09-21,B,210.65289104659593,2,9,264,202.0246742324092,203.74214333163536,211.1748104381269,209.98188746714854,208.52949539276898
2022-09-22,B,228.7326771082463,3,9,265,210.65289104659593,219.07626497377296,220.9728537187546,211.36137491493045,209.08376849201838
2022-09-23,B,231.89922761870724,4,9,266,228.7326771082463,218.5165106427992,229.5767656773748,213.27319162577447,209.249658630685
2022-09-24,B,217.9253346069852,5,9,267,231.89922761870724,221.71338490097156,216.50101209896516,212.7320415837764,209.35139595268643
2022-09-25,B,197.06574058260205,6,9,268,217.9253346069852,205.6048312333052,194.88436220404947,211.51217149081882,209.50720869401158
2022-09-26,B,208.21466268269907,0,9,269,197.06574058260205,192.28465524018577,188.042296692425,213.78788683974926,210.9480919790312
2020-01-15,C,92.86189058511437,2,1,15,64.41193155576919,71.18262130834431,76.38439216117193,85.32830507310757,81.84574259315183
2020-01-16,C,97.06116207014784,3,1,16,92.86189058511437,105.22698264427166,90.31961797040712,84.16175927680418,82.32728145741903
2020-01-17,C,99.43405380296436,4,1,17,97.06116207014784,104.5940529064958,102.99065685125736,83.42461654772826,82.07323838254095
2020-01-18,C,83.5654440243454,5,1,18,99.43405380296436,78.66143894686797,90.72254013474124,84.12518870165358,81.56201723179838
2020-01-19,C,76.15730891228567,6,1,19,83.5654440243454,85.64989804982079,60.12403287680626,82.76910453914857,82.70725123433263
2020-01-20,C,64.50445568514557,0,1,20,76.15730891228567,65.8919408234132,69.5329178429235,82.57089237653892,82.34807536591993
2020-01-21,C,64.68101166995729,1,1,21,64.50445568514557,64.41193155576919,63.6698738078928,82.60933239285148,82.42029949892454
2020-01-22,C,73.89031937926937,2,1,22,64.68101166995729,92.86189058511437,71.18262130834431,79.89910793487364,82.6137065039906
2020-01-23,C,96.89628870290936,3,1,23,73.89031937926937,97.06116207014784,105.22698264427166,79.87555459669672,82.01865693675043
2020-01-24,C,99.1703981877696,4,1,24,96.89628870290936,99.43405380296436,104.5940529064958,79.83788950881174,81.63125302827
2020-01-25,C,78.25012047271781,5,1,25,99.1703981877696,83.5654440243454,78.66143894686797,79.07855757286495,81.60187313725928
2020-01-26,C,59.798076657305614,6,1,26,78.25012047271781,76.15730891228567,85.64989804982079,76.74152439358208,79.75531446636533
2020-01-27,C,65.28292904710193,0,1,27,59.798076657305614,64.50445568514557,65.8919408234132,76.85273487386156,79.71181362520024
2020-01-28,C,43.818534100496166,1,1,28,65.28292904710193,64.68101166995729,64.41193155576919,73.87238093536712,78.24085666410932
2020-01-29,C,81.92356449597034,2,1,29,43.818534100496166,73.89031937926937,92.86189058511437,75.01998738061012,77.45954765774188
2020-01-30,C,92.10225547762028,3,1,30,81.92356449597034,96.89628870290936,97.06116207014784,74.3351254912831,77.10534004398991
2020-01-31,C,110.26483139897609,4,1,31,92.10225547762028,99.1703981877696,99.43405380296436,75.92004452145545,77.87896701513361
2020-02-01,C,85.04023941943048,5,2,32,110.26483139897609,78.25012047271781,83.5654440243454,76.89006151384298,77.98430954335397
2020-02-02,C,76.91851925198434,6,2,33,85.04023941943048,59.798076657305614,76.15730891228567,79.33583902736851,78.0386817104753
2020-02-03,C,57.65646135679153,0,2,34,76.91851925198434,65.28292904710193,64.50445568514557,78.24634364303846,77.54953925845003
2020-02-04,C,65.61369591886893,1,2,35,57.65646135679153,43.818534100496166,64.68101166995729,81.35993818852027,77.6161595619437
2020-02-05,C,86.24504259771074,2,2,36,65.61369591886893,81.92356449597034,73.89031937926937,81.97729220305462,78.49863979183237
2020-02-06,C,92.2965442791243,3,2,37,86.24504259771074,92.10225547762028,96.89628870290936,82.00504774612662,78.17008661870487
2020-02-07,C,107.84136768999409,4,2,38,92.2965442791243,110.26483139897609,99.1703981877696,81.65883864484348,78.78944158314948
2020-02-08,C,81.10847214587972,5,2,39,107.84136768999409,85.04023941943048,78.25012047271781,81.0971576057648,78.9936095598039
2020-02-09,C,74.06945834850629,6,2,40,81.10847214587972,76.91851925198434,59.798076657305614,80.69014890526795,80.01299396631823
2020-02-10,C,68.28295993906676,0,2,41,74.06945834850629,57.65646135679153,65.28292904710193,82.20822013130726,80.22728188717285
2020-02-11,C,70.05408069537248,1,2,42,68.28295993906676,65.61369591886893,43.818534100496166,82.84256081366492,82.10124950109261
2020-02-12,C,95.75197943430368,2,2,43,70.05408069537248,86.24504259771074,81.92356449597034,84.2006946474639,83.08899342525926
2020-02-13,C,89.95954554130572,3,2,44,95.75197943430368,92.2965442791243,92.10225547762028,83.8668376849184,82.93594271552251
2020-02-14,C,88.90580467328824,4,2,45,89.95954554130572,107.84136768999409,110.26483139897609,81.16175725396042,81.41029794940195
2020-02-15,C,81.17344436484068,5,2,46,88.90580467328824,81.10847214587972,85.04023941943048,81.17103899952626,81.13409830264553
2020-02-16,C,77.06632621049683,6,2,47,81.17344436484068,74.06945834850629,76.91851925198434,81.59916297981063,81.14465594253927
2020-02-17,C,64.95529570098904,0,2,48,77.06632621049683,68.28295993906676,57.65646135679153,81.12378237437095,81.66600125283911
2020-02-18,C,65.6619041082992,1,2,49,64.95529570098904,70.05408069537248,65.61369591886893,80.49632857621762,81.66944469494128
2020-02-19,C,71.50683409763342,2,2,50,65.6619041082992,95.75197943430368,86.24504259771074,77.03273638526473,80.61671551636432
2020-02-20,C,102.27206849649356,3,2,51,71.50683409763342,89.95954554130572,92.2965442791243,78.79166823600585,81.32925296046213
2020-02-21,C,90.21143053294269,4,2,52,102.27206849649356,88.90580467328824,107.84136768999409,78.97818621595648,80.06997173495844
2020-02-22,C,98.46979196188678,5,2,53,90.21143053294269,81.17344436484068,81.10847214587972,81.4490930155345,81.31006600753038
2020-02-23,C,94.71236313329833,6,2,54,98.46979196188678,77.06632621049683,74.06945834850629,83.96995543307757,82.7845592064441
2020-02-24,C,63.973591469476474,0,2,55,94.71236313329833,64.95529570098904,68.28295993906676,83.82971197143293,82.47674717290192
2020-02-25,C,69.57878598645188,1,2,56,63.973591469476474,65.6619041082992,70.05408069537248,84.38926652545474,82.44279755083618
2020-02-26,C,76.61768240939604,2,2,57,69.57878598645188,71.50683409763342,95.75197943430368,85.11938771284939,81.07606204905707
2020-02-27,C,81.7254936512366,3,2,58,76.61768240939604,102.27206849649356,89.95954554130572,82.18416273495554,80.4879154854807
2020-02-28,C,95.2573839199753,4,2,59,81.7254936512366,90.21143053294269,88.90580467328824,82.90501321881733,80.94159971738691
2020-02-29,C,80.5251034441518,5,2,60,95.2573839199753,98.46979196188678,81.17344436484068,80.34148628771234,80.89528965162343
2020-03-01,C,60.34688920692947,6,3,61,80.5251034441518,94.71236313329833,77.06632621049683,75.43213286965965,79.7010441513686
2020-03-02,C,74.89093190293934,0,3,62,60.34688920692947,63.973591469476474,64.95529570098904,76.99175293158292,80.41073245150791
2020-03-03,C,67.16689111546619,1,3,63,74.89093190293934,69.57878598645188,65.6619041082992,76.6471965214421,80.51823152344842
2020-03-04,C,83.66813127554246,2,3,64,67.16689111546619,76.61768240939604,71.50683409763342,77.65440350232016,81.38689560758478
2020-03-05,C,93.80509136843122,3,3,65,83.66813127554246,81.7254936512366,102.27206849649356,79.38006031906227,80.7821115270089
2020-03-06,C,98.76624023473964,4,3,66,93.80509136843122,95.2573839199753,90.21143053294269,79.88132550688572,81.39316936285154
2020-03-07,C,97.05474090092652,5,3,67,98.76624023473964,80.5251034441518,98.46979196188678,82.24270228642499,81.29209428706865
2020-03-08,C,71.73429893875783,6,3,68,97.05474090092652,60.34688920692947,94.71236313329833,83.8694751052576,79.65080398745863
2020-03-09,C,65.42767394124205,0,3,69,71.73429893875783,74.89093190293934,63.973591469476474,82.51758111072942,79.75466702115617
2020-03-10,C,63.48602665856993,1,3,70,65.42767394124205,67.16689111546619,69.57878598645188,81.9917433311728,79.31946992630745
2020-03-11,C,77.96347757484429,2,3,71,63.48602665856993,83.66813127554246,76.61768240939604,81.17679280250164,79.4155981524109
2020-03-12,C,85.0920270352564,3,3,72,77.96347757484429,93.80509136843122,81.7254936512366,79.9320693263338,79.65606482269803
2020-03-13,C,84.39728646542018,4,3,73,85.0920270352564,98.76624023473964,95.2573839199753,77.87936164500245,78.88034357594408
2020-03-14,C,87.31591030455084,5,3,74,84.39728646542018,97.05474090092652,80.5251034441518,76.4881001312345,79.36540120882974
2020-03-15,C,72.5150394943355,6,3,75,87.31591030455084,71.73429893875783,60.34688920692947,76.59963449631702,80.23455480078731
2020-03-16,C,50.963152213444005,0,3,76,72.5150394943355,65.42767394124205,74.89093190293934,74.53327424948873,78.52542768010908
2020-03-17,C,64.84833219112306,1,3,77,50.963152213444005,63.48602665856993,67.16689111546619,74.72788932556774,78.35981632837027
2020-03-18,C,81.20079127469486,2,3,78,64.84833219112306,77.96347757484429,83.66813127554246,75.19036271126069,78.18357775688116
2020-03-19,C,79.16934638166632,3,3,79,81.20079127469486,85.0920270352564,93.80509136843122,74.34426547503354,77.13816740068367
2020-03-20,C,92.96835175859124,4,3,80,79.16934638166632,84.39728646542018,98.76624023473964,75.56870337405799,76.72403250953023
2020-03-21,C,92.73658673303576,5,3,81,92.96835175859124,87.31591030455084,97.05474090092652,76.34308572098439,76.41559292610944
2020-03-22,C,75.22960586362578,6,3,82,92.73658673303576,72.5150394943355,71.73429893875783,76.73088091659729,76.66525770645715
2020-03-23,C,52.09286324598628,0,3,83,75.22960586362578,50.963152213444005,65.42767394124205,76.89226820696047,75.7127712282246
2020-03-24,C,66.46178558546816,1,3,84,52.09286324598628,64.84833219112306,63.48602665856993,77.12276154900977,75.92532543728875
2020-03-25,C,89.02009864372457,2,3,85,66.46178558546816,81.20079127469486,77.96347757484429,78.23980545887116,76.71508408506593
2020-03-26,C,102.70406417213869,3,3,86,89.02009864372457,79.16934638166632,85.0920270352564,81.6019080003672,77.97308673770037
2020-03-27,C,99.59713280838588,4,3,87,102.70406417213869,92.96835175859124,84.39728646542018,82.54887672176645,79.05879004791221
2020-03-28,C,85.80473514662788,5,3,88,99.59713280838588,92.73658673303576,87.31591030455084,81.55861220942246,78.95084896520343
2020-03-29,C,67.168450223854,6,3,89,85.80473514662788,75.22960586362578,72.5150394943355,80.40701854659791,78.56894973159761
2020-03-30,C,65.13489091053165,0,3,90,67.168450223854,52.09286324598628,50.963152213444005,82.27016535581869,79.58121678138959
2020-03-31,C,66.82510303668339,1,3,91,65.13489091053165,66.46178558546816,64.84833219112306,82.32206784884943,79.72241469892961
2020-04-01,C,85.94614295972832,2,4,92,66.82510303668339,89.02009864372457,81.20079127469486,81.88293132256425,80.0613683907177
2020-04-02,C,97.61254107525068,3,4,93,85.94614295972832,102.70406417213869,79.16934638166632,81.15557088015169,81.37873944025945
2020-04-03,C,106.979600777347,4,4,94,97.61254107525068,99.59713280838588,92.96835175859124,82.21020916143185,82.37954294159913
2020-04-04,C,90.37535598695376,5,4,95,106.979600777347,85.80473514662788,92.73658673303576,82.86315499576412,82.21088360259328
2020-04-05,C,78.55078589765321,6,4,96,90.37535598695376,67.168450223854,75.22960586362578,84.489202949164,82.44811074788096
2020-04-06,C,68.42898488025762,0,4,97,78.55078589765321,65.13489091053165,52.09286324598628,84.95978780198199,83.61497657890035
2020-04-07,C,58.89812827981173,1,4,98,68.42898488025762,66.82510303668339,66.46178558546816,83.82736283671463,83.07471534278203
2020-04-08,C,66.51582860601495,2,4,99,58.89812827981173,85.94614295972832,89.02009864372457,81.05160364332698,81.46726748294563
2020-04-09,C,108.97556348846808,3,4,100,66.51582860601495,97.61254107525068,102.70406417213869,82.6748925595009,81.91523171982631
2020-04-10,C,102.5528290903356,4,4,101,108.97556348846808,106.979600777347,99.59713280838588,82.04249660421358,82.12635288282272
2020-04-11,C,75.97279862939313,5,4,102,102.5528290903356,90.37535598695376,85.80473514662788,79.98498841027633,81.42407170302022
2020-04-12,C,66.63279026092025,6,4,103,75.97279862939313,78.55078589765321,67.168450223854,78.28241760502877,81.38581027709638
2020-04-13,C,67.70746712635324,0,4,104,66.63279026092025,68.42898488025762,65.13489091053165,78.17934364018528,81.56956572108365
2020-04-14,C,63.16699674261744,1,4,105,67.70746712635324,58.89812827981173,66.82510303668339,78.78918199201466,81.30827241436464
2020-04-15,C,76.95455969649811,2,4,106,63.16699674261744,66.51582860601495,85.94614295972832,80.28042929065512,80.66601646699107
2020-04-16,C,107.90474559292534,3,4,107,76.95455969649811,108.97556348846808,97.61254107525068,80.12745530557758,81.40117393253924
2020-04-17,C,92.19133214363713,4,4,108,107.90474559292534,102.5528290903356,106.979600777347,78.64724145604923,80.34486903013139
2020-04-18,C,83.37352900139365,5,4,109,92.19133214363713,75.97279862939313,90.37535598695376,79.7044886520493,79.84473853116283
2020-04-19,C,74.10450810912627,6,4,110,83.37352900139365,66.63279026092025,78.55078589765321,80.77187691607875,79.52714726055376
2020-04-20,C,64.7261823138957,0,4,111,74.10450810912627,67.70746712635324,68.42898488025762,80.34597908572766,79.26266136295646
2020-04-21,C,69.4452257364764,1,4,112,64.7261823138957,63.16699674261744,58.89812827981173,81.24286894199324,80.01602546700396
2020-04-22,C,88.41102547767261,2,4,113,69.4452257364764,76.95455969649811,66.51582860601495,82.87950691073245,81.57996810069379
2020-04-23,C,98.35638974594372,3,4,114,88.41102547767261,107.90474559292534,108.97556348846808,81.51545607544936,80.82145569051347
2020-04-24,C,104.55477089628492,4,4,115,98.35638974594372,92.19133214363713,102.5528290903356,83.28166161154188,80.96445153379557
2020-04-25,C,87.75515185898159,5,4,116,104.55477089628492,83.37352900139365,75.97279862939313,83.90760773405445,81.80604819305188
2020-04-26,C,72.98507280470379,6,4,117,87.75515185898159,74.10450810912627,66.63279026092025,83.74768840485126,82.25978266046499
2020-04-27,C,62.53288636796377,0,4,118,72.98507280470379,64.7261823138957,67.70746712635324,83.43436041257527,81.89016974915145
2020-04-28,C,67.26533661837283,1,4,119,62.53288636796377,69.4452257364764,63.16699674261744,83.1229476814176,82.18290831170542
2020-04-29,C,87.37150965185305,2,4,120,67.26533661837283,88.41102547767261,76.95455969649811,82.97444542058624,82.92697616565934
2020-04-30,C,101.27899630612022,3,4,121,87.37150965185305,98.35638974594372,107.90474559292534,83.3919606434686,82.45370835945899
2020-05-01,C,101.06350547804914,4,5,122,101.27899630612022,104.55477089628492,92.19133214363713,82.89320844086349,83.0874350262027
2020-05-02,C,83.42588812404414,5,5,123,101.06350547804914,87.75515185898159,83.37352900139365,82.27474219301527,83.09117496353487
2020-05-03,C,73.09492651338195,6,5,124,83.42588812404414,72.98507280470379,74.10450810912627,82.2904355799693,83.01906199241026
2020-05-04,C,61.518540718438835,0,5,125,73.09492651338195,62.53288636796377,64.7261823138957,82.14552905860857,82.78994473559193
2020-05-05,C,67.16007424039609,1,5,126,61.518540718438835,67.26533661837283,69.4452257364764,82.1304915760405,82.62671962872903
2020-05-06,C,98.9134637183844,2,5,127,67.16007424039609,87.37150965185305,88.41102547767261,83.77934215697353,83.37689378877988
2020-05-07,C,92.717718692302,3,5,128,98.9134637183844,101.27899630612022,98.35638974594372,82.55630249785665,82.97413157066262
2020-05-08,C,104.15815167792066,4,5,129,92.717718692302,101.06350547804914,104.55477089628492,82.99839481212402,82.94580162649375
2020-05-09,C,98.51666261159704,5,5,130,104.15815167792066,83.42588812404414,87.75515185898159,85.15421973891728,83.71448096596627
2020-05-10,C,73.4076418317453,6,5,131,98.51666261159704,73.09492651338195,72.98507280470379,85.19889335582634,83.74466446789782
2020-05-11,C,80.51551402105216,0,5,132,73.4076418317453,61.518540718438835,62.53288636796377,87.91274668477108,85.02913787168984
2020-05-12,C,62.66037733810885,1,5,133,80.51551402105216,67.16007424039609,67.26533661837283,87.2699328415872,84.70021220881384
2020-05-13,C,83.92404510989175,2,5,134,62.66037733810885,98.9134637183844,87.37150965185305,85.12858732608825,84.45396474153088
2020-05-14,C,90.58752503155804,3,5,135,83.92404510989175,92.717718692302,101.27899630612022,84.82427394598197,83.69028822191932
2020-05-15,C,98.03771171384152,4,5,136,90.58752503155804,104.15815167792066,101.06350547804914,83.94992537968496,83.47416009590448
2020-05-16,C,92.03050742688562,5,5,137,98.03771171384152,98.51666261159704,83.42588812404414,83.02333178186903,84.08877576039315
2020-05-17,C,79.46412908748201,6,5,138,92.03050742688562,73.4076418317453,73.09492651338195,83.88854424697429,84.54371880140032
2020-05-18,C,64.43558180993352,0,5,139,79.46412908748201,80.51551402105216,61.518540718438835,81.59141107395733,84.75207887936422
2020-05-19,C,75.82768053670854,1,5,140,64.43558180993352,62.66037733810885,67.16007424039609,83.472454388043,85.3711936148151
2020-05-20,C,80.64167891665993,2,5,141,75.82768053670854,83.92404510989175,98.9134637183844,83.00354493186703,84.06606612897765
2020-05-21,C,94.3906928220598,3,5,142,80.64167891665993,90.58752503155804,92.717718692302,83.54685461622442,84.1855642811032
2020-05-22,C,122.55186052329302,4,5,143,94.3906928220598,98.03771171384152,104.15815167792066,87.0488758747175,85.49940062720123
2020-05-23,C,93.2630074093188,5,5,144,122.55186052329302,92.03050742688562,98.51666261159704,87.22494730077938,85.12413954132421
2020-05-24,C,67.00791429126198,6,5,145,93.2630074093188,79.46412908748201,73.4076418317453,85.44548804417651,84.6670161455754
2020-05-25,C,56.39878310983049,0,5,146,67.00791429126198,64.43558180993352,80.51551402105216,84.29737394416179,82.94439250905957
2020-05-26,C,58.2833924958499,1,5,147,56.39878310983049,75.82768053670854,62.66037733810885,81.79104708118199,82.6317507346125
2020-05-27,C,88.96402631832582,2,5,148,58.2833924958499,80.64167891665993,83.92404510989175,82.97995385284854,82.99174939235779
2020-05-28,C,94.20309278769608,3,5,149,88.96402631832582,94.3906928220598,90.58752503155804,82.95315384793945,83.25000423208193
2020-05-29,C,102.0089495403799,4,5,150,94.20309278769608,122.55186052329302,98.03771171384152,80.01845227895184,83.53366407683468
2020-05-30,C,89.67110688834687,5,5,151,102.0089495403799,93.2630074093188,92.03050742688562,79.50532363309871,83.36513546693904
2020-05-31,C,78.68577599268781,6,5,152,89.67110688834687,67.00791429126198,79.46412908748201,81.17358959044527,83.3095388173109
2020-06-01,C,55.24901053481291,0,6,153,78.68577599268781,56.39878310983049,64.43558180993352,81.00933636544276,82.65335515480227
2020-06-02,C,57.29032359302665,1,6,154,55.24901053481291,58.2833924958499,75.82768053670854,80.86746937932514,81.32925823025357
2020-06-03,C,83.33591999899447,2,6,155,57.29032359302665,88.96402631832582,80.64167891665993,80.06345419084924,81.52170402184889
2020-06-04,C,101.99585547851134,3,6,156,83.33591999899447,94.20309278769608,94.3906928220598,81.17670600382284,82.06492992588115
2020-06-05,C,103.72037830997918,4,6,157,101.99585547851134,102.0089495403799,122.55186052329302,81.42119582805131,80.71982405350158
2020-06-06,C,83.77361652114433,5,6,158,103.72037830997918,89.67110688834687,93.2630074093188,80.57869720416524,80.04201041863199
2020-06-07,C,78.32378553596142,6,6,159,83.77361652114433,78.68577599268781,67.00791429126198,80.52698428177575,80.8502869361105
2020-06-08,C,56.14214593119004,0,6,160,78.32378553596142,55.24901053481291,56.39878310983049,80.65457505268678,80.83195570906477
2020-06-09,C,61.792662793949866,1,6,161,56.14214593119004,57.29032359302665,58.2833924958499,81.29776636710439,81.08261787321477
2020-06-10,C,74.05998341383534,2,6,162,61.792662793949866,83.33591999899447,88.96402631832582,79.9726325692245,80.01804338003686
2020-06-11,C,107.66751806019822,3,6,163,74.05998341383534,101.99585547851134,94.20309278769608,80.78287008089407,80.97978804235845
2020-06-12,C,106.19756220348702,4,6,164,107.66751806019822,103.72037830997918,102.0089495403799,81.13675349425232,81.2789746611518
2020-06-13,C,95.15926342942387,5,6,165,106.19756220348702,83.77361652114433,89.67110688834687,82.76327448114941,81.6709858426573
2020-06-14,C,82.95166823844032,6,6,166,95.15926342942387,78.32378553596142,78.68577599268781,83.42440058150353,81.97569243163964
2020-06-15,C,84.66429740393494,0,6,167,82.95166823844032,56.14214593119004,55.24901053481291,87.49899364903851,84.07678435086265
2020-06-16,C,52.36123319102985,1,6,168,84.66429740393494,61.792662793949866,57.29032359302665,86.15164656290708,83.72470646500574
2020-06-17,C,75.7746690346647,2,6,169,52.36123319102985,74.05998341383534,83.33591999899447,86.39660165159698,83.18461711041074
2020-06-18,C,92.39892066765591,3,6,170,75.7746690346647,107.66751806019822,101.99585547851134,84.21537345266236,82.49912176677822
2020-06-19,C,94.3937029662766,4,6,171,92.39892066765591,106.19756220348702,103.72037830997918,82.5291078473466,81.83293067079946
2020-06-20,C,81.76872051323316,5,6,172,94.3937029662766,95.15926342942387,83.77361652114433,80.61617314503364,81.68972381309152
2020-06-21,C,70.64682242692774,6,6,173,81.76872051323316,82.95166823844032,78.32378553596142,78.85833802910327,81.1413693053034
2020-06-22,C,52.50034376578009,0,6,174,70.64682242692774,84.66429740393494,56.14214593119004,74.26348750936687,80.88124057920268
2020-06-23,C,68.7854510326802,1,6,175,52.50034376578009,52.36123319102985,61.792662793949866,76.60980434388834,81.38072545339772
2020-06-24,C,82.16533832318012,2,6,176,68.7854510326802,75.7746690346647,74.05998341383534,77.52275709939055,81.95967937549378
2020-06-25,C,101.24662072923115,3,6,177,82.16533832318012,92.39892066765591,107.66751806019822,78.78671425104416,81.50104385185327
2020-06-26,C,105.3321576285142,4,6,178,101.24662072923115,94.3937029662766,106.19756220348702,80.3493506313638,81.4392292393552
2020-06-27,C,95.2835113915462,5,6,179,105.3321576285142,81.76872051323316,95.15926342942387,82.28003504255139,81.44810409379251
2020-06-28,C,70.12684551484956,6,6,180,95.2835113915462,70.64682242692774,82.95166823844032,82.20575262654022,80.53204532782175
2020-06-29,C,79.2723907792347,0,6,181,70.12684551484956,52.50034376578009,84.66429740393494,86.03033077131946,80.14690914034315
2020-06-30,C,68.05063109430782,1,6,182,79.2723907792347,68.7854510326802,52.36123319102985,85.9253564944091,81.26758041914873
2020-07-01,C,66.92194380082306,2,7,183,68.05063109430782,82.16533832318012,75.7746690346647,83.74772870550096,80.63524290244575
2020-07-02,C,89.4494555150627,3,7,184,66.92194380082306,101.24662072923115,92.39892066765591,82.06241938919118,80.42456682011766
2020-07-03,C,87.41637617325581,4,7,185,89.4494555150627,105.3321576285142,94.3937029662766,79.50302203843998,79.9261863349019
2020-07-04,C,90.6682036674137,5,7,186,87.41637617325581,95.2835113915462,81.76872051323316,78.8436923635639,80.56186370305764
2020-07-05,C,72.2097452870844,6,7,187,90.6682036674137,70.12684551484956,70.64682242692774,79.14124947388316,80.6735010502117
2020-07-06,C,58.625908045039736,0,7,188,72.2097452870844,79.2723907792347,52.50034376578009,76.19175194042676,81.1110413558731
2020-07-07,C,82.3326611317253,1,7,189,58.625908045039736,68.05063109430782,68.7854510326802,78.23204194577211,82.0786992200906
2020-07-08,C,86.28375488450747,2,7,190,82.3326611317253,66.92194380082306,82.16533832318012,80.99801495772702,82.37287183161399
2020-07-09,C,103.34731844283328,3,7,191,86.28375488450747,89.4494555150627,101.24662072923115,82.98342394740853,82.52292166829986
2020-07-10,C,93.96188225201156,4,7,192,103.34731844283328,87.41637617325581,105.3321576285142,83.91849624437363,81.71075914140681
2020-07-11,C,82.60643757362512,5,7,193,93.96188225201156,90.6682036674137,95.2835113915462,82.76681537383242,80.80525386869817
2020-07-12,C,73.54870114235665,6,7,194,82.60643757362512,72.2097452870844,70.12684551484956,82.95809478172843,81.0496721278058
2020-07-13,C,63.82744081552337,0,7,195,73.54870114235665,58.625908045039736,79.2723907792347,83.70117089179755,79.94646141611214
2020-07-14,C,51.46482976567536,1,7,196,63.82744081552337,82.3326611317253,68.05063109430782,79.29148069664754,78.76176132120982
2020-07-15,C,80.51950577916554,2,7,197,51.46482976567536,86.28375488450747,66.92194380082306,78.46801653874157,79.7330157482343
2020-07-16,C,97.72117828432042,3,7,198,80.51950577916554,103.34731844283328,89.4494555150627,77.66428223038257,80.32385308889556
2020-07-17,C,99.7593468994494,4,7,199,97.72117828432042,93.96188225201156,87.41637617325581,78.49249146573084,81.20549385505224
2020-07-18,C,84.16254347556975,5,7,200,99.7593468994494,82.60643757362512,90.6682036674137,78.71479230886578,80.74080384134909
2020-07-19,C,69.00804576428185,6,7,201,84.16254347556975,73.54870114235665,72.2097452870844,78.0661272548551,80.51211101829176
2020-07-20,C,61.098580219793234,0,7,202,69.00804576428185,63.82744081552337,58.625908045039736,77.67629002689365,80.68873045934559
2020-07-21,C,67.11179256154189,1,7,203,61.098580219793234,51.46482976567536,82.3326611317253,79.91157042630314,79.60152556147536
2020-07-22,C,86.87036469243658,2,7,204,67.11179256154189,80.51950577916554,86.28375488450747,80.81883598534186,79.6434262620417
2020-07-23,C,106.32552133100953,3,7,205,86.87036469243658,97.72117828432042,103.34731844283328,82.0480278491546,79.8561550397686
2020-07-24,C,99.1958285074706,4,7,206,106.32552133100953,99.7593468994494,93.96188225201156,81.96752522172905,80.23000834372995
2020-07-25,C,87.09048727549074,5,7,207,99.1958285074706,84.16254347556975,82.60643757362512,82.38580290743207,80.55029760814891
2020-07-26,C,76.89564267799588,6,7,208,87.09048727549074,69.00804576428185,73.54870114235665,83.51260246653406,80.78936486069458
2020-07-27,C,67.47028316973235,0,7,209,76.89564267799588,61.098580219793234,63.82744081552337,84.4228457450968,81.04956788599522
2020-07-28,C,62.98185897666059,1,7,210,67.47028316973235,67.11179256154189,51.46482976567536,83.8328552329709,81.87221282963704
2020-07-29,C,88.42524991783162,2,7,211,62.98185897666059,86.87036469243658,80.51950577916554,84.05498169374161,82.43690883954174
2020-07-30,C,105.58542449072048,3,7,212,88.42524991783162,106.32552133100953,97.72117828432042,83.94925357370032,82.99864071142747
2020-07-31,C,111.954172091028,4,7,213,105.58542449072048,99.1958285074706,99.7593468994494,85.77187408563711,83.86969965368307
2020-08-01,C,105.03637416824212,5,8,214,111.954172091028,87.09048727549074,84.16254347556975,88.33557221317301,85.36068756030254
2020-08-02,C,66.53313825051586,6,8,215,105.03637416824212,76.89564267799588,69.00804576428185,86.85521443781872,85.1839084521764
2020-08-03,C,62.76477958317578,0,8,216,66.53313825051586,67.47028316973235,61.098580219793234,86.18299963973921,85.302922692418
2020-08-04,C,66.61575408575075,1,8,217,62.76477958317578,62.98185897666059,67.11179256154189,86.70212751246638,85.26749137271862
2020-08-05,C,81.38758362391181,2,8,218,66.61575408575075,88.42524991783162,86.87036469243658,85.69674661333498,84.87586415353829
2020-08-06,C,92.62470847466145,3,8,219,81.38758362391181,105.58542449072048,106.32552133100953,83.84521575389796,83.89723466379914
2020-08-07,C,89.80625440998008,4,8,220,92.62470847466145,111.954172091028,99.1958285074706,80.68122751374825,83.2265507996927
2020-08-08,C,91.62131255278554,5,8,221,89.80625440998008,105.03637416824212,87.09048727549074,78.76479014011161,83.55018117664231
2020-08-09,C,67.3876921534775,6,8,222,91.62131255278554,66.53313825051586,76.89564267799588,78.88686926910613,82.87104185346243
2020-08-10,C,63.41161182456672,0,8,223,67.3876921534775,62.76477958317578,67.47028316973235,78.97927387501912,82.58113675737916
2020-08-11,C,60.24325424928081,1,8,224,63.41161182456672,66.61575408575075,62.98185897666059,78.06891675552342,82.3855221339949
2020-08-12,C,73.44497547548735,2,8,225,60.24325424928081,81.38758362391181,88.42524991783162,76.93425844860563,81.3155025309703
2020-08-13,C,99.76326878462784,3,8,226,73.44497547548735,92.62470847466145,105.58542449072048,77.95405277860083,80.89963426624941
2020-08-14,C,102.9681927203508,4,8,227,99.76326878462784,89.80625440998008,111.954172091028,79.83432968008238,80.25777859691532
2020-08-15,C,95.58420282519144,5,8,228,102.9681927203508,91.62131255278554,105.03637416824212,80.40045686185464,79.58262350098312
2020-08-16,C,91.09151763127228,6,8,229,95.58420282519144,67.3876921534775,66.53313825051586,83.78671764439675,81.33679345675145
2020-08-17,C,65.01205029834266,0,8,230,91.09151763127228,63.41161182456672,62.76477958317578,84.01535171207902,81.49731279354907
2020-08-18,C,70.54632678945482,1,8,231,65.01205029834266,60.24325424928081,66.61575408575075,85.48721921781816,81.77806798667079
2020-08-19,C,73.6918216813737,2,8,232,70.54632678945482,73.44497547548735,81.38758362391181,85.52248296151622,81.22837070506093
2020-08-20,C,87.66369244739182,3,8,233,73.6918216813737,99.76326878462784,92.62470847466145,83.7939720561968,80.87401241739882
2020-08-21,C,114.49352615015552,4,8,234,87.66369244739182,102.9681927203508,89.80625440998008,85.4404482604546,82.63738897026847
2020-08-22,C,83.63217888522696,5,8,235,114.49352615015552,95.58420282519144,91.62131255278554,83.7330162690311,82.06673656544287
2020-08-23,C,65.32312499825207,6,8,236,83.63217888522696,91.09151763127228,67.3876921534775,80.0518173214568,81.91926748292677
2020-08-24,C,62.5510127489935,0,8,237,65.32312499825207,65.01205029834266,63.41161182456672,79.70024052869262,81.85779612038583
2020-08-25,C,66.01420341599248,1,8,238,62.5510127489935,70.54632678945482,60.24325424928081,79.05279433248371,82.27000677515095
2020-08-26,C,75.1623303308356,2,8,239,66.01420341599248,73.6918216813737,73.44497547548735,79.26286699669257,82.39267497910438
2020-08-27,C,95.58923629204784,3,8,240,75.1623303308356,87.66369244739182,99.76326878462784,80.39508754592914,82.09452980106296
2020-08-28,C,111.73596638723988,4,8,241,95.58923629204784,114.49352615015552,102.9681927203508,80.00115043694119,82.72079934869791
2020-08-29,C,84.64213832410896,5,8,242,111.73596638723988,83.63217888522696,95.58420282519144,80.14543035678149,81.9392233129063
2020-08-30,C,62.595367765141795,6,8,243,84.64213832410896,65.32312499825207,91.09151763127228,79.75575075205144,79.90378403675412
2020-08-31,C,70.47462315599431,0,8,244,62.595367765141795,62.5510127489935,65.01205029834266,80.8876950959087,80.29396781230068
2020-09-01,C,70.74418808858604,1,9,245,70.47462315599431,66.01420341599248,70.54632678945482,81.56340719199349,80.30810076223861
2020-09-02,C,77.48830348726284,2,9,246,70.74418808858604,75.1623303308356,73.6918216813737,81.89568907148309,80.57927803408782
2020-09-03,C,85.44175598280744,3,9,247,77.48830348726284,95.58923629204784,87.66369244739182,80.44604902730589,80.42056828661751
2020-09-04,C,96.01404386460044,4,9,248,85.44175598280744,111.73596638723988,114.49352615015552,78.20006009550026,79.10060526622071
2020-09-05,C,90.72252177003963,5,9,249,96.01404386460044,84.64213832410896,83.63217888522696,79.06868630206179,79.60705832942163
2020-09-06,C,83.14019442921216,6,9,250,90.72252177003963,62.595367765141795,65.32312499825207,82.00366153978612,80.87970614591879
2020-09-07,C,54.71128845990888,0,9,251,83.14019442921216,70.47462315599431,62.5510127489935,79.75175658320248,80.31972583955557
2020-09-08,C,66.19972381106011,1,9,252,54.71128845990888,70.74418808858604,66.01420341599248,79.10254740069878,80.33297729634614
2020-09-09,C,87.92367980168153,2,9,253,66.19972381106011,77.48830348726284,75.1623303308356,80.59331544561574,81.24450225854942
2020-09-10,C,79.11902346091792,3,9,254,87.92367980168153,85.44175598280744,95.58923629204784,79.69006794248867,80.06805848489728
2020-09-11,C,110.3113901296902,4,9,255,79.11902346091792,96.01404386460044,111.73596638723988,81.73254598035864,79.96630303792945
2020-09-12,C,81.77062275725224,5,9,256,110.3113901296902,90.72252177003963,84.64213832410896,80.45370326424616,79.76119478315397
2020-09-13,C,76.54085172786704,6,9,257,81.77062275725224,83.14019442921216,62.595367765141795,79.51094002119684,80.75730078049149
2020-09-14,C,65.04747952582213,0,9,258,76.54085172786704,54.71128845990888,70.47462315599431,80.98753874489874,80.36964766405062
2020-09-15,C,75.62264406493246,1,9,259,65.04747952582213,66.19972381106011,70.74418808858604,82.33367020973765,80.71810880521821
2020-09-16,C,86.99998763974031,2,9,260,75.62264406493246,87.92367980168153,77.48830348726284,82.20171418660318,81.39751481610948
2020-09-17,C,79.22090831812324,3,9,261,86.99998763974031,79.11902346091792,85.44175598280744,82.21626916620394,80.9531685543463
2020-09-18,C,95.83293687900122,4,9,262,79.22090831812324,110.3113901296902,96.01404386460044,80.1479187018198,80.94023234108921
2020-09-19,C,92.40593843979994,5,9,263,95.83293687900122,81.77062275725224,90.72252177003963,81.66724951361233,81.06047638892925
2020-09-20,C,72.39511876132322,6,9,264,92.40593843979994,76.54085172786704,83.14019442921216,81.07500194696321,80.29297098408003
2020-09-21,C,66.96497023706037,0,9,265,72.39511876132322,65.04747952582213,54.71128845990888,81.34892919142581,81.16823396816228
2020-09-22,C,73.33095544864949,1,9,266,66.96497023706037,75.62264406493246,66.19972381106011,81.02154510338539,81.6776076565615
2020-09-23,C,87.5302765541002,2,9,267,73.33095544864949,86.99998763974031,87.92367980168153,81.09730066257967,81.64950742459143
2020-09-24,C,96.59510278159752,3,9,268,87.5302765541002,79.22090831812324,79.11902346091792,83.579328443076,82.89779880463996
2020-09-25,C,87.41054483735536,4,9,269,96.59510278159752,95.83293687900122,110.3113901296902,82.37612957998373,81.26202414090177
2020-09-26,C,87.72651748420562,5,9,270,87.41054483735536,92.40593843979994,81.77062275725224,81.70764087204168,81.687445192827
2020-09-27,C,77.35597310546362,6,9,271,87.72651748420562,72.39511876132322,76.54085172786704,82.41633434977601,81.74566814836962
2020-09-28,C,54.49057644867256,0,9,272,77.35597310546362,66.96497023706037,65.04747952582213,80.63427809429206,80.99160364285892
2020-09-29,C,72.13629091433498,1,9,273,54.49057644867256,73.33095544864949,75.62264406493246,80.46361173224712,80.74257841781625
2020-09-30,C,89.9998791108714,2,9,274,72.13629091433498,87.5302765541002,86.99998763974031,80.81641209750015,80.95685638003991
2020-10-01,C,99.39430820247014,3,10,275,89.9998791108714,96.59510278159752,79.22090831812324,81.21629858619625,82.39781351463613
2020-10-02,C,77.74107206589007,4,10,276,99.39430820247014,87.41054483735536,95.83293687900122,79.83494533312977,81.10553745655675
2020-10-03,C,81.21573064341966,5,10,277,77.74107206589007,87.72651748420562,92.40593843979994,78.9048329273032,80.30623689967243
2020-10-04,C,89.18461125887056,6,10,278,81.21573064341966,77.35597310546362,72.39511876132322,80.5946383777899,81.50548636378296
2020-10-05,C,58.91192219491939,0,10,279,89.18461125887056,54.49057644867256,66.96497023706037,81.22625919868231,80.93026864648719
2020-10-06,C,51.2830173584002,1,10,280,58.91192219491939,72.13629091433498,73.33095544864949,78.24722011926306,79.3554159257551
2020-10-07,C,92.68478190928478,2,10,281,51.2830173584002,89.9998791108714,87.5302765541002,78.63077766189353,79.72359487969685
2020-10-08,C,98.55628719452258,3,10,282,92.68478190928478,99.39430820247014,96.59510278159752,78.5110603750439,79.86367948062006
2020-10-09,C,111.1609049781212,4,10,283,98.55628719452258,77.74107206589007,87.41054483735536,83.28532221964834,81.56013377638905
2020-10-10,C,93.72617701693898,5,10,284,111.1609049781212,81.21573064341966,87.72651748420562,85.0725288444368,81.98868088587001
2020-10-11,C,77.83364115018921,6,10,285,93.72617701693898,89.18461125887056,77.35597310546362,83.45096168605376,82.02280003192185
2020-10-12,C,66.25836859093246,0,10,286,77.83364115018921,58.91192219491939,54.49057644867256,84.50045402834134,82.86335661351184
2020-10-13,C,72.80613970887032,1,10,287,66.25836859093246,51.2830173584002,72.13629091433498,87.57518579269421,82.91120295597865
2020-10-14,C,101.09231646132103,2,10,288,72.80613970887032,92.68478190928478,89.9998791108714,88.77626215727082,83.70351990958218
2020-10-15,C,106.28756321991686,3,10,289,101.09231646132103,98.55628719452258,99.39430820247014,89.88073016089857,84.19589526797122
2020-10-16,C,89.74873659376503,4,10,290,106.28756321991686,111.1609049781212,77.74107206589007,86.82184896313342,85.05358559139087
2020-10-17,C,95.15386980748572,5,10,291,89.74873659376503,93.72617701693898,81.21573064341966,87.02580507606865,86.04916696025273
2020-10-18,C,83.36708427538755,6,10,292,95.15386980748572,77.83364115018921,89.18461125887056,87.816296951097,85.63362931857539
2020-10-19,C,73.0459711315758,0,10,293,83.36708427538755,66.25836859093246,58.91192219491939,88.78595445690318,86.64320424262226
2020-10-20,C,63.88346341909932,1,10,294,73.0459711315758,72.80613970887032,51.2830173584002,87.51128641550734,87.54323610410077
2020-10-21,C,92.26249850444806,2,10,295,63.88346341909932,101.09231646132103,92.68478190928478,86.24988385023975,87.5130730037553
2020-10-22,C,106.0115217987235,3,10,296,92.26249850444806,106.28756321991686,98.55628719452258,86.21044936149785,88.04558976119822
2020-10-23,C,123.04166070235732,4,10,297,106.0115217987235,89.74873659376503,111.1609049781212,90.96658137701104,88.89421517007223
2020-10-24,C,85.65063386533583,5,10,298,123.04166070235732,95.15386980748572,93.72617701693898,89.6089762424182,88.31739065924343
2020-10-25,C,70.24610358942887,6,10,299,85.65063386533583,83.36708427538755,77.83364115018921,87.73455043013838,87.77542369061769
2020-10-26,C,61.04548236167691,0,10,300,70.24610358942887,73.0459711315758,66.25836859093246,86.0201948915814,87.40307467424229
2020-10-27,C,63.44459615333171,1,10,301,61.04548236167691,63.88346341909932,72.80613970887032,85.95749956790031,86.73439299170381
2020-10-28,C,75.89284701490382,2,10,302,63.44459615333171,92.26249850444806,101.09231646132103,83.61897792653686,84.9344308883883
2020-10-29,C,76.55824862699373,3,10,303,75.89284701490382,106.0115217987235,106.28756321991686,79.4113674734326,82.81090841746524
2020-10-30,C,99.05399548688456,4,10,304,76.55824862699373,123.04166070235732,89.74873659376503,75.98455815693649,83.47556976697378
2020-10-31,C,94.67558230299365,5,10,305,99.05399548688456,85.65063386533583,95.15386980748572,77.27383650517332,83.44140637379576
2020-11-01,C,70.4296035066544,6,11,306,94.67558230299365,70.24610358942887,83.36708427538755,77.30005077906267,82.51730060460054
2020-11-02,C,79.04755428765958,0,11,307,70.4296035066544,61.04548236167691,73.0459711315758,79.87177533991735,82.94598511574938
2020-11-03,C,67.54344992543933,1,11,308,79.04755428765958,63.44459615333171,63.88346341909932,80.45732587878987,83.20741272334509
2020-11-04,C,93.41131552455651,2,11,309,67.54344992543933,75.89284701490382,92.26249850444806,82.95996423731167,83.28947108192426
2020-11-05,C,100.8210860442932,3,11,310,93.41131552455651,76.55824862699373,106.0115217987235,86.42608386835447,82.91872567089354
2020-11-06,C,109.21291982588562,4,11,311,100.8210860442932,99.05399548688456,123.04166070235732,87.87735877392605,81.93095846543126
2020-11-07,C,94.02472032693336,5,11,312,109.21291982588562,94.67558230299365,85.65063386533583,87.78437849163171,82.52910749840252
2020-11-08,C,85.39572539600066,6,11,313,94.02472032693336,70.4296035066544,70.24610358942887,89.92239590439546,83.61122334172907
2020-11-09,C,64.08208969055607,0,11,314,85.39572539600066,79.04755428765958,61.04548236167691,87.78447239052353,83.82812386522043
2020-11-10,C,71.47547915849252,1,11,315,64.08208969055607,67.54344992543933,63.44459615333171,88.34619085238829,84.40175836558907
2020-11-11,C,86.08381662235342,2,11,316,71.47547915849252,93.41131552455651,75.89284701490382,87.2994052949307,85.12968476612119
2020-11-12,C,96.49350914750542,3,11,317,86.08381662235342,100.8210860442932,76.55824862699373,86.68118002396102,86.55363194615772
2020-11-13,C,105.91158996820714,4,11,318,96.49350914750542,109.21291982588562,99.05399548688456,86.20956147286408,87.04346012339506
2020-11-14,C,109.73594793511576,5,11,319,105.91158996820714,94.02472032693336,94.67558230299365,88.45402255974729,88.11920052568951
2020-11-15,C,72.35234287407908,6,11,320,109.73594793511576,85.39572539600066,70.4296035066544,86.59068219947278,88.25653905193413
2020-11-16,C,67.06036410239277,0,11,321,72.35234287407908,64.08208969055607,79.04755428765958,87.0161499725923,87.40031118155791
2020-11-17,C,77.63881517080827,1,11,322,67.06036410239277,71.47547915849252,67.54344992543933,87.89662654578026,88.12140869908428
2020-11-18,C,92.34524947077696,2,11,323,77.63881517080827,86.08381662235342,93.41131552455651,88.79111695269792,88.0452611238143
2020-11-19,C,98.9635942243487,3,11,324,92.34524947077696,96.49350914750542,100.8210860442932,89.14398624938983,87.91258313667541
2020-11-20,C,83.674691863221,4,11,325,98.9635942243487,105.91158996820714,109.21291982588562,85.96728652010607,86.08842399648508
2020-11-21,C,96.06455058479249,5,11,326,83.674691863221,109.73594793511576,94.02472032693336,84.01422975577418,86.23412615776071
2020-11-22,C,56.82979441192867,6,11,327,96.06455058479249,72.35234287407908,85.39572539600066,81.79672283260983,84.1937025160413
2020-11-23,C,75.53421287716654,0,11,328,56.82979441192867,67.06036410239277,64.08208969055607,83.00727265757753,85.01171131508491
2020-11-24,C,69.00244460346862,1,11,329,75.53421287716654,77.63881517080827,71.47547915849252,81.77350543367186,84.83506598972606
2020-11-25,C,91.2906854522694,2,11,330,69.00244460346862,92.34524947077696,86.08381662235342,81.62285343102792,85.20698519186291
2020-11-26,C,91.72304384721517,3,11,331,91.2906854522694,98.9635942243487,96.49350914750542,80.58848909143741,84.86623767041361
2020-11-27,C,90.39181177054938,4,11,332,91.72304384721517,83.674691863221,105.91158996820714,81.54807764962717,83.75768208486662
2020-11-28,C,94.08703317880352,5,11,333,90.39181177054938,96.06455058479249,109.73594793511576,81.26557516305732,82.63990245941575
2020-11-29,C,74.38683103133337,6,11,334,94.08703317880352,56.82979441192867,72.35234287407908,83.77372325154371,82.78522304207677
2020-11-30,C,59.91245849044954,0,11,335,74.38683103133337,75.53421287716654,67.06036410239277,81.54204405344129,82.2746583555094
2020-12-01,C,68.39401394985445,1,12,336,59.91245849044954,69.00244460346862,77.63881517080827,81.45512538863925,81.61431541115556
2020-12-02,C,105.5028504996212,2,12,337,68.39401394985445,91.2906854522694,92.34524947077696,83.4854346811181,82.554144056073
2020-12-03,C,105.68620740168583,3,12,338,105.5028504996212,91.72304384721517,98.9635942243487,85.48017233175676,83.0343307115971
2020-12-04,C,111.27793047392652,4,12,339,105.68620740168583,90.39181177054938,83.674691863221,88.46390357509635,85.00599061236177
2020-12-05,C,98.8225633081725,5,12,340,111.27793047392652,94.08703317880352,96.06455058479249,89.14040787929191,85.20299152117464
2020-12-06,C,86.56142577186948,6,12,341,98.8225633081725,74.38683103133337,56.82979441192867,90.8796356993685,87.3266794754561
2020-12-07,C,62.39428178657107,0,12,342,86.56142577186948,59.91245849044954,75.53421287716654,91.23418188452872,86.388112968985
2020-12-08,C,51.348703312660504,1,12,343,62.39428178657107,68.39401394985445,69.00244460346862,88.79913750778671,85.127131448213
2020-12-09,C,81.92474436938582,2,12,344,51.348703312660504,105.5028504996212,91.2906854522694,85.43083663203882,84.45813565657845
2020-12-10,C,105.5739587727759,3,12,345,81.92474436938582,105.68620740168583,91.72304384721517,85.41480111362311,85.44748672268994
2020-12-11,C,95.1936085361693,4,12,346,105.5739587727759,111.27793047392652,90.39181177054938,83.11704083680065,85.7904722059485
2020-12-12,C,90.73021064190046,5,12,347,95.1936085361693,98.8225633081725,94.08703317880352,81.96099045590465,85.5506991675983
2020-12-13,C,69.2616407471039,6,12,348,90.73021064190046,86.56142577186948,74.38683103133337,79.48959259522384,85.18461414729617
2020-12-14,C,76.00115925459222,0,12,349,69.2616407471039,62.39428178657107,59.91245849044954,81.43343223351258,86.33380705902064
2020-12-15,C,73.85251996738516,1,12,350,76.00115925459222,51.348703312660504,68.39401394985445,84.64826318418753,86.72370034598714
2020-12-16,C,88.71582846865408,2,12,351,73.85251996738516,81.92474436938582,105.5028504996212,85.61841805551158,85.52462734377521
2020-12-17,C,104.12295366784146,3,12,352,88.71582846865408,105.5739587727759,105.68620740168583,85.41113161194951,85.4129663627863
2020-12-18,C,102.72408774674328,4,12,353,104.12295366784146,95.1936085361693,111.27793047392652,86.48691435631723,84.80197759655893
2020-12-19,C,93.79165857610457,5,12,354,102.72408774674328,90.73021064190046,98.8225633081725,86.92426406120353,84.44262725855408
2020-12-20,C,65.3843921169333,6,12,355,93.79165857610457,69.2616407471039,86.56142577186948,86.3703713997506,82.92998199748722
2020-12-21,C,46.56345947991257,0,12,356,65.3843921169333,76.00115925459222,62.39428178657107,82.1649857176535,81.79920897558304
2020-12-22,C,69.12758295696335,1,12,357,46.56345947991257,73.85251996738516,51.348703312660504,81.48999471616466,83.06912895017611
2020-12-23,C,86.16549562375033,2,12,358,69.12758295696335,88.71582846865408,81.92474436938582,81.12566145260699,83.37203975405929
2020-12-24,C,108.89432978034722,3,12,359,86.16549562375033,104.12295366784146,105.5739587727759,81.80728661153638,83.60920911174294
2020-12-25,C,115.66283836588916,4,12,360,108.89432978034722,102.72408774674328,95.1936085361693,83.65567955712865,85.07129695672293
2020-12-26,C,104.84126626594656,5,12,361,115.66283836588916,93.79165857610457,90.73021064190046,85.23419494139179,86.07922950129766
2020-12-27,C,66.95175008491229,6,12,362,104.84126626594656,65.3843921169333,69.2616407471039,85.45810322253165,85.91423731114112
2020-12-28,C,61.30694510038912,0,12,363,66.95175008491229,46.56345947991257,76.00115925459222,87.56431545402828,84.86465058584089
2020-12-29,C,71.839678351324,1,12,364,61.30694510038912,69.12758295696335,73.85251996738516,87.95175765322266,84.72087618469367
2020-12-30,C,103.89888106558024,2,12,365,71.839678351324,86.16549562375033,88.71582846865408,90.48509843062695,85.80537994161696
2020-12-31,C,111.13107693272605,3,12,366,103.89888106558024,108.89432978034722,104.12295366784146,90.80463373810963,86.305960174823
2021-01-01,C,112.11739920328718,4,1,1,111.13107693272605,115.66283836588916,102.72408774674328,90.2981424291665,86.97691099314757
2021-01-02,C,89.2490448116301,5,1,2,112.11739920328718,104.84126626594656,93.79165857610457,88.070682221407,86.65243858139941
2021-01-03,C,67.94041185209176,6,1,3,89.2490448116301,66.95175008491229,65.3843921169333,88.21191961671833,86.83501141962499
2021-01-04,C,70.5063985171231,0,1,4,67.94041185209176,61.30694510038912,46.56345947991257,89.52612724768035,88.5452213508543
2021-01-05,C,59.261783940467886,1,1,5,70.5063985171231,71.839678351324,69.12758295696335,87.72928518898662,87.84052142110464
2021-01-06,C,81.80622290587118,2,1,6,59.261783940467886,103.89888106558024,86.16549562375033,84.57319116617103,87.52914479839899
2021-01-07,C,98.44212978106842,3,1,7,81.80622290587118,111.13107693272605,108.89432978034722,82.76048443021993,86.78255908416479
2021-01-08,C,115.97558869035277,4,1,8,98.44212978106842,112.11739920328718,115.66283836588916,83.31165435694359,86.80489839305504
2021-01-09,C,89.58384010241748,5,1,9,115.97558869035277,89.2490448116301,104.84126626594656,83.35948225562751,85.71508223851724
2021-01-10,C,55.562081862822296,6,1,10,89.58384010241748,67.94041185209176,66.95175008491229,81.59114940001758,84.90153450836797
2021-01-11,C,68.3007627014271,0,1,11,55.562081862822296,70.5063985171231,61.30694510038912,81.27605856920388,85.40109290844211
2021-01-12,C,62.54496929958116,1,1,12,68.3007627014271,59.261783940467886,71.839678351324,81.74508504907722,84.7371851190319
2021-01-13,C,84.12483197928634,2,1,13,62.54496929958116,81.80622290587118,103.89888106558024,82.07631491670794,83.32475304143948
2021-01-14,C,98.73678583641733,3,1,14,84.12483197928634,98.44212978106842,111.13107693272605,82.11840863890065,82.43944653456029
2021-01-15,C,101.11273008089806,4,1,15,98.73678583641733,115.97558869035277,112.11739920328718,79.99514312326426,81.65339874010394
2021-01-16,C,98.81421325044298,5,1,16,101.11273008089806,89.58384010241748,89.2490448116301,81.31376785869647,82.336625057162
2021-01-17,C,62.883230014651,6,1,17,98.81421325044298,55.562081862822296,67.94041185209176,82.35964616610056,81.97539778305908
2021-01-18,C,60.19916179056263,0,1,18,62.883230014651,68.3007627014271,70.5063985171231,81.20227460740564,81.23916658830476
2021-01-19,C,73.67951749942212,1,1,19,60.19916179056263,62.54496929958116,59.261783940467886,82.79292435024006,82.26900469965862
2021-01-20,C,78.94117565109906,2,1,20,73.67951749942212,84.12483197928634,81.80622290587118,82.05240201764188,82.0643584671749
2021-01-21,C,86.63003983906434,3,1,21,78.94117565109906,98.73678583641733,98.44212978106842,80.32286687516287,81.22063775703177
2021-01-22,C,108.72087486356426,4,1,22,86.63003983906434,101.11273008089806,115.97558869035277,81.40974470125806,80.70244391226116
2021-01-23,C,101.54631570976812,5,1,23,108.72087486356426,98.81421325044298,89.58384010241748,81.80004505259022,81.55690645564334
2021-01-24,C,74.85625745039904,6,1,24,101.54631570976812,62.883230014651,55.562081862822296,83.51047754341137,82.93506185475597
2021-01-25,C,48.718580872511424,0,1,25,74.85625745039904,60.19916179056263,68.3007627014271,81.87039455511834,81.53633458126198
2021-01-26,C,73.92504223814412,1,1,26,48.718580872511424,73.67951749942212,62.54496929958116,81.90546951779291,82.34919693401648
2021-01-27,C,70.64482087256614,2,1,27,73.92504223814412,78.94117565109906,84.12483197928634,80.72027597800249,81.3863389978222
2021-01-28,C,102.04095779807994,3,1,28,70.64482087256614,86.63003983906434,98.73678583641733,82.92183568643328,81.62235128079809
2021-01-29,C,96.34279158964328,4,1,29,102.04095779807994,108.72087486356426,101.11273008089806,81.15353807587316,81.2816413885656
2021-01-30,C,83.35291445016952,5,1,30,96.34279158964328,101.54631570976812,98.81421325044298,78.55448075307335,80.17726290283179
2021-01-31,C,71.751009044975,6,1,31,83.35291445016952,74.85625745039904,62.883230014651,78.11087383801278,80.81067569071206
2021-02-01,C,63.00903527891951,0,2,32,71.751009044975,48.718580872511424,60.19916179056263,80.1523673246425,81.01138093988041
2021-02-02,C,63.19368833153182,1,2,33,63.00903527891951,73.92504223814412,73.67951749942212,78.61931676655503,80.26239314217396
2021-02-03,C,88.7036202197145,2,2,34,63.19368833153182,70.64482087256614,78.94117565109906,81.19914524471908,80.95971061136079
2021-02-04,C,96.07207862569376,3,2,35,88.7036202197145,102.04095779807994,86.63003983906434,80.34644822009248,81.6341419532629
2021-02-05,C,111.35409923102527,4,2,36,96.07207862569376,96.34279158964328,108.72087486356426,82.49092074028991,81.82222940808153
2021-02-06,C,94.95108413152354,5,2,37,111.35409923102527,83.35291445016952,101.54631570976812,84.1478021233405,81.35114143820691
2021-02-07,C,69.77590159891356,6,2,38,94.95108413152354,71.751009044975,74.85625745039904,83.86564391676028,80.98825887738653
2021-02-08,C,57.61796672974922,0,2,39,69.77590159891356,63.00903527891951,48.718580872511424,83.0954912668788,81.62392929576065
2021-02-09,C,55.23745401231368,1,2,40,57.61796672974922,63.19368833153182,73.92504223814412,81.95888636413336,80.28910156534421
2021-02-10,C,86.38992948699865,2,2,41,55.23745401231368,88.7036202197145,70.64482087256614,81.62835911660252,81.41375218066081
2021-02-11,C,96.87400334542409,3,2,42,86.38992948699865,96.07207862569376,102.04095779807994,81.74291979084971,81.0446840054711
2021-02-12,C,84.6050781032125,4,2,43,96.87400334542409,111.35409923102527,96.34279158964328,77.92163105830502,80.20627589929748
2021-02-13,C,88.48604989428992,5,2,44,84.6050781032125,94.95108413152354,83.35291445016952,76.99805473870023,80.57292843102036
2021-02-14,C,68.21815708771385,6,2,45,88.48604989428992,69.77590159891356,71.751009044975,76.77551980852884,80.32058186264456
2021-02-15,C,77.22097660784296,0,2,46,68.21815708771385,57.61796672974922,63.00903527891951,79.57594979111367,81.33572052899625
2021-02-16,C,54.86526557961652,1,2,47,77.22097660784296,55.23745401231368,63.19368833153182,79.52278001501406,80.74083318957373
2021-02-17,C,72.60332773626128,2,2,48,54.86526557961652,86.38992948699865,88.7036202197145,77.55326547919445,79.5908122978985
2021-02-18,C,108.66053093834964,3,2,49,72.60332773626128,96.87400334542409,96.07207862569376,79.23705513532666,80.48998746308818
2021-02-19,C,114.5068176575025,4,2,50,108.66053093834964,84.6050781032125,111.35409923102527,83.50873221451094,80.71518163640799
2021-02-20,C,86.88197543670944,5,2,51,114.5068176575025,88.48604989428992,94.95108413152354,83.27957872057088,80.13881672963556
2021-02-21,C,70.4398128093516,6,2,52,86.88197543670944,68.21815708771385,69.77590159891356,83.59695810937627,80.18623895895256
2021-02-22,C,69.6155091129741,0,2,53,70.4398128093516,77.22097660784296,57.61796672974922,82.51046275296643,81.04320627204005
2021-02-23,C,49.94076616927103,1,2,54,69.6155091129741,54.86526557961652,55.23745401231368,81.80696283720279,80.66487142610843
2021-02-24,C,69.31465472816002,2,2,55,49.94076616927103,72.60332773626128,86.38992948699865,81.33715240747405,79.44520894333424
2021-02-25,C,97.60497665676884,3,2,56,69.31465472816002,108.66053093834964,96.87400334542409,79.75778751010536,79.49742132271602
2021-02-26,C,116.1219069968937,4,2,57,97.60497665676884,114.5068176575025,84.6050781032125,79.98851455858983,81.74862338655039
2021-02-27,C,89.42606831125214,5,2,58,116.1219069968937,86.88197543670944,88.48604989428992,80.3519563978102,81.81576755919056
2021-02-28,C,76.37406379577459,6,2,59,89.42606831125214,70.4398128093516,68.21815708771385,81.19970653872778,82.39833232405202
2021-03-01,C,73.82601019113011,0,3,60,76.37406379577459,69.6155091129741,77.22097660784296,81.80120669275006,82.15583472285824
2021-03-02,C,85.48271248112849,1,3,61,73.82601019113011,49.94076616927103,54.86526557961652,86.87862759444398,84.34279521582339
2021-03-03,C,79.65948648908761,2,3,62,85.48271248112849,69.31465472816002,72.60332773626128,88.35646070314793,84.84680655531099
2021-03-04,C,99.78622014377692,3,3,63,79.65948648908761,97.60497665676884,108.66053093834964,88.66806691557765,84.2129272128415
2021-03-05,C,118.36929430867336,4,3,64,99.78622014377692,116.1219069968937,114.5068176575025,88.9891222458319,84.48881840221085
2021-03-06,C,80.80438488512405,5,3,65,118.36929430867336,89.42606831125214,86.88197543670944,87.75745318495645,84.05470479138333
2021-03-07,C,83.85728809639336,6,3,66,80.80438488512405,76.37406379577459,70.4398128093516,88.82648522790198,85.01309588331489
2021-03-08,C,56.679241821797845,0,3,67,83.85728809639336,73.82601019113011,69.6155091129741,86.37694688942595,84.089076791088
2021-03-09,C,69.51748362179907,1,3,68,56.679241821797845,85.48271248112849,49.94076616927103,84.09619990952174,85.48741375198287
2021-03-10,C,82.40339196514158,2,3,69,69.51748362179907,79.65948648908761,69.31465472816002,84.48818640610088,86.42232355462441
2021-03-11,C,92.32689119810502,3,3,70,82.40339196514158,99.78622014377692,97.60497665676884,83.42256798529061,86.04531745043413
2021-03-12,C,95.99810718673484,4,3,71,92.32689119810502,118.36929430867336,116.1219069968937,80.22668411072797,84.60790317827993
2021-03-13,C,95.26336407075598,5,3,72,95.99810718673484,80.80438488512405,89.42606831125214,82.29225256581825,85.02485287538732
2021-03-14,C,83.6710242273347,6,3,73,95.26336407075598,83.85728809639336,76.37406379577459,82.265643441667,85.5460643347845
2021-03-15,C,63.85794652525006,0,3,74,83.6710242273347,56.679241821797845,73.82601019113011,83.29117268501732,84.83405978722165
2021-03-16,C,69.32868002490935,1,3,75,63.85794652525006,69.51748362179907,85.48271248112849,83.2642007426045,83.68020032606312
2021-03-17,C,88.98380694474176,2,3,76,69.32868002490935,82.40339196514158,79.65948648908761,84.20426002540454,84.3462232157527
2021-03-18,C,92.2881038896817,3,3,77,88.98380694474176,92.32689119810502,99.78622014377692,84.19871898134406,83.81064348331734
2021-03-19,C,109.85053274537432,4,3,78,92.2881038896817,95.99810718673484,118.36929430867336,86.17763691829256,83.20216051451027
2021-03-20,C,99.67686400327337,5,3,79,109.85053274537432,95.26336407075598,80.80438488512405,86.80813690865217,84.5501947372352
2021-03-21,C,96.60579006210698,6,3,80,99.67686400327337,83.6710242273347,83.85728809639336,88.65596059933394,85.46080202050048
2021-03-22,C,61.95707269635135,0,3,81,96.60579006210698,63.85794652525006,56.679241821797845,88.38440719520554,85.83778994011143
2021-03-23,C,65.1731904117684,1,3,82,61.95707269635135,69.32868002490935,69.51748362179907,87.79076582189971,85.5274832822521
2021-03-24,C,90.63621145707414,2,3,83,65.1731904117684,88.98380694474176,82.40339196514158,88.02682360937574,86.11554181739014
2021-03-25,C,106.68395749515228,3,3,84,90.63621145707414,92.2881038896817,92.32689119810502,90.08337412444298,87.14104655289351
2021-03-26,C,99.72236552112744,4,3,85,106.68395749515228,109.85053274537432,95.99810718673484,88.6364930924077,87.40706500535012
2021-03-27,C,89.96688788142545,5,3,86,99.72236552112744,99.67686400327337,95.26336407075598,87.24935364642944,87.02874527754079
2021-03-28,C,80.17589644791848,6,3,87,89.96688788142545,96.60579006210698,83.6710242273347,84.90222598725965,86.7790932932968
2021-03-29,C,58.41530236502087,0,3,88,80.17589644791848,61.95707269635135,63.85794652525006,84.39625879706958,86.39033299613756
2021-03-30,C,65.62364299106311,1,3,89,58.41530236502087,65.1731904117684,69.32868002490935,84.46060916554025,86.12568749371998
2021-03-31,C,85.27129669350244,2,3,90,65.62364299106311,90.63621145707414,88.98380694474176,83.6941927707443,85.86050819006003
2021-04-01,C,108.16870369250304,3,4,91,85.27129669350244,106.68395749515228,92.2881038896817,83.90629937036583,86.99483674740439
2021-04-02,C,99.2363438887747,4,4,92,108.16870369250304,99.72236552112744,109.85053274537432,83.83686770860115,86.23668040050443
2021-04-03,C,78.52318367069093,5,4,93,99.2363438887747,89.96688788142545,99.67686400327337,82.20205282135338,84.72570323389141
2021-04-04,C,60.5841400720979,6,4,94,78.52318367069093,80.17589644791848,96.60579006210698,79.40323048195043,82.15272823460505
2021-04-05,C,55.03074182731901,0,4,95,60.5841400720979,58.41530236502087,61.95707269635135,78.9197218337073,81.65799031538845
2021-04-06,C,58.47264321965423,1,4,96,55.03074182731901,65.62364299106311,65.1731904117684,77.89815043779176,81.17937980166599
2021-04-07,C,83.38773855566532,2,4,97,58.47264321965423,85.27129669350244,90.63621145707414,77.62907070381503,80.66163173727966
2021-04-08,C,90.76022305521391,3,4,98,83.38773855566532,108.16870369250304,106.68395749515228,75.142144898488,79.52422213442692
2021-04-09,C,98.52116320971156,4,4,99,90.76022305521391,99.2363438887747,99.72236552112744,75.03997623005041,79.43842196932577
2021-04-10,C,87.13964235715035,5,4,100,98.52116320971156,78.52318367069093,89.96688788142545,76.27089889954462,79.23647586044899
2021-04-11,C,72.46292699553011,6,4,101,87.13964235715035,60.5841400720979,80.17589644791848,77.96786846003492,78.68554947099268
2021-04-12,C,75.75615108322347,0,4,102,72.46292699553011,55.03074182731901,58.41530236502087,80.92864121087841,79.92418152229286
2021-04-13,C,74.34363575076837,1,4,103,75.75615108322347,58.47264321965423,65.62364299106311,83.19592585818044,80.5470381479861
2021-04-14,C,84.82373001690225,2,4,104,74.34363575076837,83.38773855566532,85.27129669350244,83.4010674955,80.5150690996575
2021-04-15,C,96.65312410941856,3,4,105,84.82373001690225,90.76022305521391,108.16870369250304,84.24291050324352,79.69252770086577
2021-04-16,C,100.74741170536691,4,4,106,96.65312410941856,98.52116320971156,99.2363438887747,84.56094600262286,79.80046111633665
2021-04-17,C,96.02437126669176,5,4,107,100.74741170536691,87.13964235715035,78.52318367069093,85.83019298970021,81.05054594462241
2021-04-18,C,80.73041253920181,6,4,108,96.02437126669176,72.46292699553011,60.5841400720979,87.01126235308188,82.48956540655841
2021-04-19,C,57.985246452303606,0,4,109,80.73041253920181,75.75615108322347,55.03074182731901,84.4725616915219,82.70060145120014
2021-04-20,C,69.4099711503079,1,4,110,57.985246452303606,74.34363575076837,58.47264321965423,83.76775246288469,83.48183916053256
2021-04-21,C,68.51180821545965,2,4,111,69.4099711503079,84.82373001690225,83.38773855566532,81.43747791982146,82.41927270766074
2021-04-22,C,102.10511469749984,3,4,112,68.51180821545965,96.65312410941856,90.76022305521391,82.21633371811878,83.22962211068115
2021-04-23,C,110.38053696409102,4,4,113,102.10511469749984,100.74741170536691,98.52116320971156,83.59249446936508,84.07672023599397
2021-04-24,C,91.23192056209965,5,4,114,110.38053696409102,96.02437126669176,87.13964235715035,82.90785865442334,84.36902582206177
2021-04-25,C,90.6593459915758,6,4,115,91.23192056209965,80.73041253920181,72.46292699553011,84.3262777190482,85.66877003606503
2021-04-26,C,58.26634899168991,0,4,116,90.6593459915758,57.985246452303606,75.75615108322347,84.36643522467482,84.41949845809836
2021-04-27,C,70.92771849789065,1,4,117,58.26634899168991,69.4099711503079,74.34363575076837,84.5832562743295,84.1755043686071
2021-04-28,C,84.548236861507,2,4,118,70.92771849789065,68.51180821545965,84.82373001690225,86.87417465233627,84.15582628607886
2021-04-29,C,99.67909315465832,3,4,119,84.548236861507,102.10511469749984,96.65312410941856,86.52760014621605,84.37196693216742
2021-04-30,C,103.43883575445344,4,4,120,99.67909315465832,110.38053696409102,100.74741170536691,85.53592854483927,84.56421150710217
2021-05-01,C,94.39937988729186,5,5,121,103.43883575445344,91.23192056209965,96.02437126669176,85.98842273415242,84.44814069428789
2021-05-02,C,82.98087004023401,6,5,122,94.39937988729186,90.6593459915758,80.73041253920181,84.89149759824646,84.60888765864732
2021-05-03,C,76.40821653144644,0,5,123,82.98087004023401,58.26634899168991,57.985246452303606,87.48319296106881,85.92481409287181
2021-05-04,C,69.24026328950038,1,5,124,76.40821653144644,70.92771849789065,69.4099711503079,87.24212793129878,85.91269210281415
2021-05-05,C,91.42743348227737,2,5,125,69.24026328950038,84.548236861507,68.51180821545965,88.22487030569452,87.54952247901541
2021-05-06,C,94.93740899414112,3,5,126,91.42743348227737,99.67909315465832,102.10511469749984,87.54748685419209,87.03754350020407
2021-05-07,C,110.55112679037146,4,5,127,94.93740899414112,103.43883575445344,110.38053696409102,88.5635284307518,87.04972848779553
2021-05-08,C,87.51667752666958,5,5,128,110.55112679037146,94.39937988729186,91.23192056209965,87.5802852363772,86.78435398526481
2021-05-09,C,84.9925496512989,6,5,129,87.51667752666958,82.98087004023401,90.6593459915758,87.86766803795788,86.37958281810218
2021-05-10,C,83.14152373046431,0,5,130,84.9925496512989,76.40821653144644,58.26634899168991,88.82956906638901,88.15638101372892
2021-05-11,C,68.35166421183301,1,5,131,83.14152373046431,69.24026328950038,70.92771849789065,88.70262634100797,87.97237713615337
2021-05-12,C,67.43462704851578,2,5,132,68.35166421183301,91.42743348227737,84.548236861507,85.27508256475632,86.74997643522543
2021-05-13,C,96.2370311683866,3,5,133,67.43462704851578,94.93740899414112,99.67909315465832,85.46074287536281,86.50411486477745
2021-05-14,C,114.34855431294596,4,5,134,96.2370311683866,110.55112679037146,103.43883575445344,86.00323252144487,87.28338047609834
2021-05-15,C,98.10729408355894,5,5,135,114.34855431294596,87.51667752666958,94.39937988729186,87.51617774385764,87.5482314901174
2021-05-16,C,78.32864902206452,6,5,136,98.10729408355894,84.9925496512989,82.98087004023401,86.56419193968131,87.21592998881961
2021-05-17,C,73.59581362902729,0,5,137,78.32864902206452,83.14152373046431,76.40821653144644,85.20051906804746,87.01504406721824
2021-05-18,C,73.27403289966134,1,5,138,73.59581362902729,68.35166421183301,69.24026328950038,85.90371459488006,87.30317046794401
2021-05-19,C,94.78684654465378,2,5,139,73.27403289966134,67.43462704851578,91.42743348227737,89.81117452289979,87.54312854382805
2021-05-20,C,108.04707411759088,3,5,140,94.78684654465378,96.2370311683866,94.93740899414112,91.49832351564325,88.47953319550301
2021-05-21,C,116.73722693059707,4,5,141,108.04707411759088,114.34855431294596,110.55112679037146,91.83956246102197,88.92139749123342
2021-05-22,C,96.62311852867649,5,5,142,116.73722693059707,98.10729408355894,87.51667752666958,91.62753738175306,89.57185756280535
2021-05-23,C,83.64948551468537,6,5,143,96.62311852867649,78.32864902206452,84.9925496512989,92.38765688069888,89.4759244101901
2021-05-24,C,63.13952026677245,0,5,144,83.64948551468537,73.59581362902729,83.14152373046431,90.89390068609104,88.04720987706925
2021-05-25,C,64.65678896327242,1,5,145,63.13952026677245,73.27403289966134,68.35166421183301,89.6628658380355,87.78329021645777
2021-05-26,C,98.76925623846611,2,5,146,64.65678896327242,94.78684654465378,67.43462704851578,90.2317815085801,90.02147801573994
2021-05-27,C,102.491392185067,3,5,147,98.76925623846611,108.04707411759088,96.2370311683866,89.4381126610767,90.46821808835999
2021-05-28,C,111.0727379056706,4,5,148,102.491392185067,116.73722693059707,114.34855431294596,88.62889994323007,90.23423120212601
2021-05-29,C,94.81274004278802,5,5,149,111.0727379056706,96.62311852867649,98.10729408355894,88.370274445246,89.99890591349954
2021-05-30,C,71.78535516544449,6,5,150,94.81274004278802,83.64948551468537,78.32864902206452,86.67539868106873,89.5315277808838
2021-05-31,C,65.7544700621881,0,5,151,71.78535516544449,63.13952026677245,73.59581362902729,87.04896293755668,88.97143181182386
2021-06-01,C,81.02649766795597,1,6,152,65.7544700621881,64.65678896327242,73.27403289966134,89.38749275251146,89.52517929527347
2021-06-02,C,89.62710577941937,2,6,153,81.02649766795597,98.76925623846611,94.78684654465378,88.08147125836194,89.15662638347102
2021-06-03,C,87.14003956671233,3,6,154,89.62710577941937,102.491392185067,108.04707411759088,85.88842088431126,87.66326677269397
2021-06-04,C,102.98180779623252,4,6,155,87.14003956671233,111.0727379056706,116.73722693059707,84.7325737258201,86.68073683452508
2021-06-05,C,108.151240339204,5,6,156,102.98180779623252,94.81274004278802,96.62311852867649,86.63807376816524,87.50417410670562
2021-06-06,C,74.83717554807501,6,6,157,108.151240339204,71.78535516544449,83.64948551468537,87.07404810854105,86.87472339480489
2021-06-07,C,51.33284745772536,0,6,158,74.83717554807501,65.7544700621881,63.13952026677245,85.01381630790351,86.0313896227301
2021-06-08,C,84.75300667926513,1,6,159,51.33284745772536,81.02649766795597,64.65678896327242,85.54617473809051,87.466833745301
2021-06-09,C,90.71439533375708,2,6,160,84.75300667926513,89.62710577941937,98.76925623846611,85.70150181728162,86.89148653782179
2021-06-10,C,100.3417920441234,3,6,161,90.71439533375708,87.14003956671233,102.491392185067,87.58746645691178,86.73794367061153
2021-06-11,C,101.80249163025536,4,6,162,100.3417920441234,102.98180779623252,111.0727379056706,87.41899271891505,86.07578322236759
2021-06-12,C,102.62177550597066,5,6,163,101.80249163025536,108.151240339204,94.81274004278802,86.62906917131029,86.63357146973776
2021-06-13,C,72.28175331113557,6,6,164,102.62177550597066,74.83717554807501,71.78535516544449,86.2640088517475,86.66902848014429
2021-06-14,C,74.9927984577969,0,6,165,72.28175331113557,51.33284745772536,65.7544700621881,89.64400185175772,87.32890907983062
2021-06-15,C,74.01624795174791,1,6,166,74.9927984577969,84.75300667926513,81.02649766795597,88.11017917639812,86.82817695724432
2021-06-16,C,87.28278072922433,2,6,167,74.01624795174791,90.71439533375708,89.62710577941937,87.61994851860774,86.66072516794468
2021-06-17,C,102.13608342738036,3,6,168,87.28278072922433,100.3417920441234,87.14003956671233,87.876275859073,87.7318711579924
2021-06-18,C,103.44415929526842,4,6,169,102.13608342738036,101.80249163025536,102.98180779623252,88.11079981121773,87.76489626506638
2021-06-19,C,102.39815109938034,5,6,170,103.44415929526842,102.62177550597066,108.151240339204,88.07885346741912,87.3539613193647
2021-06-20,C,69.76494792619987,6,6,171,102.39815109938034,72.28175331113557,74.83717554807501,87.71930984099973,86.99165934637361
2021-06-21,C,52.90141611709721,0,6,172,69.76494792619987,74.9927984577969,51.33284745772536,84.56339807804262,87.10369996490017
2021-06-22,C,74.66427671916418,1,6,173,52.90141611709721,74.01624795174791,84.75300667926513,84.65597361624496,86.38307639632156
2021-06-23,C,90.44530201993234,2,6,174,74.66427671916418,87.28278072922433,90.71439533375708,85.10776237206038,86.36385544533405
2021-06-24,C,104.88396427485954,3,6,175,90.44530201993234,102.13608342738036,100.3417920441234,85.50031677884314,86.68829631895808
2021-06-25,C,108.1758006159963,4,6,176,104.88396427485954,103.44415929526842,101.80249163025536,86.1762655389471,87.14353267508241
2021-06-26,C,91.53877718107732,5,6,177,108.1758006159963,102.39815109938034,102.62177550597066,84.62492640776097,86.35188993759004
2021-06-27,C,83.0576222881692,6,6,178,91.53877718107732,69.76494792619987,72.28175331113557,86.5238798880423,87.12159486452101
2021-06-28,C,65.58242218777248,0,6,179,83.0576222881692,52.90141611709721,74.9927984577969,88.33545218385305,86.44942513094783
2021-06-29,C,65.92191731957345,1,6,180,65.58242218777248,74.66427671916418,74.01624795174791,87.08654369819723,85.8712586572211
2021-06-30,C,82.97033496742274,2,6,181,65.92191731957345,90.44530201993234,87.28278072922433,86.01869126212443,85.5632268170924
2021-07-01,C,117.27722271504256,3,7,182,82.97033496742274,104.88396427485954,102.13608342738036,87.78915675357915,86.64473676621114
2021-07-02,C,91.10423507275846,4,7,183,117.27722271504256,108.1758006159963,103.44415929526842,85.35036167597374,85.76331360746042
2021-07-03,C,98.17147511221351,5,7,184,91.10423507275846,91.53877718107732,102.39815109938034,86.29788995185035,85.46140817980566
2021-07-04,C,63.394947302164695,6,7,185,98.17147511221351,83.0576222881692,69.76494792619987,83.48893638242113,85.00640813523171
2021-07-05,C,65.15109056529543,0,7,186,63.394947302164695,65.58242218777248,52.90141611709721,83.42731757921011,85.8813848815316
2021-07-06,C,66.41987599493118,1,7,187,65.15109056529543,65.92191731957345,74.66427671916418,83.49845453283265,85.29249911551494
2021-07-07,C,68.85530916209541,2,7,188,66.41987599493118,82.97033496742274,90.44530201993234,81.48202227492875,83.75035676852659
2021-07-08,C,104.29447591837582,3,7,189,68.85530916209541,117.27722271504256,104.88396427485954,79.62734416111923,83.70825045734918
2021-07-09,C,102.01380930165452,4,7,190,104.29447591837582,91.10423507275846,108.1758006159963,81.18585476524723,83.26810822061047
2021-07-10,C,77.44958960742764,5,7,191,102.01380930165452,98.17147511221351,91.53877718107732,78.22558540742067,82.2617376796355
2021-07-11,C,83.61444551941787,6,7,192,77.44958960742764,63.394947302164695,83.0576222881692,81.11408515274255,82.30151076758183
2021-07-12,C,77.56707676586062,0,7,193,83.61444551941787,65.15109056529543,65.58242218777248,82.887797467109,83.15755752315957
2021-07-13,C,81.87996068460777,1,7,194,77.56707676586062,66.41987599493118,65.92191731957345,85.09638099420567,84.29741776351916
2021-07-14,C,88.47725713081698,2,7,195,81.87996068460777,68.85530916209541,82.97033496742274,87.89951641830875,84.69076934661875
2021-07-15,C,101.62071037359314,3,7,196,88.47725713081698,104.29447591837582,117.27722271504256,87.51754991191122,83.57244703651521
2021-07-16,C,115.74943683642864,4,7,197,101.62071037359314,102.01380930165452,91.10423507275846,89.47978241687895,85.33281859106309
2021-07-17,C,107.7723791007078,5,7,198,115.74943683642864,77.44958960742764,98.17147511221351,93.81160948734755,86.01859744738411
2021-07-18,C,86.03652048630035,6,7,199,107.7723791007078,83.61444551941787,63.394947302164695,94.15762019690217,87.63585267482237
2021-07-19,C,58.624796594180886,0,7,200,86.03652048630035,77.56707676586062,65.15109056529543,91.4515801723765,87.16968881974276
2021-07-20,C,71.63979484202437,1,7,201,58.624796594180886,81.87996068460777,66.41987599493118,89.98869933772174,87.5425401659637
2021-07-21,C,89.19180483000628,2,7,202,71.63979484202437,88.47725713081698,68.85530916209541,90.09077758046305,88.99514699938591
2021-07-22,C,86.8453795837082,3,7,203,89.19180483000628,101.62071037359314,104.29447591837582,87.98001603905094,87.74878297548106
2021-07-23,C,108.9491392162986,4,7,204,86.8453795837082,115.74943683642864,102.01380930165452,87.00854495046092,88.24416368366995
2021-07-24,C,112.56731509589156,5,7,205,108.9491392162986,107.7723791007078,77.44958960742764,87.69353580691575,90.75257264713164
2021-07-25,C,82.15753025977213,6,7,206,112.56731509589156,86.03652048630035,83.61444551941787,87.13939434598315,90.64850727144267
2021-07-26,C,78.01447213362326,0,7,207,82.15753025977213,58.624796594180886,77.56707676586062,89.90934799447491,90.6804640834257
2021-07-27,C,71.56242392740442,1,7,208,78.01447213362326,71.63979484202437,81.87996068460777,89.89829500667206,89.9434971721969
2021-07-28,C,85.15999915387393,2,7,209,71.56242392740442,89.19180483000628,88.47725713081698,89.32232276722459,89.70655017384381
2021-07-29,C,104.44255652576294,3,7,210,85.15999915387393,86.8453795837082,101.62071037359314,91.83620518751812,89.90811061328452
2021-07-30,C,98.73771082552688,4,7,211,104.44255652576294,108.9491392162986,115.74943683642864,90.37742970312216,88.69298732679155
2021-07-31,C,86.74324906025079,5,7,212,98.73771082552688,112.56731509589156,107.7723791007078,86.68827741231634,87.19090660961604
2021-08-01,C,87.23854746078914,6,8,213,86.74324906025079,82.15753025977213,86.03652048630035,87.41413701246162,87.27676567922238
2021-08-02,C,77.27597629509154,0,8,214,87.23854746078914,78.01447213362326,58.624796594180886,87.30863760695709,88.608992800716
2021-08-03,C,62.240325631745804,1,8,215,77.27597629509154,71.56242392740442,71.63979484202437,85.97690927900587,87.93760214283897
2021-08-04,C,93.55980625224733,2,8,216,62.240325631745804,85.15999915387393,89.19180483000628,87.17688172163062,88.2496022444276
2021-08-05,C,100.76677567033818,3,8,217,93.55980625224733,104.44255652576294,86.8453795837082,86.65177017085567,89.2439876791869
2021-08-06,C,108.05286267539594,4,8,218,100.76677567033818,98.73771082552688,108.9491392162986,87.9825061494084,89.17996792626526
2021-08-07,C,98.20526974367893,5,8,219,108.05286267539594,86.74324906025079,112.56731509589156,89.6199376756124,88.15410754396437
2021-08-08,C,85.13298481849922,6,8,220,98.20526974367893,87.23854746078914,82.15753025977213,89.31914301242811,88.36664001244489
2021-08-09,C,67.02905323713506,0,8,221,85.13298481849922,77.27597629509154,78.01447213362326,87.8552968612915,87.58196723412429
2021-08-10,C,81.52054218892988,1,8,222,67.02905323713506,62.240325631745804,71.56242392740442,90.6096135123178,88.29326139566182
2021-08-11,C,88.36118860396545,2,8,223,81.52054218892988,93.55980625224733,85.15999915387393,89.86695384827752,88.52191778495408
2021-08-12,C,106.5259997250124,3,8,224,88.36118860396545,100.76677567033818,104.44255652576294,90.6897001418024,88.67073515632903
2021-08-13,C,98.73836341724416,4,8,225,106.5259997250124,108.05286267539594,98.73771082552688,89.35905739063787,88.67078177002313
2021-08-14,C,111.86286278390548,5,8,226,98.73836341724416,98.20526974367893,86.74324906025079,91.31014211067023,90.46503989314132
2021-08-15,C,81.00685052921486,6,8,227,111.86286278390548,85.13298481849922,87.23854746078914,90.72069435505819,90.01991868374317
2021-08-16,C,72.1413570950605,0,8,228,81.00685052921486,67.02905323713506,77.27597629509154,91.45102347761895,89.65316016945522
2021-08-17,C,57.44382980689329,1,8,229,72.1413570950605,81.52054218892988,62.240325631745804,88.01149313732802,89.31055332482289
2021-08-18,C,79.37433977132288,2,8,230,57.44382980689329,88.36118860396545,93.55980625224733,86.72765758980766,88.29730571904258
2021-08-19,C,111.50566511867578,3,8,231,79.37433977132288,106.5259997250124,100.76677567033818,87.439038360331,89.06436925106671
2021-08-20,C,107.76966316595366,4,8,232,111.50566511867578,98.73836341724416,108.05286267539594,88.72922403871806,89.04414071467797
2021-08-21,C,79.35342288970587,5,8,233,107.76966316595366,111.86286278390548,98.20526974367893,84.08501833954668,87.69758022510847
2021-08-22,C,85.62464064551614,6,8,234,79.35342288970587,81.00685052921486,85.13298481849922,84.74470264187546,87.7326984984668
2021-08-23,C,62.15718532754809,0,8,235,85.62464064551614,72.1413570950605,67.02905323713506,83.31839238937367,87.38470793349632
2021-08-24,C,81.66992225366911,1,8,236,62.15718532754809,57.44382980689329,81.52054218892988,86.77926273891308,87.39537793812055
2021-08-25,C,85.32334059719572,2,8,237,81.66992225366911,79.37433977132288,88.36118860396545,87.62911999975204,87.17838879477985
2021-08-26,C,103.3103191735614,3,8,238,85.32334059719572,111.50566511867578,106.5259997250124,86.45835629330715,86.94869732681909
2021-08-27,C,114.97624091841568,4,8,239,103.3103191735614,107.76966316595366,98.73836341724416,87.48786740080172,88.1085457197599
2021-08-28,C,87.55378707157043,5,8,240,114.97624091841568,79.35342288970587,111.86286278390548,88.65934799821093,86.3721831688788
2021-08-29,C,69.44561682104454,6,8,241,87.55378707157043,85.62464064551614,81.00685052921486,86.34805888042926,85.54638076115236
2021-08-30,C,65.00553046925468,0,8,242,69.44561682104454,62.15718532754809,72.1413570950605,86.75496532924451,85.03667885930909
2021-08-31,C,77.066838833695,1,8,243,65.00553046925468,81.66992225366911,57.44382980689329,86.09738198353394,86.4383223612235
2021-09-01,C,75.44907807518703,2,9,244,77.066838833695,85.32334059719572,79.37433977132288,84.68677305181839,86.15794652578522
2021-09-02,C,88.39845895635419,3,9,245,75.44907807518703,103.3103191735614,111.50566511867578,82.5565073065031,84.50743179990512
2021-09-03,C,112.204441776103,4,9,246,88.39845895635419,114.97624091841568,107.76966316595366,82.1605360004584,84.82420170063006
2021-09-04,C,89.97997440794215,5,9,247,112.204441776103,87.55378707157043,79.35342288970587,82.50713419136865,85.58324109478981
2021-09-05,C,74.32065325042424,6,9,248,89.97997440794215,69.44561682104454,85.62464064551614,83.20356796699433,84.77581342371181
2021-09-06,C,51.793104686988386,0,9,249,74.32065325042424,65.00553046925468,62.15718532754809,81.3160785695277,84.03552194938611
2021-09-07,C,65.08769199197917,1,9,250,51.793104686988386,77.066838833695,81.66992225366911,79.60477187785402,82.85107693069396
2021-09-08,C,86.10562779311766,2,9,251,65.08769199197917,75.44907807518703,85.32334059719572,81.12713612327268,82.90695458754554
2021-09-09,C,109.25582868651988,3,9,252,86.10562779311766,88.39845895635419,103.3103191735614,84.10676037043922,83.33163383847113
2021-09-10,C,99.51490309994573,4,9,253,109.25582868651988,112.204441776103,114.97624091841568,82.29396913098817,82.22725256572328
2021-09-11,C,108.13287994040658,5,9,254,99.51490309994573,89.97997440794215,87.55378707157043,84.88724134991166,83.69718777064017
2021-09-12,C,72.05208323041651,6,9,255,108.13287994040658,74.32065325042424,69.44561682104454,84.56315991848199,83.88336394273814
2021-09-13,C,61.25292355989848,0,9,256,72.05208323041651,51.793104686988386,65.00553046925468,85.914562614612,83.61532059206986
2021-09-14,C,82.88845699204725,1,9,257,61.25292355989848,65.08769199197917,77.066838833695,88.45752904319316,84.03115046052359
2021-09-15,C,87.92791745514785,2,9,258,82.88845699204725,86.10562779311766,75.44907807518703,88.71785613776889,84.9224961305208
2021-09-16,C,97.46667806351395,3,9,259,87.92791745514785,109.25582868651988,88.39845895635419,87.03369176305377,85.57022606674649
2021-09-17,C,104.51374945044824,4,9,260,97.46667806351395,99.51490309994573,112.204441776103,87.74781267026842,85.0208909006283
2021-09-18,C,105.76852966895558,5,9,261,104.51374945044824,108.13287994040658,89.97997440794215,87.41004834577541,86.14864484784354
2021-09-19,C,89.32822405093084,6,9,262,105.76852966895558,72.05208323041651,74.32065325042424,89.87806846299175,87.22061419073687
2021-09-20,C,60.253382608488,0,9,263,89.32822405093084,61.25292355989848,51.793104686988386,89.73527689850452,87.82491975655827
2021-09-21,C,70.32019616630318,1,9,264,60.253382608488,82.88845699204725,65.08769199197917,87.93981106625537,88.19867005472427
2021-09-22,C,87.02756092764675,2,9,265,70.32019616630318,87.92791745514785,86.10562779311766,87.81118870518378,88.26452242147636
2021-09-23,C,94.0630250815436,3,9,266,87.02756092764675,97.46667806351395,109.25582868651988,87.32495256490232,87.17932216397806
2021-09-24,C,105.37940414876267,4,9,267,94.0630250815436,104.51374945044824,99.51490309994573,87.44861752180438,87.5982150960364
2021-09-25,C,95.05659400230113,5,9,268,105.37940414876267,105.76852966895558,108.13287994040658,85.9183409979966,86.66419467188601
2021-09-26,C,86.79034739548973,6,9,269,95.05659400230113,89.32822405093084,72.05208323041651,85.55578719007644,87.71692782653409
2021-09-27,C,76.51719833920981,0,9,270,86.79034739548973,60.253382608488,61.25292355989848,87.87918943732241,88.80723316791348
2021-09-28,C,68.09606153013378,1,9,271,76.51719833920981,70.32019616630318,82.88845699204725,87.56145591786965,87.75063349206252
2021-09-29,C,84.6647512254893,2,9,272,68.09606153013378,87.02756092764675,87.92791745514785,87.2239116747043,87.51755018994403
2021-09-30,C,107.33735445219126,3,9,273,84.6647512254893,94.0630250815436,97.46667806351395,89.12024444193968,88.22259850342098
2021-10-01,C,101.21344704861724,4,10,274,107.33735445219126,105.37940414876267,104.51374945044824,88.52510771334747,87.98686261757591
2021-10-02,C,99.7932024026572,5,10,275,101.21344704861724,95.05659400230113,105.76852966895558,89.20176605625547,87.56005352712603
2021-10-03,C,77.03548973511052,6,10,276,99.7932024026572,86.79034739548973,89.32822405093084,87.80821496191558,86.68200107599603
2021-10-04,C,59.1726795608809,0,10,277,77.03548973511052,76.51719833920981,60.253382608488,85.33042656501148,86.60480800116693
2021-10-05,C,63.14511308403848,1,10,278,59.1726795608809,68.09606153013378,70.32019616630318,84.62314821556927,86.09230206671945
2021-10-06,C,98.02291601469425,2,10,279,63.14511308403848,84.6647512254893,87.02756092764675,86.53145747116999,86.87768457293713
2021-10-07,C,100.841714272671,3,10,280,98.02291601469425,107.33735445219126,94.0630250815436,85.60350887409565,87.36187665801765
2021-10-08,C,119.08785746128947,4,10,281,100.841714272671,101.21344704861724,105.37940414876267,88.15699607590598,88.34105189462672
2021-10-09,C,91.04506117310916,5,10,282,119.08785746128947,99.7932024026572,95.05659400230113,86.90726161454197,88.05451383539871
2021-10-10,C,80.1384533131887,6,10,283,91.04506117310916,77.03548973511052,86.79034739548973,87.35054212569601,87.57937854380579
2021-10-11,C,86.13935203700595,0,10,284,80.1384533131887,59.1726795608809,76.51719833920981,91.20292390799956,88.26667523650552
2021-10-12,C,62.41078289983922,1,10,285,86.13935203700595,63.14511308403848,68.09606153013378,91.09801959597111,87.8605839057702
2021-10-13,C,71.33400051731685,2,10,286,62.41078289983922,98.02291601469425,84.6647512254893,87.28531738206006,86.90838742661502
2021-10-14,C,112.45587722618365,3,10,287,71.33400051731685,100.841714272671,107.33735445219126,88.94448351827614,87.2739961961859
2021-10-15,C,99.42062193702805,4,10,288,112.45587722618365,119.08785746128947,101.21344704861724,86.13487844338165,87.14593725964382
2021-10-16,C,95.05857041604698,5,10,289,99.42062193702805,91.04506117310916,99.7932024026572,86.70823690665848,86.80774926060022
2021-10-17,C,73.19153609059249,6,10,290,95.05857041604698,80.1384533131887,77.03548973511052,85.71582016057332,86.53318114313466
2021-10-18,C,69.21331057057273,0,10,291,73.19153609059249,86.13935203700595,59.1726795608809,83.29781423679715,87.25036907239836
2021-10-19,C,63.33565726973073,1,10,292,69.21331057057273,62.41078289983922,63.14511308403848,83.42993914678163,87.26397937137638
2021-10-20,C,85.14706588352054,2,10,293,63.33565726973073,71.33400051731685,98.02291601469425,85.40323419909645,86.34427579057827
2021-10-21,C,105.83174885840928,3,10,294,85.14706588352054,112.45587722618365,100.841714272671,84.45693014655726,86.7007068324167
2021-10-22,C,98.0386937600492,4,10,295,105.83174885840928,99.42062193702805,119.08785746128947,84.25951183556028,85.19719513947096
2021-10-23,C,89.69361916180017,5,10,296,98.0386937600492,95.05857041604698,91.04506117310916,83.49309022781074,85.1006635672346
2021-10-24,C,75.16988917548737,6,10,297,89.69361916180017,73.19153609059249,80.1384533131887,83.77571209708142,84.74576612882738
2021-10-25,C,55.70755491919013,0,10,298,75.16988917548737,69.21331057057273,86.13935203700595,81.84631843259821,82.57206633469767
2021-10-26,C,67.6295291348965,1,10,299,55.70755491919013,63.33565726973073,62.41078289983922,82.45972869905044,82.94483392291603
2021-10-27,C,87.60702897587983,2,10,300,67.6295291348965,85.14706588352054,71.33400051731685,82.81115199795893,84.10719309852769
2021-10-28,C,99.10690478331938,3,10,301,87.60702897587983,105.83174885840928,112.45587722618365,81.8504599872318,83.15369506689453
2021-10-29,C,104.00422297685968,4,10,302,99.10690478331938,98.0386937600492,99.42062193702805,82.70267844677616,83.48109514116821
2021-10-30,C,95.20514810178508,5,10,303,104.00422297685968,89.69361916180017,95.05857041604698,83.49003972391687,83.4915649758638
2021-10-31,C,72.77307421488757,6,10,304,95.20514810178508,75.16988917548737,73.19153609059249,83.14763758668832,83.46167484188486
2021-11-01,C,72.73664899000555,0,11,305,72.77307421488757,55.70755491919013,69.21331057057273,85.58036531109052,83.71334187184435
2021-11-02,C,82.56791206576906,1,11,306,72.73664899000555,67.6295291348965,63.33565726973073,87.71442001550088,85.08707435727567
2021-11-03,C,83.01168358916267,2,11,307,82.56791206576906,87.60702897587983,85.14706588352054,87.05794210311271,84.93454705053581
2021-11-04,C,106.25495223791825,3,11,308,83.01168358916267,99.10690478331938,105.83174885840928,88.07909173948397,84.9647758633579
2021-11-05,C,104.32836774690648,4,11,309,106.25495223791825,104.00422297685968,98.0386937600492,88.12539813520495,85.41403829099056
2021-11-06,C,98.35833029941624,5,11,310,104.32836774690648,95.20514810178508,89.69361916180017,88.57585273486654,86.0329462293917
2021-11-07,C,90.61532823404258,6,11,311,98.35833029941624,72.77307421488757,75.16988917548737,91.1247461661744,87.13619187643135
2021-11-08,C,71.34749487728548,0,11,312,90.61532823404258,72.73664899000555,55.70755491919013,90.92629557864298,88.25333044486673
2021-11-09,C,56.962840826947215,1,11,313,71.34749487728548,82.56791206576906,67.6295291348965,87.26842825881127,87.49142413715607
2021-11-10,C,90.42876184837384,2,11,314,56.962840826947215,83.01168358916267,87.60702897587983,88.32801086727001,87.69297648519137
2021-11-11,C,112.30634640263987,3,11,315,90.42876184837384,106.25495223791825,99.10690478331938,89.19249574794453,88.63579374371425
2021-11-12,C,104.54260570046848,4,11,316,112.30634640263987,104.32836774690648,104.00422297685968,89.22310116988196,88.67424965254347
2021-11-13,C,103.46958005812134,5,11,317,104.54260570046848,98.35833029941624,95.20514810178508,89.95327970683982,89.26456622085318
2021-11-14,C,72.63823772526939,6,11,318,103.46958005812134,90.61532823404258,72.77307421488757,87.38512391987221,89.25493504302332
2021-11-15,C,55.46397532703216,0,11,319,72.63823772526939,71.34749487728548,72.73664899000555,85.11604969840747,88.02117263852521
2021-11-16,C,72.34957935815699,1,11,320,55.46397532703216,56.962840826947215,82.56791206576906,87.314155202866,87.29129173083865
2021-11-17,C,72.8150531008973,2,11,321,72.34957935815699,90.42876184837384,83.01168358916267,84.79791109608365,86.56296098167684
2021-11-18,C,100.59533842308888,3,11,322,72.8150531008973,112.30634640263987,106.25495223791825,83.1249099561478,86.15870285204616
2021-11-19,C,116.6801832316875,4,11,323,100.59533842308888,104.54260570046848,104.32836774690648,84.85884960346479,87.04097538667337
2021-11-20,C,80.29646843327889,5,11,324,116.6801832316875,103.46958005812134,98.35833029941624,81.54840508563016,85.750842396235
2021-11-21,C,67.99325775724424,6,11,325,80.29646843327889,72.63823772526939,90.61532823404258,80.88483651876943,84.13498021932082
2021-11-22,C,59.162100711987904,0,11,326,67.99325775724424,55.46397532703216,71.34749487728548,81.41314014519166,83.26459492179957
2021-11-23,C,70.78373839987799,1,11,327,59.162100711987904,72.34957935815699,56.962840826947215,81.18944857972325,84.25180189129462
2021-11-24,C,84.0112026517655,2,11,328,70.78373839987799,72.8150531008973,90.42876184837384,82.78889851556156,83.79340480582259
2021-11-25,C,113.77666764987612,3,11,329,84.0112026517655,100.59533842308888,112.30634640263987,84.67194554795972,83.89842775205376
2021-11-26,C,114.0903018333272,4,11,330,113.77666764987612,116.6801832316875,104.54260570046848,84.30196249105111,84.58040604725795
2021-11-27,C,99.60682531786836,5,11,331,114.0903018333272,80.29646843327889,103.46958005812134,87.06058490313534,84.30449499438274
2021-11-28,C,79.46434470937695,6,11,332,99.60682531786836,67.99325775724424,72.63823772526939,88.69931161058287,84.79207406467614
2021-11-29,C,70.63426695922931,0,11,333,79.46434470937695,59.162100711987904,55.46397532703216,90.33819250304592,85.8756663241188
2021-11-30,C,64.46450850512848,1,11,334,70.63426695922931,70.78373839987799,72.34957935815699,89.43544537522455,85.3124469774739
2021-12-01,C,93.86468983545772,2,12,335,64.46450850512848,84.0112026517655,72.8150531008973,90.8430864014663,86.81599245851393
2021-12-02,C,93.7572926315036,3,12,336,93.86468983545772,113.77666764987612,100.59533842308888,87.98317568455595,86.32756061625784
2021-12-03,C,113.20860122188164,4,12,337,93.7572926315036,114.0903018333272,116.6801832316875,87.85721845434944,86.07959047270027
2021-12-04,C,105.20385183634068,5,12,338,113.20860122188164,99.60682531786836,80.29646843327889,88.65679367127404,87.8586892872047
2021-12-05,C,80.05628908140307,6,12,339,105.20385183634068,79.46434470937695,67.99325775724424,88.74135715299205,88.72033438178747
2021-12-06,C,66.14879434172454,0,12,340,80.05628908140307,70.63426695922931,59.162100711987904,88.10057535049138,89.21938392676864
2021-12-07,C,74.63291668418408,1,12,341,66.14879434172454,64.46450850512848,70.78373839987799,89.55320509035649,89.49432523279052
2021-12-08,C,64.18493011627135,2,12,342,74.63291668418408,93.86468983545772,84.0112026517655,85.313239416187,88.07816290882666
2021-12-09,C,105.14178248433213,3,12,343,64.18493011627135,93.7572926315036,113.77666764987612,86.9395951094482,87.46138539700208
2021-12-10,C,105.688823358015,4,12,344,105.14178248433213,113.20860122188164,114.0903018333272,85.86534112889584,86.86127979162264
2021-12-11,C,95.37975698500254,5,12,345,105.688823358015,105.20385183634068,99.60682531786836,84.4618990072761,86.55934633927508
2021-12-12,C,84.09170243794941,6,12,346,95.37975698500254,80.05628908140307,79.46434470937695,85.03838662963986,86.88987189131596
2021-12-13,C,67.0304175109727,0,12,347,84.09170243794941,66.14879434172454,70.63426695922931,85.16433279667532,86.63245407358336
2021-12-14,C,62.378852634567224,1,12,348,67.0304175109727,74.63291668418408,64.46450850512848,83.41375221815862,86.48347865425754
2021-12-15,C,86.01592578054334,2,12,349,62.378852634567224,64.18493011627135,93.86468983545772,86.53246588448319,85.92285265033509
2021-12-16,C,103.33423067916485,3,12,350,86.01592578054334,105.14178248433213,93.7572926315036,86.27424419803071,86.60691965373947
2021-12-17,C,107.58519670345171,4,12,351,103.33423067916485,105.688823358015,113.20860122188164,86.54515467595026,86.20524790242305
2021-12-18,C,97.15020689780944,5,12,352,107.58519670345171,95.37975698500254,105.20385183634068,86.79807609206553,85.6299875496708
2021-12-19,C,86.82446476418568,6,12,353,97.15020689780944,84.09170243794941,80.05628908140307,87.18847071009928,86.11342866986956
2021-12-20,C,59.01036252928749,0,12,354,86.82446476418568,67.0304175109727,66.14879434172454,86.04274856985853,85.60354068326693
2021-12-21,C,72.9761812071651,1,12,355,59.01036252928749,62.378852634567224,74.63291668418408,87.55665265165824,85.48520243490842
2021-12-22,C,97.53665480616192,2,12,356,72.9761812071651,86.01592578054334,64.18493011627135,89.20247108388945,87.86746848418633
2021-12-23,C,88.98696490108907,3,12,357,97.53665480616192,103.33423067916485,105.14178248433213,87.1528616870215,86.7135529425261
2021-12-24,C,108.1729689271142,4,12,358,88.98696490108907,107.58519670345171,105.688823358015,87.2368291475447,86.89099191174748
2021-12-25,C,91.24189401381504,5,12,359,108.1729689271142,97.15020689780944,95.37975698500254,86.39278444983121,86.59543027094837
2021-12-26,C,75.61389939912286,6,12,360,91.24189401381504,86.82446476418568,84.09170243794941,84.7912751119651,85.9898729110322
2021-12-27,C,60.53024899791547,0,12,361,75.61389939912286,59.01036252928749,67.0304175109727,85.00840175034054,85.52557516009952
2021-12-28,C,70.28424190231254,1,12,362,60.53024899791547,72.9761812071651,62.378852634567224,84.62383899250445,86.09024582208134
2021-12-29,C,102.01733220270089,2,12,363,70.28424190231254,97.53665480616192,86.01592578054334,85.26393576343858,87.23320342366402
2021-12-30,C,92.8184840572387,3,12,364,102.01733220270089,88.98696490108907,103.33423067916485,85.81129564288854,86.48207866495501
2021-12-31,C,97.44898553111284,4,12,365,92.8184840572387,108.1729689271142,107.58519670345171,84.27929801488834,85.75806358121652
2022-01-01,C,85.57951553835974,5,1,1,97.44898553111284,91.24189401381504,97.15020689780944,83.47038680410901,84.9315856269701
2022-01-02,C,92.46899883800091,6,1,2,85.57951553835974,75.61389939912286,86.82446476418568,85.87825815252016,85.33476663224262
2022-01-03,C,64.1400614495307,0,1,3,92.46899883800091,60.53024899791547,59.01036252928749,86.39394564560804,85.70117369797428
2022-01-04,C,71.50560521520593,1,1,4,64.1400614495307,70.28424190231254,72.9761812071651,86.56842611887852,85.59613255569148
2022-01-05,C,84.13509382850764,2,1,5,71.50560521520593,102.01733220270089,97.53665480616192,84.01382063685092,84.63887820014475
2022-01-06,C,95.4486139895029,3,1,6,84.13509382850764,92.8184840572387,88.98696490108907,84.38955348431725,85.1004245636029
2022-01-07,C,104.99473044809812,4,1,7,95.4486139895029,97.44898553111284,108.1729689271142,85.46751704388657,84.87340752938746
2022-01-08,C,115.73101101563074,5,1,8,104.99473044809812,85.57951553835974,91.24189401381504,89.77487354063956,86.62263017237429
2022-01-09,C,89.85628998284062,6,1,9,115.73101101563074,92.46899883800091,75.61389939912286,89.4016294184738,87.63994378549697
2022-01-10,C,61.08534662143301,0,1,10,89.85628998284062,64.1400614495307,60.53024899791547,88.96524158588842,87.67959361574823
2022-01-11,C,76.9613805925506,1,1,11,61.08534662143301,71.50560521520593,70.28424190231254,89.74463806836624,88.1565320936224
2022-01-12,C,80.77524524609618,2,1,12,76.9613805925506,84.13509382850764,102.01733220270089,89.26465969945032,86.63924016815062
2022-01-13,C,88.86312597602767,3,1,13,80.77524524609618,95.4486139895029,92.8184840572387,88.32387569752528,86.35671459092126
2022-01-14,C,115.10209303240131,4,1,14,88.86312597602767,104.99473044809812,97.44898553111284,89.76778463814001,87.61765084101329
2022-01-15,C,105.4158750129571,5,1,15,115.10209303240131,115.73101101563074,85.57951553835974,88.29419378061523,89.0345336606274
2022-01-16,C,87.15821069350022,6,1,16,105.4158750129571,89.85628998284062,92.46899883800091,87.90875388213803,88.65519165030592
2022-01-17,C,64.21999724008475,0,1,17,87.15821069350022,61.08534662143301,64.1400614495307,88.35656111337398,88.6609013496312
2022-01-18,C,70.51665196611103,1,1,18,64.21999724008475,76.9613805925506,71.50560521520593,87.43588559531118,88.5902618318387
2022-01-19,C,93.4956219267618,2,1,19,70.51665196611103,80.77524524609618,84.13509382850764,89.2530822639777,89.25887098171401
2022-01-20,C,106.2761054556521,3,1,20,93.4956219267618,88.86312597602767,95.4486139895029,91.7406507610669,90.03226322929608
2022-01-21,C,103.8669759907781,4,1,21,106.2761054556521,115.10209303240131,104.99473044809812,90.13563404083501,89.95170933948751
2022-01-22,C,83.25262774893383,5,1,22,103.8669759907781,105.4158750129571,115.73101101563074,86.96945586026025,87.63182482043773
2022-01-23,C,79.77086430832358,6,1,23,83.25262774893383,87.15821069350022,89.85628998284062,85.91412066237788,86.91143727225797
2022-01-24,C,76.68106641780042,0,1,24,79.77086430832358,64.21999724008475,61.08534662143301,87.69427340205155,88.02541725771277
2022-01-25,C,62.34022159592205,1,1,25,76.68106641780042,70.51665196611103,76.9613805925506,86.52621192059598,86.98104875795357
2022-01-26,C,92.67764262097656,2,1,26,62.34022159592205,93.4956219267618,80.77524524609618,86.40935773405523,87.83121999901645
2022-01-27,C,105.866540788008,3,1,27,92.67764262097656,106.2761054556521,88.86312597602767,86.35084849582037,89.04574962844363
2022-01-28,C,113.08733193708278,4,1,28,105.866540788008,103.8669759907781,115.10209303240131,87.66804220243532,88.90183812163517
2022-01-29,C,103.25107637769965,5,1,29,113.08733193708278,83.25262774893383,105.4158750129571,90.52496343511616,88.74720964768821
2022-01-30,C,73.37421088985306,6,1,30,103.25107637769965,79.77086430832358,87.15821069350022,89.61115580390606,87.76263823314197
2022-01-31,C,55.18338417266159,0,1,31,73.37421088985306,76.68106641780042,64.21999724008475,86.5400583403148,87.11716587118318
2022-02-01,C,67.72284177280349,1,2,32,55.18338417266159,62.34022159592205,70.51665196611103,87.30900407986931,86.91760800023266
2022-02-02,C,94.75065617785444,2,2,33,67.72284177280349,92.67764262097656,93.4956219267618,87.605148873709,87.00725330388211
2022-02-03,C,98.94824606880049,3,2,34,94.75065617785444,105.866540788008,106.2761054556521,86.61682105667936,86.48383477624986
2022-02-04,C,101.60386931043314,4,2,35,98.94824606880049,113.08733193708278,103.8669759907781,84.9763263957294,86.32218429908235
2022-02-05,C,81.77453971462297,5,2,36,101.60386931043314,103.25107637769965,83.25262774893383,81.9082497295756,86.21660658234588
2022-02-06,C,93.02118333173388,6,2,37,81.77453971462297,73.37421088985306,79.77086430832358,84.71496007841571,87.16305794116089
2022-02-07,C,74.79483857545381,0,2,38,93.02118333173388,55.18338417266159,76.68106641780042,87.51659642167174,87.02832738099328
2022-02-08,C,78.22023589853444,1,2,39,74.79483857545381,67.72284177280349,62.34022159592205,89.01622415391903,88.16261411689416
2022-02-09,C,95.44951080194382,2,2,40,78.22023589853444,94.75065617785444,92.67764262097656,89.11606052878894,88.36060470124896
2022-02-10,C,107.96801425942527,3,2,41,95.44951080194382,98.94824606880049,105.866540788008,90.40459884173534,88.51070994920735
2022-02-11,C,105.27165512992822,4,2,42,107.96801425942527,101.60386931043314,113.08733193708278,90.92856824452033,87.95244732012488
2022-02-12,C,95.10529968711292,5,2,43,105.27165512992822,81.77453971462297,103.25107637769965,92.83296252630463,87.37060612794009
2022-02-13,C,75.64955804865981,6,2,44,95.10529968711292,93.02118333173388,73.37421088985306,90.35130177157976,87.53313092499774
2022-02-14,C,89.33712554944151,0,2,45,75.64955804865981,74.79483857545381,55.18338417266159,92.4287713392923,89.97268388048201
2022-02-15,C,76.57843436880165,1,2,46,89.33712554944151,78.22023589853444,67.72284177280349,92.19422826361617,90.60522620876759
2022-02-16,C,84.06737424696391,2,2,47,76.57843436880165,95.44951080194382,94.75065617785444,90.5682087557619,89.84213464227541
2022-02-17,C,107.14839163047812,3,2,48,84.06737424696391,107.96801425942527,98.94824606880049,90.45111980876946,90.42785932525238
2022-02-18,C,99.20940469858408,4,2,49,107.14839163047812,105.27165512992822,101.60386931043314,89.58508403286315,90.25682613869175
2022-02-19,C,108.5215363388748,5,2,50,99.20940469858408,95.10529968711292,81.77453971462297,91.50168926882914,92.16732589756688
2022-02-20,C,73.8515902690081,6,2,51,108.5215363388748,75.64955804865981,93.02118333173388,91.24483672887888,90.79806925022932
2022-02-21,C,72.33795304517089,0,2,52,73.8515902690081,89.33712554944151,74.79483857545381,88.81638351398307,90.62257742663768
2022-02-22,C,80.72902922642243,1,2,53,72.33795304517089,76.57843436880165,78.22023589853444,89.40932563650033,90.80177695005825
2022-02-23,C,90.92599620148724,2,2,54,80.72902922642243,84.06737424696391,95.44951080194382,90.3891287728608,90.47866876431135
2022-02-24,C,104.25024744177618,3,2,55,90.92599620148724,107.14839163047812,107.96801425942527,89.97510817447481,90.21311399162212
2022-02-25,C,107.4528427903524,4,2,56,104.25024744177618,99.20940469858408,105.27165512992822,91.15274218758456,90.36891311022386
2022-02-26,C,96.10402388513256,5,2,57,107.4528427903524,108.5215363388748,95.10529968711292,89.37881183704997,90.44025055293956
2022-02-27,C,74.59662519411772,6,2,58,96.10402388513256,73.8515902690081,75.64955804865981,89.48524539777993,90.3650410633294
2022-02-28,C,64.80347221610369,0,2,59,74.59662519411772,72.33795304517089,89.33712554944151,88.40889099362745,88.61263725380527
2022-03-01,C,84.10800124775463,1,3,60,64.80347221610369,80.72902922642243,76.57843436880165,88.8916012823892,89.15046345944477
2022-03-02,C,87.04962485643568,2,3,61,84.10800124775463,90.92599620148724,84.06737424696391,88.33783394738184,89.36348136012133
2022-03-03,C,97.2781874222267,3,3,62,87.04962485643568,104.25024744177618,107.14839163047812,87.34182537316049,88.65846677381765
2022-03-04,C,103.30611540668237,4,3,63,97.2781874222267,107.4528427903524,99.20940469858408,86.7494357469219,88.95108896725323
2022-03-05,C,105.42858817587764,5,3,64,103.30611540668237,96.10402388513256,108.5215363388748,88.0815163598855,88.73016409846774
2022-03-06,C,84.68513624092402,6,3,65,105.42858817587764,74.59662519411772,73.8515902690081,89.52273222371495,89.50398881074743
2022-03-07,C,72.95204315018955,0,3,66,84.68513624092402,64.80347221610369,72.33795304517089,90.68681378572721,89.54785238967735
2022-03-08,C,70.2811787373386,1,3,67,72.95204315018955,84.10800124775463,80.72902922642243,88.71155342709638,88.80157735474279
2022-03-09,C,92.57488774937016,2,3,68,70.2811787373386,87.04962485643568,90.92599620148724,89.50087669751558,88.91935532244871
2022-03-10,C,98.4861386477521,3,3,69,92.57488774937016,97.2781874222267,104.25024744177618,89.67344115830494,88.5076332657327
2022-03-11,C,105.4296540008784,4,3,70,98.4861386477521,103.30611540668237,107.4528427903524,89.97680381461863,88.36311978077028
2022-03-12,C,104.45412869950428,5,3,71,105.4296540008784,105.42858817587764,96.10402388513256,89.83759531799387,88.95955583893968
2022-03-13,C,86.34457467703118,6,3,72,104.45412869950428,84.68513624092402,74.59662519411772,90.07465795172347,89.79869508771921
2022-03-14,C,60.68420102679523,0,3,73,86.34457467703118,72.95204315018955,64.80347221610369,88.32210907695284,89.50446143134003
2022-03-15,C,65.56720677541814,1,3,74,60.68420102679523,70.2811787373386,84.10800124775463,87.64868451096422,88.18011896903029
2022-03-16,C,88.92767528056349,2,3,75,65.56720677541814,92.57488774937016,87.04962485643568,87.12765415827754,88.31426542789656
2022-03-17,C,117.51375671478316,3,3,76,88.92767528056349,98.4861386477521,97.2781874222267,89.84588531071056,89.75966323450773
2022-03-18,C,92.25211500596232,4,3,77,117.51375671478316,105.4296540008784,103.30611540668237,87.96337974000826,88.97009177731346
2022-03-19,C,98.99242638700277,5,3,78,92.25211500596232,104.45412869950428,105.42858817587764,87.18313655250805,88.51036593525096
2022-03-20,C,68.41207666316187,6,3,79,98.99242638700277,86.34457467703118,84.68513624092402,84.62135112195529,87.34800453683938
2022-03-21,C,63.534901916267465,0,3,80,68.41207666316187,60.68420102679523,72.95204315018955,85.02859410616561,86.67535159155922
2022-03-22,C,69.56606112424404,1,3,81,63.534901916267465,65.56720677541814,70.2811787373386,85.59985901314073,86.62427176205246
2022-03-23,C,84.764061380633,2,3,82,69.56606112424404,88.92767528056349,92.57488774937016,85.00505702743637,86.06635559285697
2022-03-24,C,99.50440027022462,3,3,83,84.764061380633,117.51375671478316,98.4861386477521,82.43229182107086,86.1390885658907
2022-03-25,C,107.7043628747954,4,3,84,99.50440027022462,92.25211500596232,105.4296540008784,84.63975580233273,86.3015677711705
2022-03-26,C,92.55378840746457,5,3,85,107.7043628747954,98.99242638700277,104.45412869950428,83.71995037668442,85.45154346459621
2022-03-27,C,67.7908343069843,6,3,86,92.55378840746457,68.41207666316187,86.34457467703118,83.63120146865906,84.12627629530718
2022-03-28,C,74.9185768347242,0,3,87,67.7908343069843,63.534901916267465,60.68420102679523,85.2574407427243,85.14301742444495
2022-03-29,C,78.57453587601881,1,3,88,74.9185768347242,69.56606112424404,65.56720677541814,86.54436570726355,86.07211236020214
2022-03-30,C,94.94359267837912,2,3,89,78.57453587601881,84.764061380633,88.92767528056349,87.99858446408442,86.5018207457604
2022-03-31,C,91.51896188745545,3,3,90,94.94359267837912,99.50440027022462,117.51375671478316,86.85780755226027,84.64504968666556
2022-04-01,C,110.10812168252832,4,4,91,91.51896188745545,107.7043628747954,92.25211500596232,87.20120166765068,85.9204787349917
2022-04-02,C,102.31373385703505,5,4,92,110.10812168252832,92.55378840746457,98.99242638700277,88.5954795890179,86.15771498285116
2022-04-03,C,71.31094690837129,6,4,93,102.31373385703505,67.7908343069843,68.41207666316187,89.09835281778747,86.36477714322326
2022-04-04,C,68.8230759900692,0,4,94,71.31094690837129,74.9185768347242,63.534901916267465,88.22756698283673,86.74250386278052
2022-04-05,C,71.69149544641463,1,4,95,68.8230759900692,78.57453587601881,69.56606112424404,87.2442754928933,86.89432060007843
2022-04-06,C,103.00547353681353,2,4,96,71.69149544641463,94.94359267837912,84.764061380633,88.39597275838392,88.19727861123417
2022-04-07,C,119.31087622373848,3,4,97,103.00547353681353,91.51896188745545,99.50440027022462,92.36624623499577,89.61202689362803
2022-04-08,C,94.47199538528366,4,4,98,119.31087622373848,110.10812168252832,107.7043628747954,90.13251390681798,88.66685778723433
2022-04-09,C,116.92738912647404,5,4,99,94.47199538528366,102.31373385703505,92.55378840746457,92.22017894530926,90.40782926716359
2022-04-10,C,72.30882775673186,6,4,100,116.92738912647404,71.31094690837129,67.7908343069843,92.3627333522179,90.73054308500268
2022-04-11,C,76.66514642930173,0,4,101,72.30882775673186,68.8230759900692,74.9185768347242,93.48302912925114,90.85529805604394
2022-04-12,C,80.45568252587863,1,4,102,76.66514642930173,71.69149544641463,78.57453587601881,94.73505585488884,90.98966567389107
2022-04-13,C,80.37281652360487,2,4,103,80.45568252587863,103.00547353681353,94.94359267837912,91.50181913871619,89.94889594855006
2022-04-14,C,107.93112034842191,3,4,104,80.37281652360487,119.31087622373848,91.51896188745545,89.87613972795667,91.12119298147624
2022-04-15,C,106.9966466478664,4,4,105,107.93112034842191,94.47199538528366,110.10812168252832,91.66537562261135,90.89894476471466
2022-04-16,C,101.48068318777764,5,4,106,106.9966466478664,116.92738912647404,102.31373385703505,89.45870334565473,90.83944114548198
2022-04-17,C,81.54608201507185,6,4,107,101.48068318777764,72.30882775673186,71.31094690837129,90.77831109684614,91.57052222453203
2022-04-18,C,78.46054602771396,0,4,108,81.54608201507185,76.66514642930173,68.8230759900692,91.03479675376218,92.25891294150665
2022-04-19,C,73.36496509420567,1,4,109,78.46054602771396,80.45568252587863,71.69149544641463,90.02183712066605,92.37844648777744
2022-04-20,C,87.06541585299847,2,4,110,73.36496509420567,80.37281652360487,103.00547353681353,90.97792273915083,91.23987093893352
2022-04-21,C,112.82356193223636,3,4,111,87.06541585299847,107.93112034842191,119.31087622373848,91.67684296541005,90.77649134668334
2022-04-22,C,112.57015439093392,4,4,112,112.82356193223636,106.9966466478664,94.47199538528366,92.47305835727684,92.06921698994408
2022-04-23,C,102.97062037535608,5,4,113,112.57015439093392,101.48068318777764,116.92738912647404,92.68590652693089,91.0723049362928
2022-04-24,C,74.45408028802852,6,4,114,102.97062037535608,81.54608201507185,72.30882775673186,91.67276342306756,91.22553725995685
2022-04-25,C,60.59779796363435,0,4,115,74.45408028802852,78.46054602771396,76.66514642930173,89.1209422710562,90.07786951240918
2022-04-26,C,68.29006167308536,1,4,116,60.59779796363435,73.36496509420567,80.45568252587863,88.39595606803901,89.20889659435251
2022-04-27,C,83.51190739303388,2,4,117,68.29006167308536,87.06541585299847,80.37281652360487,87.88831200232978,89.4331173707403
2022-04-28,C,110.41471228707204,3,4,118,83.51190739303388,112.82356193223636,107.93112034842191,87.54419062444916,89.61051679492961
2022-04-29,C,115.80492914448767,4,4,119,110.41471228707204,112.57015439093392,106.9966466478664,88.00630130352828,90.23967983040255
2022-04-30,C,95.9451409746023,5,4,120,115.80492914448767,102.97062037535608,101.48068318777764,87.00266138913487,89.84428395803288
2022-05-01,C,91.2881958867626,6,5,121,95.9451409746023,74.45408028802852,81.54608201507185,89.40753504609688,90.54014923458223
2022-05-02,C,79.97772543501335,0,5,122,91.2881958867626,60.59779796363435,78.46054602771396,92.17609611343674,90.64851919224647
2022-05-03,C,74.84910022038109,1,5,123,79.97772543501335,68.29006167308536,73.36496509420567,93.11310162019326,90.75452884411615
2022-05-04,C,81.97341437620392,2,5,124,74.84910022038109,83.51190739303388,87.06541585299847,92.89331690350328,90.39081445291653
2022-05-05,C,116.79820140340284,3,5,125,81.97341437620392,110.41471228707204,112.82356193223636,93.80524392012197,90.67471727228556
2022-05-06,C,107.57898800397815,4,5,126,116.79820140340284,115.80492914448767,112.57015439093392,92.63010947147775,90.31820538750301
2022-05-07,C,98.26557493237974,5,5,127,107.57898800397815,95.9451409746023,102.97062037535608,92.96160003687453,89.98213071300471
2022-05-08,C,77.19407360138364,6,5,128,98.26557493237974,91.2881958867626,74.45408028802852,90.94815399610611,90.1778445211015
2022-05-09,C,61.981717744584394,0,5,129,77.19407360138364,79.97772543501335,60.59779796363435,88.37729575461626,90.2766959340265
2022-05-10,C,61.22286351672565,1,5,130,61.981717744584394,74.84910022038109,68.29006167308536,86.4306905112369,89.7718960657151
2022-05-11,C,93.6815652070762,2,5,131,61.22286351672565,81.97341437620392,83.51190739303388,88.10328348707581,90.49830019528954
2022-05-12,C,97.99804984681678,3,5,132,93.6815652070762,116.79820140340284,110.41471228707204,85.41754755042065,89.61139573527132
2022-05-13,C,132.61344671424968,4,5,133,97.99804984681678,107.57898800397815,115.80492914448767,88.99389879474516,90.81200413311146
2022-05-14,C,88.63773477010054,5,5,134,132.61344671424968,98.26557493237974,95.9451409746023,87.6184930572767,90.2900465470756
2022-05-15,C,69.92192407645567,6,5,135,88.63773477010054,77.19407360138364,91.2881958867626,86.57961455371557,88.76388427491084
2022-05-16,C,73.25122014993968,0,5,136,69.92192407645567,61.981717744584394,79.97772543501335,88.1895434687663,88.28341961169129
2022-05-17,C,85.27655686105615,1,5,137,73.25122014993968,61.22286351672565,74.84910022038109,91.62578537509924,89.02823794316807
2022-05-18,C,89.20540594423328,2,5,138,85.27655686105615,93.6815652070762,81.97341437620392,90.98633405183595,89.5448087694559
2022-05-19,C,108.91326770955772,3,5,139,89.20540594423328,97.99804984681678,116.79820140340284,92.54565088937038,88.98159921989553
2022-05-20,C,93.45888761267558,4,5,140,108.91326770955772,132.61344671424968,107.57898800397815,86.95214244628838,87.97302062051676
2022-05-21,C,91.97630113553669,5,5,141,93.45888761267558,88.63773477010054,98.26557493237974,87.42908049849355,87.5237867778851
2022-05-22,C,71.46212811327861,6,5,142,91.97630113553669,69.92192407645567,77.19407360138364,87.6491096466111,87.11436210016333
2022-05-23,C,54.07981369551926,0,5,143,71.46212811327861,73.25122014993968,61.981717744584394,84.91033729597962,86.54994038237295
2022-05-24,C,74.04796097157869,1,5,144,54.07981369551926,85.27655686105615,61.22286351672565,83.3062521689114,87.46601877200531
2022-05-25,C,70.81613778587368,2,5,145,74.04796097157869,89.20540594423328,93.6815652070762,80.67921386057432,85.83277395620514
2022-05-26,C,93.82783068942976,3,5,146,70.81613778587368,108.91326770955772,97.99804984681678,78.52415142912746,85.53490115924892
2022-05-27,C,103.97978667030809,4,5,147,93.82783068942976,93.45888761267558,132.61344671424968,80.02713700878925,83.48963972753882
2022-05-28,C,90.81617688353266,5,5,148,103.97978667030809,91.97630113553669,88.63773477010054,79.86140497278868,83.6452427356411
2022-05-29,C,83.29239203410614,6,5,149,90.81617688353266,71.46212811327861,69.92192407645567,81.55144267576405,84.60027616118758
2022-05-30,C,71.75489210039231,0,5,150,83.29239203410614,54.07981369551926,73.25122014993968,84.07645387646018,84.4933955862199
2022-05-31,C,80.33257913694104,1,5,151,71.75489210039231,74.04796097157869,85.27655686105615,84.97425647151195,84.1402543202117
2022-06-01,C,94.84789869052824,2,6,152,80.33257913694104,70.81613778587368,89.20540594423328,88.4073651721769,84.5432895163756
2022-06-02,C,113.60197080308876,3,6,153,94.84789869052824,93.82783068942976,108.91326770955772,91.23224233127102,84.87819688019924
2022-06-03,C,108.33205989241266,4,6,154,113.60197080308876,103.97978667030809,93.45888761267558,91.85399564871454,85.9405663287519
2022-06-04,C,99.96426884774304,5,6,155,108.33205989241266,90.81617688353266,91.97630113553669,93.16086592931603,86.51113545105235
2022-06-05,C,84.28330370187155,6,6,156,99.96426884774304,83.29239203410614,71.46212811327861,93.30242473899679,87.42693370738041
2022-06-06,C,70.51357421437034,0,6,157,84.28330370187155,71.75489210039231,54.07981369551926,93.12509361242223,88.60077374444121
2022-06-07,C,70.07470476019202,1,6,158,70.51357421437034,80.33257913694104,74.04796097157869,91.65968298717237,88.31696972934216
2022-06-08,C,86.23935862418053,2,6,159,70.07470476019202,94.84789869052824,70.81613778587368,90.4298915491227,89.41862836064979
2022-06-09,C,98.0050713716292,3,6,160,86.23935862418053,113.60197080308876,93.82783068942976,88.20176305891418,89.71700269509263
2022-06-10,C,111.79041180183388,4,6,161,98.0050713716292,108.33205989241266,103.97978667030809,88.69581333168865,90.2749044902016
2022-06-11,C,96.8544823185989,5,6,162,111.79041180183388,99.96426884774304,90.81617688353266,88.2515581132395,90.70621202127775
2022-06-12,C,74.95587415149436,6,6,163,96.8544823185989,84.28330370187155,83.29239203410614,86.91906817747132,90.11074645823406
2022-06-13,C,64.15243215071607,0,6,164,74.95587415149436,70.51357421437034,71.75489210039231,86.01033359694928,89.56771360468576
2022-06-14,C,63.63913948733611,1,6,165,64.15243215071607,70.07470476019202,80.33257913694104,85.09096712939844,88.3753250582854
2022-06-15,C,96.79969969886594,2,6,166,63.63913948733611,86.23935862418053,94.84789869052824,86.59958728292493,88.5147394160238
2022-06-16,C,105.24454998459304,3,6,167,96.79969969886594,98.0050713716292,113.60197080308876,87.63379851334832,87.91778078613126
2022-06-17,C,101.58514707603923,4,6,168,105.24454998459304,111.79041180183388,108.33205989241266,86.17590355252052,87.43585844210459
2022-06-18,C,104.14505577816676,5,6,169,101.58514707603923,96.8544823185989,99.96426884774304,87.2174140467445,87.73448607999198
2022-06-19,C,75.84774374830394,6,6,170,104.14505577816676,74.95587415149436,84.28330370187155,87.34482398914587,87.13194608330858
2022-06-20,C,58.26845575928511,0,6,171,75.84774374830394,64.15243215071607,70.51357421437034,86.50425593322716,86.25729476508822
2022-06-21,C,81.56217769342129,1,6,172,58.26845575928511,63.63913948733611,70.07470476019202,89.0646899626679,87.07782854603316
2022-06-22,C,84.74226312250909,2,6,173,81.56217769342129,96.79969969886594,86.23935862418053,87.34219902318837,86.97089315305664
2022-06-23,C,101.41448597673822,3,6,174,84.74226312250909,105.24454998459304,98.0050713716292,86.79504702206623,87.21442276770726
2022-06-24,C,108.8870574654895,4,6,175,101.41448597673822,101.58514707603923,111.79041180183388,87.83817707770199,87.00704031511124
2022-06-25,C,106.88745763374196,5,6,176,108.8870574654895,104.14505577816676,96.8544823185989,88.2299487713556,87.72368140905006
2022-06-26,C,80.56170262365987,6,6,177,106.88745763374196,75.84774374830394,74.95587415149436,88.903371467835,88.12409772849044
2022-06-27,C,59.99759383629129,0,6,178,80.56170262365987,58.26845575928511,64.15243215071607,89.15039119312162,87.82732356317437
2022-06-28,C,77.81348548263689,1,6,179,59.99759383629129,81.56217769342129,63.63913948733611,88.61486373443812,88.83977684855302
2022-06-29,C,85.2291913150161,2,6,180,77.81348548263689,84.74226312250909,96.79969969886594,88.68442490479626,88.01331196399232
2022-06-30,C,119.85914054071549,3,6,181,85.2291913150161,101.41448597673822,105.24454998459304,91.31937555679302,89.05721128942962
2022-07-01,C,108.6187295967826,4,7,182,119.85914054071549,108.8870574654895,101.58514707603923,91.2810430041206,89.5596100409113
2022-07-02,C,79.93652993830013,5,7,183,108.6187295967826,106.88745763374196,104.14505577816676,87.43091047620032,87.83042962377796
2022-07-03,C,83.33039414404318,6,7,184,79.93652993830013,80.56170262365987,75.84774374830394,87.8264378362551,88.36490465204506
2022-07-04,C,85.21738325360462,0,7,185,83.33039414404318,59.99759383629129,58.26845575928511,91.42926489587128,90.28982804449645
2022-07-05,C,86.13990182817093,1,7,186,85.21738325360462,77.81348548263689,81.56217769342129,92.6187529452333,90.61680833983571
2022-07-06,C,103.82681348923204,2,7,187,86.13990182817093,85.2291913150161,84.74226312250909,95.27555611297842,91.97999050888735
2022-07-07,C,96.66773735549786,3,7,188,103.82681348923204,119.85914054071549,101.41448597673822,91.96249851509019,91.64093703594162
2022-07-08,C,115.99497661065014,4,7,189,96.66773735549786,108.6187295967826,108.8870574654895,93.01624808849985,92.14864554631023
2022-07-09,C,92.11092767366624,5,7,190,115.99497661065014,79.93652993830013,106.88745763374196,94.75544776498073,91.09317912059052
2022-07-10,C,82.33585963220366,6,7,191,92.11092767366624,83.33039414404318,80.56170262365987,94.6133714061465,91.2199046212008
2022-07-11,C,59.547051555675104,0,7,192,82.33585963220366,85.21738325360462,59.99759383629129,90.94618116358515,91.1877230297282
2022-07-12,C,68.44696347081589,1,7,193,59.547051555675104,86.13990182817093,77.81348548263689,88.41861854110584,90.51868574316957
2022-07-13,C,83.83927567034024,2,7,194,68.44696347081589,103.82681348923204,85.2291913150161,85.56325599554988,90.41940605426414
2022-07-14,C,112.08433114976027,3,7,195,83.83927567034024,96.66773735549786,119.85914054071549,87.76562653758738,89.86406252633878
2022-07-15,C,115.17358048626332,4,7,196,112.08433114976027,115.99497661065014,108.6187295967826,87.64828423410354,90.33226616130169
2022-07-16,C,100.171511896279,5,7,197,115.17358048626332,92.11092767366624,79.93652993830013,88.79979626590536,91.77762201544304
2022-07-17,C,69.80824316249563,6,7,198,100.171511896279,82.33585963220366,83.33039414404318,87.01013677023278,90.81175408818964
2022-07-18,C,67.30762558406538,0,7,199,69.80824316249563,59.547051555675104,85.21738325360462,88.11879020285996,89.53248568322253
2022-07-19,C,67.70374779640561,1,7,200,67.30762558406538,68.44696347081589,86.13990182817093,88.01261653508706,88.21561753809645
2022-07-20,C,96.27672537287474,2,7,201,67.70374779640561,83.83927567034024,103.82681348923204,89.78939506402058,87.67632552978522
2022-07-21,C,114.39143780122664,3,7,202,96.27672537287474,112.08433114976027,96.66773735549786,90.11898172851576,88.94230413305156
2022-07-22,C,117.2889822712233,4,7,203,114.39143780122664,115.17358048626332,115.99497661065014,90.42118198351004,89.03473310880679
2022-07-23,C,91.98526877636674,5,7,204,117.2889822712233,100.171511896279,92.11092767366624,89.25171868066545,89.0257574732854
2022-07-24,C,58.76541959869128,6,7,205,91.98526877636674,69.80824316249563,82.33585963220366,87.67417245726482,87.3421546137488
2022-07-25,C,55.73511594069235,0,7,206,58.76541959869128,67.30762558406538,59.547051555675104,86.0209567939258,87.0698734983929
2022-07-26,C,85.1157655546763,1,7,207,55.73511594069235,67.70374779640561,68.44696347081589,88.50838790225019,88.26050221866863
2022-07-27,C,86.17934987482987,2,7,208,85.1157655546763,96.27672537287474,83.83927567034024,87.06590568824379,88.42765037613218
2022-07-28,C,99.03023210263947,3,7,209,86.17934987482987,114.39143780122664,112.08433114976027,84.87144773130275,87.49521472990925
2022-07-29,C,122.04925000053578,4,7,210,99.03023210263947,117.2889822712233,115.17358048626332,85.5514859783474,87.98633398092872
2022-07-30,C,108.21837376567792,5,7,211,122.04925000053578,91.98526877636674,100.171511896279,87.87050097682042,88.56110982874293
2022-07-31,C,80.94734442243589,6,7,212,108.21837376567792,58.76541959869128,69.80824316249563,91.0393473802125,89.35675991873867
2022-08-01,C,67.59365646729117,0,8,213,80.94734442243589,55.73511594069235,67.30762558406538,92.73342459829804,89.37719069611194
2022-08-02,C,72.75601009758343,1,8,214,67.59365646729117,85.1157655546763,67.70374779640561,90.9677452472848,89.73806657476749
2022-08-03,C,91.27676184655782,2,8,215,72.75601009758343,86.17934987482987,96.27672537287474,91.69594695753163,89.38092632288772
2022-08-04,C,117.90647736938703,3,8,216,91.27676184655782,99.03023210263947,114.39143780122664,94.39255342420985,89.63200057775632
2022-08-05,C,112.35777711701388,4,8,217,117.90647736938703,122.04925000053578,117.2889822712233,93.00805729799245,89.27977163816992
2022-08-06,C,103.97539653615488,5,8,218,112.35777711701388,108.21837376567792,91.98526877636674,92.40191769377486,90.13620933529765
2022-08-07,C,90.17598558971146,6,8,219,103.97539653615488,80.94734442243589,58.76541959869128,93.72029500338567,92.3798211917991
2022-08-08,C,60.65354325767777,0,8,220,90.17598558971146,67.59365646729117,55.73511594069235,92.72885025915518,92.73113742872661
2022-08-09,C,79.92178500995058,1,8,221,60.65354325767777,72.75601009758343,85.1157655546763,93.75253238949334,92.36013881838906
2022-08-10,C,87.17297949223483,2,8,222,79.92178500995058,91.27676184655782,86.17934987482987,93.16627776744721,92.43111236248943
2022-08-11,C,85.04740762271786,3,8,223,87.17297949223483,117.90647736938703,99.03023210263947,88.47212494649446,91.43233918535216
2022-08-12,C,92.02275145729972,4,8,224,85.04740762271786,112.35777711701388,122.04925000053578,85.56712128082101,89.28758928940672
2022-08-13,C,90.09229344976274,5,8,225,92.02275145729972,103.97539653615488,108.21837376567792,83.58382083990784,87.99286926684135
2022-08-14,C,85.1416806159612,6,8,226,90.09229344976274,90.17598558971146,80.94734442243589,82.86463441508639,88.29246470923603
2022-08-15,C,70.99141785866566,0,8,227,85.1416806159612,60.65354325767777,67.59365646729117,84.34147364379895,88.53516195147706
2022-08-16,C,75.42789359763336,1,8,228,70.99141785866566,79.92178500995058,72.75601009758343,83.69948915632504,88.72601077290919
2022-08-17,C,105.2071474610909,2,8,229,75.42789359763336,87.17297949223483,91.27676184655782,86.27579886616164,89.72103831680441
2022-08-18,C,95.09352234008986,3,8,230,105.2071474610909,85.04740762271786,117.90647736938703,87.7109581115005,88.09154152899748
2022-08-19,C,108.89871102978609,4,8,231,95.09352234008986,92.02275145729972,112.35777711701388,90.12180947899854,87.84446537990978
2022-08-20,C,100.74278859449116,5,8,232,108.89871102978609,90.09229344976274,103.97539653615488,91.64330878538831,87.61356481264808
2022-08-21,C,75.07177992498228,6,8,233,100.74278859449116,85.1416806159612,90.17598558971146,90.20475154381991,86.53469297945314
2022-08-22,C,70.37770536667648,0,8,234,75.07177992498228,70.99141785866566,60.65354325767777,90.1170783306786,87.22927598723876
2022-08-23,C,61.22343533762451,1,8,235,70.37770536667648,75.42789359763336,79.92178500995058,88.08787000782017,85.89367958207262
2022-08-24,C,100.9489194078695,2,8,236,61.22343533762451,105.2071474610909,87.17297949223483,87.47955171450283,86.87767529033223
2022-08-25,C,99.86339290879611,3,8,237,100.9489194078695,95.09352234008986,85.04740762271786,88.1609617957466,87.93595995362354
2022-08-26,C,125.43944925155408,4,8,238,99.86339290879611,108.89871102978609,92.02275145729972,90.5239243988563,90.32286693892742
2022-08-27,C,98.11757989071144,5,8,239,125.43944925155408,100.74278859449116,90.09229344976274,90.14889458403063,90.89610168470948
2022-08-28,C,89.25646345055289,6,8,240,98.11757989071144,75.07177992498228,85.1416806159612,92.17527794482645,91.19001474432316
2022-08-29,C,69.79473852415387,0,8,241,89.25646345055289,70.37770536667648,70.99141785866566,92.0919969673232,91.1045376490009
2022-08-30,C,73.84714942228482,1,8,242,69.79473852415387,61.22343533762451,75.42789359763336,93.89538469370324,90.99162735076172
2022-08-31,C,85.06750507396286,2,8,243,73.84714942228482,100.9489194078695,105.2071474610909,91.62661121743088,89.55308146596687
2022-09-01,C,106.3393708340396,3,9,244,85.06750507396286,99.86339290879611,95.09352234008986,92.55175092103707,90.35635635839184
2022-09-02,C,111.8023075587086,4,9,245,106.3393708340396,125.43944925155408,108.89871102978609,90.60358782205915,90.56375611045773
2022-09-03,C,92.1733764808001,5,9,246,111.8023075587086,98.11757989071144,100.74278859449116,89.75441590635754,89.95165524519408
2022-09-04,C,80.1017496705508,6,9,247,92.1733764808001,89.25646345055289,75.07177992498228,88.44659965207151,90.31093879844899
2022-09-05,C,65.41044061769688,0,9,248,80.1017496705508,69.79473852415387,70.37770536667648,87.82027137972054,89.95613417352186
2022-09-06,C,92.56048270735756,1,9,249,65.41044061769688,73.84714942228482,61.22343533762451,90.4936047061595,92.19449469993137
2022-09-07,C,89.09196365051561,2,9,250,92.56048270735756,85.06750507396286,100.9489194078695,91.06852735995274,91.34756928869182
2022-09-08,C,117.81830668275168,3,9,251,89.09196365051561,106.3393708340396,99.86339290879611,92.70837533834018,92.63006312968864
2022-09-09,C,107.76340942700487,4,9,252,117.81830668275168,111.8023075587086,125.43944925155408,92.13138989095394,91.36748885650653
2022-09-10,C,100.59181575447128,5,9,253,107.76340942700487,92.1733764808001,98.11757989071144,93.33402407290696,91.54421998963224
2022-09-11,C,70.60126249433819,6,9,254,100.59181575447128,80.1017496705508,89.25646345055289,91.9768116191623,90.21170563561691
2022-09-12,C,66.78472088128103,0,9,255,70.60126249433819,65.41044061769688,69.79473852415387,92.1731373711029,89.99670437541171
2022-09-13,C,75.91751758682406,1,9,256,66.78472088128103,92.56048270735756,73.84714942228482,89.79557092531239,90.14458781573595
2022-09-14,C,102.5679105275594,2,9,257,75.91751758682406,89.09196365051561,85.06750507396286,91.72070619346151,91.39461677670712
2022-09-15,C,107.30238176066057,3,9,258,102.5679105275594,117.81830668275168,106.3393708340396,90.21843120459134,91.46340327146575
2022-09-16,C,120.46822103308055,4,9,259,107.30238176066057,107.76340942700487,111.8023075587086,92.0334042911736,92.08239709106375
2022-09-17,C,103.7134175738838,5,9,260,120.46822103308055,100.59181575447128,92.1733764808001,92.47934740823253,92.90668574056974
2022-09-18,C,94.26145585328624,6,9,261,103.7134175738838,70.60126249433819,80.1017496705508,95.85937503093938,93.91809332505083
2022-09-19,C,69.95903394785317,0,9,262,94.26145585328624,66.78472088128103,65.41044061769688,96.31284832616396,94.24299284863343
2022-09-20,C,93.4250919757943,1,9,263,69.95903394785317,75.91751758682406,92.56048270735756,98.81393038173114,94.30475065352177
2022-09-21,C,86.06678032663713,2,9,264,93.4250919757943,102.5679105275594,89.09196365051561,96.45662606731368,94.08866613038758
2022-09-22,C,99.46489493573884,3,9,265,86.06678032663713,107.30238176066057,117.81830668275168,95.33698509232487,92.7777081484581
2022-09-23,C,99.78810541609444,4,9,266,99.46489493573884,120.46822103308055,107.76340942700487,92.38268286132686,92.20804357625022
2022-09-24,C,117.30585213479544,5,9,267,99.78810541609444,103.7134175738838,100.59181575447128,94.32445922717136,93.40190331770194
2022-09-25,C,87.86789578858239,6,9,268,117.30585213479544,94.26145585328624,70.60126249433819,93.41109350364225,94.63523426729081
2022-09-26,C,67.82847588932131,0,9,269,87.86789578858239,69.95903394785317,66.78472088128103,93.10672806670912,94.70978819643653
