{
  "tensor_unidad_tiempo": "D",
  "tendencia_muestra_trend_head": [
    53.708,
    55.988,
    58.268
  ],
  "estacionalidad_periodo_usado": 7,
  "ruido_muestra_resid_head": [
    0.963,
    -2.783,
    -0.685
  ],
  "adf_test": {
    "adf_statistic": 0.5454141937063742,
    "p_value": 0.9861899815311063,
    "critical_values": {
      "1%": -3.4490648539347544,
      "5%": -2.8697861692116478,
      "10%": -2.5711631253228306
    }
  },
  "nota_estacionaria": "Probablemente NO estacionaria si p_value >= 0.05; SARIMAX maneja diferenciaci\u00f3n via d/D."
}