date,volume,zone
2006-01-01,-14.94,Aquifer_Auser
2006-01-02,-14.91,Aquifer_Auser
2006-01-03,-14.77,Aquifer_Auser
2006-01-04,-14.62,Aquifer_Auser
2006-01-05,-14.51,Aquifer_Auser
2006-01-06,-14.66,Aquifer_Auser
2006-01-07,-14.85,Aquifer_Auser
2006-01-08,-15.04,Aquifer_Auser
2006-01-09,-15.04,Aquifer_Auser
2006-01-10,-15.17,Aquifer_Auser
2006-01-11,-15.15,Aquifer_Auser
2006-01-12,-15.27,Aquifer_Auser
2006-02-01,-14.96,Aquifer_Auser
2006-02-02,-14.91,Aquifer_Auser
2006-02-03,-14.76,Aquifer_Auser
2006-02-04,-14.6,Aquifer_Auser
2006-02-05,-14.55,Aquifer_Auser
2006-02-06,-14.66,Aquifer_Auser
2006-02-07,-14.86,Aquifer_Auser
2006-02-08,-15.02,Aquifer_Auser
2006-02-09,-15.02,Aquifer_Auser
2006-02-10,-15.16,Aquifer_Auser
2006-02-11,-15.23,Aquifer_Auser
2006-02-12,-15.24,Aquifer_Auser
2006-03-01,-15.02,Aquifer_Auser
2006-03-02,-14.9,Aquifer_Auser
2006-03-03,-14.78,Aquifer_Auser
2006-03-04,-14.59,Aquifer_Auser
2006-03-05,-14.56,Aquifer_Auser
2006-03-06,-14.67,Aquifer_Auser
2006-03-07,-14.87,Aquifer_Auser
2006-03-08,-14.99,Aquifer_Auser
2006-03-09,-15.04,Aquifer_Auser
2006-03-10,-15.12,Aquifer_Auser
2006-03-11,-15.27,Aquifer_Auser
2006-03-12,-15.2,Aquifer_Auser
2006-04-01,-15.02,Aquifer_Auser
2006-04-02,-14.89,Aquifer_Auser
2006-04-03,-14.73,Aquifer_Auser
2006-04-04,-14.57,Aquifer_Auser
2006-04-05,-14.57,Aquifer_Auser
2006-04-06,-14.66,Aquifer_Auser
2006-04-07,-14.9,Aquifer_Auser
2006-04-08,-15.02,Aquifer_Auser
2006-04-09,-15.07,Aquifer_Auser
2006-04-10,-15.12,Aquifer_Auser
2006-04-11,-15.31,Aquifer_Auser
2006-04-12,-15.15,Aquifer_Auser
2006-05-01,-15.02,Aquifer_Auser
2006-05-02,-14.91,Aquifer_Auser
2006-05-03,-14.66,Aquifer_Auser
2006-05-04,-14.51,Aquifer_Auser
2006-05-05,-14.6,Aquifer_Auser
2006-05-06,-14.66,Aquifer_Auser
2006-05-07,-14.94,Aquifer_Auser
2006-05-08,-15.07,Aquifer_Auser
2006-05-09,-15.06,Aquifer_Auser
2006-05-10,-15.17,Aquifer_Auser
2006-05-11,-15.29,Aquifer_Auser
2006-05-12,-15.15,Aquifer_Auser
2006-06-01,-15.04,Aquifer_Auser
2006-06-02,-14.94,Aquifer_Auser
2006-06-03,-14.74,Aquifer_Auser
2006-06-04,-14.49,Aquifer_Auser
2006-06-05,-14.6,Aquifer_Auser
2006-06-06,-14.68,Aquifer_Auser
2006-06-07,-14.95,Aquifer_Auser
2006-06-08,-15.07,Aquifer_Auser
2006-06-09,-15.06,Aquifer_Auser
2006-06-10,-15.21,Aquifer_Auser
2006-06-11,-15.27,Aquifer_Auser
2006-06-12,-15.11,Aquifer_Auser
2006-07-01,-15.06,Aquifer_Auser
2006-07-02,-14.95,Aquifer_Auser
2006-07-03,-14.79,Aquifer_Auser
2006-07-04,-14.54,Aquifer_Auser
2006-07-05,-14.6,Aquifer_Auser
2006-07-06,-14.71,Aquifer_Auser
2006-07-07,-14.91,Aquifer_Auser
2006-07-08,-15.06,Aquifer_Auser
2006-07-09,-15.04,Aquifer_Auser
2006-07-10,-15.18,Aquifer_Auser
2006-07-11,-15.28,Aquifer_Auser
2006-07-12,-15.1,Aquifer_Auser
2006-08-01,-15.07,Aquifer_Auser
2006-08-02,-14.87,Aquifer_Auser
2006-08-03,-14.8,Aquifer_Auser
2006-08-04,-14.55,Aquifer_Auser
2006-08-05,-14.59,Aquifer_Auser
2006-08-06,-14.73,Aquifer_Auser
2006-08-07,-14.91,Aquifer_Auser
2006-08-08,-15.05,Aquifer_Auser
2006-08-09,-15.06,Aquifer_Auser
2006-08-10,-15.19,Aquifer_Auser
2006-08-11,-15.3,Aquifer_Auser
2006-08-12,-15.09,Aquifer_Auser
2006-09-01,-15.08,Aquifer_Auser
2006-09-02,-14.83,Aquifer_Auser
2006-09-03,-14.74,Aquifer_Auser
2006-09-04,-14.55,Aquifer_Auser
2006-09-05,-14.56,Aquifer_Auser
2006-09-06,-14.74,Aquifer_Auser
2006-09-07,-14.92,Aquifer_Auser
2006-09-08,-15.05,Aquifer_Auser
2006-09-09,-15.09,Aquifer_Auser
2006-09-10,-15.19,Aquifer_Auser
2006-09-11,-15.28,Aquifer_Auser
2006-09-12,-15.05,Aquifer_Auser
2006-10-01,-15.08,Aquifer_Auser
2006-10-02,-14.87,Aquifer_Auser
2006-10-03,-14.69,Aquifer_Auser
2006-10-04,-14.51,Aquifer_Auser
2006-10-05,-14.58,Aquifer_Auser
2006-10-06,-14.73,Aquifer_Auser
2006-10-07,-14.94,Aquifer_Auser
2006-10-08,-15.06,Aquifer_Auser
2006-10-09,-15.11,Aquifer_Auser
2006-10-10,-15.18,Aquifer_Auser
2006-10-11,-15.28,Aquifer_Auser
2006-10-12,-15.18,Aquifer_Auser
2006-11-01,-15.08,Aquifer_Auser
2006-11-02,-14.94,Aquifer_Auser
2006-11-03,-14.68,Aquifer_Auser
2006-11-04,-14.51,Aquifer_Auser
2006-11-05,-14.61,Aquifer_Auser
2006-11-06,-14.74,Aquifer_Auser
2006-11-07,-14.94,Aquifer_Auser
2006-11-08,-15.04,Aquifer_Auser
2006-11-09,-15.12,Aquifer_Auser
2006-11-10,-15.16,Aquifer_Auser
2006-11-11,-15.28,Aquifer_Auser
2006-11-12,-15.2,Aquifer_Auser
2006-12-01,-15.07,Aquifer_Auser
2006-12-02,-14.96,Aquifer_Auser
2006-12-03,-14.7,Aquifer_Auser
2006-12-04,-14.55,Aquifer_Auser
2006-12-05,-14.65,Aquifer_Auser
2006-12-06,-14.76,Aquifer_Auser
2006-12-07,-14.93,Aquifer_Auser
2006-12-08,-15.02,Aquifer_Auser
2006-12-09,-15.12,Aquifer_Auser
2006-12-10,-15.17,Aquifer_Auser
2006-12-11,-15.16,Aquifer_Auser
2006-12-12,-15.18,Aquifer_Auser
2007-01-01,-15.08,Aquifer_Auser
2007-01-02,-14.96,Aquifer_Auser
2007-01-03,-14.75,Aquifer_Auser
2007-01-04,-14.73,Aquifer_Auser
2007-01-05,-14.7,Aquifer_Auser
2007-01-06,-14.77,Aquifer_Auser
2007-01-07,-14.84,Aquifer_Auser
2007-01-08,-15.03,Aquifer_Auser
2007-01-09,-14.98,Aquifer_Auser
2007-01-10,-15.01,Aquifer_Auser
2007-01-11,-15.0,Aquifer_Auser
2007-01-12,-14.94,Aquifer_Auser
2007-02-01,-14.97,Aquifer_Auser
2007-02-02,-14.99,Aquifer_Auser
2007-02-03,-14.74,Aquifer_Auser
2007-02-04,-14.73,Aquifer_Auser
2007-02-05,-14.72,Aquifer_Auser
2007-02-06,-14.77,Aquifer_Auser
2007-02-07,-14.84,Aquifer_Auser
2007-02-08,-15.04,Aquifer_Auser
2007-02-09,-14.97,Aquifer_Auser
2007-02-10,-14.99,Aquifer_Auser
2007-02-11,-15.0,Aquifer_Auser
2007-02-12,-14.94,Aquifer_Auser
2007-03-01,-15.05,Aquifer_Auser
2007-03-02,-14.96,Aquifer_Auser
2007-03-03,-14.76,Aquifer_Auser
2007-03-04,-14.63,Aquifer_Auser
2007-03-05,-14.71,Aquifer_Auser
2007-03-06,-14.76,Aquifer_Auser
2007-03-07,-14.85,Aquifer_Auser
2007-03-08,-15.06,Aquifer_Auser
2007-03-09,-14.95,Aquifer_Auser
2007-03-10,-14.99,Aquifer_Auser
2007-03-11,-14.98,Aquifer_Auser
2007-03-12,-14.83,Aquifer_Auser
2007-04-01,-15.02,Aquifer_Auser
2007-04-02,-14.97,Aquifer_Auser
2007-04-03,-14.83,Aquifer_Auser
2007-04-04,-14.59,Aquifer_Auser
2007-04-05,-14.65,Aquifer_Auser
2007-04-06,-14.76,Aquifer_Auser
2007-04-07,-14.82,Aquifer_Auser
2007-04-08,-15.08,Aquifer_Auser
2007-04-09,-14.93,Aquifer_Auser
2007-04-10,-14.98,Aquifer_Auser
2007-04-11,-14.95,Aquifer_Auser
2007-04-12,-14.9,Aquifer_Auser
2007-05-01,-15.0,Aquifer_Auser
2007-05-02,-14.94,Aquifer_Auser
2007-05-03,-14.86,Aquifer_Auser
2007-05-04,-14.67,Aquifer_Auser
2007-05-05,-14.65,Aquifer_Auser
2007-05-06,-14.74,Aquifer_Auser
2007-05-07,-14.86,Aquifer_Auser
2007-05-08,-15.07,Aquifer_Auser
2007-05-09,-14.98,Aquifer_Auser
2007-05-10,-14.97,Aquifer_Auser
2007-05-11,-14.97,Aquifer_Auser
2007-05-12,-14.98,Aquifer_Auser
2007-06-01,-15.05,Aquifer_Auser
2007-06-02,-14.85,Aquifer_Auser
2007-06-03,-14.83,Aquifer_Auser
2007-06-04,-14.7,Aquifer_Auser
2007-06-05,-14.67,Aquifer_Auser
2007-06-06,-14.72,Aquifer_Auser
2007-06-07,-14.89,Aquifer_Auser
2007-06-08,-15.04,Aquifer_Auser
2007-06-09,-14.98,Aquifer_Auser
2007-06-10,-14.93,Aquifer_Auser
2007-06-11,-14.97,Aquifer_Auser
2007-06-12,-14.95,Aquifer_Auser
2007-07-01,-15.03,Aquifer_Auser
2007-07-02,-14.8,Aquifer_Auser
2007-07-03,-14.73,Aquifer_Auser
2007-07-04,-14.71,Aquifer_Auser
2007-07-05,-14.7,Aquifer_Auser
2007-07-06,-14.73,Aquifer_Auser
2007-07-07,-14.9,Aquifer_Auser
2007-07-08,-15.05,Aquifer_Auser
2007-07-09,-14.98,Aquifer_Auser
2007-07-10,-14.93,Aquifer_Auser
2007-07-11,-14.97,Aquifer_Auser
2007-07-12,-14.89,Aquifer_Auser
2007-08-01,-14.98,Aquifer_Auser
2007-08-02,-14.81,Aquifer_Auser
2007-08-03,-14.73,Aquifer_Auser
2007-08-04,-14.71,Aquifer_Auser
2007-08-05,-14.72,Aquifer_Auser
2007-08-06,-14.73,Aquifer_Auser
2007-08-07,-14.9,Aquifer_Auser
2007-08-08,-15.04,Aquifer_Auser
2007-08-09,-14.99,Aquifer_Auser
2007-08-10,-14.95,Aquifer_Auser
2007-08-11,-14.95,Aquifer_Auser
2007-08-12,-14.82,Aquifer_Auser
2007-09-01,-15.01,Aquifer_Auser
2007-09-02,-14.81,Aquifer_Auser
2007-09-03,-14.78,Aquifer_Auser
2007-09-04,-14.72,Aquifer_Auser
2007-09-05,-14.73,Aquifer_Auser
2007-09-06,-14.73,Aquifer_Auser
2007-09-07,-14.87,Aquifer_Auser
2007-09-08,-15.03,Aquifer_Auser
2007-09-09,-14.97,Aquifer_Auser
2007-09-10,-14.95,Aquifer_Auser
2007-09-11,-14.89,Aquifer_Auser
2007-09-12,-14.8,Aquifer_Auser
2007-10-01,-15.04,Aquifer_Auser
2007-10-02,-14.82,Aquifer_Auser
2007-10-03,-14.78,Aquifer_Auser
2007-10-04,-14.73,Aquifer_Auser
2007-10-05,-14.73,Aquifer_Auser
2007-10-06,-14.72,Aquifer_Auser
2007-10-07,-14.85,Aquifer_Auser
2007-10-08,-15.03,Aquifer_Auser
2007-10-09,-14.97,Aquifer_Auser
2007-10-10,-14.94,Aquifer_Auser
2007-10-11,-14.94,Aquifer_Auser
2007-10-12,-14.8,Aquifer_Auser
2007-11-01,-15.03,Aquifer_Auser
2007-11-02,-14.86,Aquifer_Auser
2007-11-03,-14.81,Aquifer_Auser
2007-11-04,-14.72,Aquifer_Auser
2007-11-05,-14.71,Aquifer_Auser
2007-11-06,-14.71,Aquifer_Auser
2007-11-07,-14.88,Aquifer_Auser
2007-11-08,-15.04,Aquifer_Auser
2007-11-09,-14.94,Aquifer_Auser
2007-11-10,-14.95,Aquifer_Auser
2007-11-11,-14.91,Aquifer_Auser
2007-11-12,-14.86,Aquifer_Auser
2007-12-01,-15.0,Aquifer_Auser
2007-12-02,-14.82,Aquifer_Auser
2007-12-03,-14.79,Aquifer_Auser
2007-12-04,-14.72,Aquifer_Auser
2007-12-05,-14.7,Aquifer_Auser
2007-12-06,-14.69,Aquifer_Auser
2007-12-07,-14.91,Aquifer_Auser
2007-12-08,-15.05,Aquifer_Auser
2007-12-09,-14.99,Aquifer_Auser
2007-12-10,-14.94,Aquifer_Auser
2007-12-11,-14.9,Aquifer_Auser
2007-12-12,-14.91,Aquifer_Auser
2008-01-01,-14.79,Aquifer_Auser
2008-01-02,-14.58,Aquifer_Auser
2008-01-03,-14.51,Aquifer_Auser
2008-01-04,-14.54,Aquifer_Auser
2008-01-05,-14.3,Aquifer_Auser
2008-01-06,-14.28,Aquifer_Auser
2008-01-07,-14.28,Aquifer_Auser
2008-01-08,-14.61,Aquifer_Auser
2008-01-09,-14.79,Aquifer_Auser
2008-01-10,-14.92,Aquifer_Auser
2008-01-11,-14.98,Aquifer_Auser
2008-01-12,-14.71,Aquifer_Auser
2008-02-01,-14.77,Aquifer_Auser
2008-02-02,-14.55,Aquifer_Auser
2008-02-03,-14.51,Aquifer_Auser
2008-02-04,-14.53,Aquifer_Auser
2008-02-05,-14.32,Aquifer_Auser
2008-02-06,-14.26,Aquifer_Auser
2008-02-07,-14.28,Aquifer_Auser
2008-02-08,-14.64,Aquifer_Auser
2008-02-09,-14.81,Aquifer_Auser
2008-02-10,-14.9,Aquifer_Auser
2008-02-11,-15.02,Aquifer_Auser
2008-02-12,-14.76,Aquifer_Auser
2008-03-01,-14.73,Aquifer_Auser
2008-03-02,-14.6,Aquifer_Auser
2008-03-03,-14.5,Aquifer_Auser
2008-03-04,-14.52,Aquifer_Auser
2008-03-05,-14.32,Aquifer_Auser
2008-03-06,-14.25,Aquifer_Auser
2008-03-07,-14.28,Aquifer_Auser
2008-03-08,-14.63,Aquifer_Auser
2008-03-09,-14.81,Aquifer_Auser
2008-03-10,-14.87,Aquifer_Auser
2008-03-11,-15.0,Aquifer_Auser
2008-03-12,-14.74,Aquifer_Auser
2008-04-01,-14.76,Aquifer_Auser
2008-04-02,-14.54,Aquifer_Auser
2008-04-03,-14.46,Aquifer_Auser
2008-04-04,-14.52,Aquifer_Auser
2008-04-05,-14.3,Aquifer_Auser
2008-04-06,-14.23,Aquifer_Auser
2008-04-07,-14.3,Aquifer_Auser
2008-04-08,-14.64,Aquifer_Auser
2008-04-09,-14.82,Aquifer_Auser
2008-04-10,-14.91,Aquifer_Auser
2008-04-11,-14.98,Aquifer_Auser
2008-04-12,-14.7,Aquifer_Auser
2008-05-01,-14.77,Aquifer_Auser
2008-05-02,-14.58,Aquifer_Auser
2008-05-03,-14.5,Aquifer_Auser
2008-05-04,-14.48,Aquifer_Auser
2008-05-05,-14.3,Aquifer_Auser
2008-05-06,-14.23,Aquifer_Auser
2008-05-07,-14.32,Aquifer_Auser
2008-05-08,-14.63,Aquifer_Auser
2008-05-09,-14.83,Aquifer_Auser
2008-05-10,-14.96,Aquifer_Auser
2008-05-11,-14.99,Aquifer_Auser
2008-05-12,-14.65,Aquifer_Auser
2008-06-01,-14.74,Aquifer_Auser
2008-06-02,-14.63,Aquifer_Auser
2008-06-03,-14.52,Aquifer_Auser
2008-06-04,-14.41,Aquifer_Auser
2008-06-05,-14.3,Aquifer_Auser
2008-06-06,-14.23,Aquifer_Auser
2008-06-07,-14.32,Aquifer_Auser
2008-06-08,-14.64,Aquifer_Auser
2008-06-09,-14.83,Aquifer_Auser
2008-06-10,-14.97,Aquifer_Auser
2008-06-11,-14.98,Aquifer_Auser
2008-06-12,-14.69,Aquifer_Auser
2008-07-01,-14.76,Aquifer_Auser
2008-07-02,-14.64,Aquifer_Auser
2008-07-03,-14.48,Aquifer_Auser
2008-07-04,-14.41,Aquifer_Auser
2008-07-05,-14.29,Aquifer_Auser
2008-07-06,-14.23,Aquifer_Auser
2008-07-07,-14.31,Aquifer_Auser
2008-07-08,-14.65,Aquifer_Auser
2008-07-09,-14.84,Aquifer_Auser
2008-07-10,-14.97,Aquifer_Auser
2008-07-11,-14.97,Aquifer_Auser
2008-07-12,-14.73,Aquifer_Auser
2008-08-01,-14.78,Aquifer_Auser
2008-08-02,-14.67,Aquifer_Auser
2008-08-03,-14.51,Aquifer_Auser
2008-08-04,-14.42,Aquifer_Auser
2008-08-05,-14.28,Aquifer_Auser
2008-08-06,-14.24,Aquifer_Auser
2008-08-07,-14.35,Aquifer_Auser
2008-08-08,-14.65,Aquifer_Auser
2008-08-09,-14.87,Aquifer_Auser
2008-08-10,-14.96,Aquifer_Auser
2008-08-11,-15.01,Aquifer_Auser
2008-08-12,-14.77,Aquifer_Auser
2008-09-01,-14.79,Aquifer_Auser
2008-09-02,-14.66,Aquifer_Auser
2008-09-03,-14.52,Aquifer_Auser
2008-09-04,-14.42,Aquifer_Auser
2008-09-05,-14.27,Aquifer_Auser
2008-09-06,-14.27,Aquifer_Auser
2008-09-07,-14.37,Aquifer_Auser
2008-09-08,-14.67,Aquifer_Auser
2008-09-09,-14.91,Aquifer_Auser
2008-09-10,-15.0,Aquifer_Auser
2008-09-11,-15.06,Aquifer_Auser
2008-09-12,-14.74,Aquifer_Auser
2008-10-01,-14.8,Aquifer_Auser
2008-10-02,-14.65,Aquifer_Auser
2008-10-03,-14.48,Aquifer_Auser
2008-10-04,-14.4,Aquifer_Auser
2008-10-05,-14.26,Aquifer_Auser
2008-10-06,-14.29,Aquifer_Auser
2008-10-07,-14.39,Aquifer_Auser
2008-10-08,-14.67,Aquifer_Auser
2008-10-09,-14.91,Aquifer_Auser
2008-10-10,-15.05,Aquifer_Auser
2008-10-11,-15.05,Aquifer_Auser
2008-10-12,-14.62,Aquifer_Auser
2008-11-01,-14.77,Aquifer_Auser
2008-11-02,-14.64,Aquifer_Auser
2008-11-03,-14.44,Aquifer_Auser
2008-11-04,-14.4,Aquifer_Auser
2008-11-05,-14.27,Aquifer_Auser
2008-11-06,-14.27,Aquifer_Auser
2008-11-07,-14.39,Aquifer_Auser
2008-11-08,-14.66,Aquifer_Auser
2008-11-09,-14.88,Aquifer_Auser
2008-11-10,-15.05,Aquifer_Auser
2008-11-11,-15.01,Aquifer_Auser
2008-11-12,-14.57,Aquifer_Auser
2008-12-01,-14.69,Aquifer_Auser
2008-12-02,-14.64,Aquifer_Auser
2008-12-03,-14.51,Aquifer_Auser
2008-12-04,-14.44,Aquifer_Auser
2008-12-05,-14.26,Aquifer_Auser
2008-12-06,-14.23,Aquifer_Auser
2008-12-07,-14.37,Aquifer_Auser
2008-12-08,-14.66,Aquifer_Auser
2008-12-09,-14.86,Aquifer_Auser
2008-12-10,-15.02,Aquifer_Auser
2008-12-11,-14.95,Aquifer_Auser
2008-12-12,-14.59,Aquifer_Auser
2009-01-01,-14.57,Aquifer_Auser
2009-01-02,-14.43,Aquifer_Auser
2009-01-03,-14.34,Aquifer_Auser
2009-01-04,-14.12,Aquifer_Auser
2009-01-05,-13.99,Aquifer_Auser
2009-01-06,-14.05,Aquifer_Auser
2009-01-07,-14.16,Aquifer_Auser
2009-01-08,-14.38,Aquifer_Auser
2009-01-09,-14.58,Aquifer_Auser
2009-01-10,-14.57,Aquifer_Auser
2009-01-11,-14.63,Aquifer_Auser
2009-01-12,-14.42,Aquifer_Auser
2009-02-01,-14.54,Aquifer_Auser
2009-02-02,-14.41,Aquifer_Auser
2009-02-03,-14.34,Aquifer_Auser
2009-02-04,-14.13,Aquifer_Auser
2009-02-05,-14.01,Aquifer_Auser
2009-02-06,-14.03,Aquifer_Auser
2009-02-07,-14.16,Aquifer_Auser
2009-02-08,-14.38,Aquifer_Auser
2009-02-09,-14.57,Aquifer_Auser
2009-02-10,-14.54,Aquifer_Auser
2009-02-11,-14.53,Aquifer_Auser
2009-02-12,-14.5,Aquifer_Auser
2009-03-01,-14.53,Aquifer_Auser
2009-03-02,-14.38,Aquifer_Auser
2009-03-03,-14.33,Aquifer_Auser
2009-03-04,-14.15,Aquifer_Auser
2009-03-05,-14.02,Aquifer_Auser
2009-03-06,-14.04,Aquifer_Auser
2009-03-07,-14.14,Aquifer_Auser
2009-03-08,-14.38,Aquifer_Auser
2009-03-09,-14.55,Aquifer_Auser
2009-03-10,-14.56,Aquifer_Auser
2009-03-11,-14.46,Aquifer_Auser
2009-03-12,-14.48,Aquifer_Auser
2009-04-01,-14.53,Aquifer_Auser
2009-04-02,-14.4,Aquifer_Auser
2009-04-03,-14.19,Aquifer_Auser
2009-04-04,-14.13,Aquifer_Auser
2009-04-05,-14.0,Aquifer_Auser
2009-04-06,-14.03,Aquifer_Auser
2009-04-07,-14.13,Aquifer_Auser
2009-04-08,-14.39,Aquifer_Auser
2009-04-09,-14.55,Aquifer_Auser
2009-04-10,-14.57,Aquifer_Auser
2009-04-11,-14.47,Aquifer_Auser
2009-04-12,-14.39,Aquifer_Auser
2009-05-01,-14.5,Aquifer_Auser
2009-05-02,-14.41,Aquifer_Auser
2009-05-03,-14.03,Aquifer_Auser
2009-05-04,-14.12,Aquifer_Auser
2009-05-05,-14.01,Aquifer_Auser
2009-05-06,-14.02,Aquifer_Auser
2009-05-07,-14.12,Aquifer_Auser
2009-05-08,-14.41,Aquifer_Auser
2009-05-09,-14.58,Aquifer_Auser
2009-05-10,-14.6,Aquifer_Auser
2009-05-11,-14.5,Aquifer_Auser
2009-05-12,-14.48,Aquifer_Auser
2009-06-01,-14.49,Aquifer_Auser
2009-06-02,-14.36,Aquifer_Auser
2009-06-03,-14.1,Aquifer_Auser
2009-06-04,-14.1,Aquifer_Auser
2009-06-05,-14.02,Aquifer_Auser
2009-06-06,-13.99,Aquifer_Auser
2009-06-07,-14.12,Aquifer_Auser
2009-06-08,-14.41,Aquifer_Auser
2009-06-09,-14.62,Aquifer_Auser
2009-06-10,-14.61,Aquifer_Auser
2009-06-11,-14.52,Aquifer_Auser
2009-06-12,-14.51,Aquifer_Auser
2009-07-01,-14.49,Aquifer_Auser
2009-07-02,-14.27,Aquifer_Auser
2009-07-03,-14.18,Aquifer_Auser
2009-07-04,-14.09,Aquifer_Auser
2009-07-05,-14.03,Aquifer_Auser
2009-07-06,-14.01,Aquifer_Auser
2009-07-07,-14.13,Aquifer_Auser
2009-07-08,-14.4,Aquifer_Auser
2009-07-09,-14.65,Aquifer_Auser
2009-07-10,-14.61,Aquifer_Auser
2009-07-11,-14.53,Aquifer_Auser
2009-07-12,-14.5,Aquifer_Auser
2009-08-01,-14.55,Aquifer_Auser
2009-08-02,-14.3,Aquifer_Auser
2009-08-03,-14.24,Aquifer_Auser
2009-08-04,-14.1,Aquifer_Auser
2009-08-05,-14.04,Aquifer_Auser
2009-08-06,-14.04,Aquifer_Auser
2009-08-07,-14.15,Aquifer_Auser
2009-08-08,-14.4,Aquifer_Auser
2009-08-09,-14.66,Aquifer_Auser
2009-08-10,-14.58,Aquifer_Auser
2009-08-11,-14.44,Aquifer_Auser
2009-08-12,-14.46,Aquifer_Auser
2009-09-01,-14.59,Aquifer_Auser
2009-09-02,-14.38,Aquifer_Auser
2009-09-03,-14.24,Aquifer_Auser
2009-09-04,-14.09,Aquifer_Auser
2009-09-05,-14.03,Aquifer_Auser
2009-09-06,-14.06,Aquifer_Auser
2009-09-07,-14.18,Aquifer_Auser
2009-09-08,-14.4,Aquifer_Auser
2009-09-09,-14.65,Aquifer_Auser
2009-09-10,-14.57,Aquifer_Auser
2009-09-11,-14.49,Aquifer_Auser
2009-09-12,-14.51,Aquifer_Auser
2009-10-01,-14.57,Aquifer_Auser
2009-10-02,-14.35,Aquifer_Auser
2009-10-03,-14.3,Aquifer_Auser
2009-10-04,-14.06,Aquifer_Auser
2009-10-05,-14.03,Aquifer_Auser
2009-10-06,-14.09,Aquifer_Auser
2009-10-07,-14.19,Aquifer_Auser
2009-10-08,-14.42,Aquifer_Auser
2009-10-09,-14.66,Aquifer_Auser
2009-10-10,-14.54,Aquifer_Auser
2009-10-11,-14.52,Aquifer_Auser
2009-10-12,-14.53,Aquifer_Auser
2009-11-01,-14.59,Aquifer_Auser
2009-11-02,-14.33,Aquifer_Auser
2009-11-03,-14.28,Aquifer_Auser
2009-11-04,-14.04,Aquifer_Auser
2009-11-05,-14.02,Aquifer_Auser
2009-11-06,-14.09,Aquifer_Auser
2009-11-07,-14.2,Aquifer_Auser
2009-11-08,-14.42,Aquifer_Auser
2009-11-09,-14.65,Aquifer_Auser
2009-11-10,-14.52,Aquifer_Auser
2009-11-11,-14.54,Aquifer_Auser
2009-11-12,-14.47,Aquifer_Auser
2009-12-01,-14.59,Aquifer_Auser
2009-12-02,-14.37,Aquifer_Auser
2009-12-03,-14.34,Aquifer_Auser
2009-12-04,-13.99,Aquifer_Auser
2009-12-05,-14.03,Aquifer_Auser
2009-12-06,-14.08,Aquifer_Auser
2009-12-07,-14.22,Aquifer_Auser
2009-12-08,-14.42,Aquifer_Auser
2009-12-09,-14.62,Aquifer_Auser
2009-12-10,-14.48,Aquifer_Auser
2009-12-11,-14.59,Aquifer_Auser
2009-12-12,-14.46,Aquifer_Auser
2010-01-01,-14.29,Aquifer_Auser
2010-01-02,-14.23,Aquifer_Auser
2010-01-03,-14.15,Aquifer_Auser
2010-01-04,-13.94,Aquifer_Auser
2010-01-05,-13.81,Aquifer_Auser
2010-01-06,-13.56,Aquifer_Auser
2010-01-07,-13.68,Aquifer_Auser
2010-01-08,-13.93,Aquifer_Auser
2010-01-09,-13.71,Aquifer_Auser
2010-01-10,-13.69,Aquifer_Auser
2010-01-11,-13.57,Aquifer_Auser
2010-01-12,-13.29,Aquifer_Auser
2010-02-01,-14.37,Aquifer_Auser
2010-02-02,-14.28,Aquifer_Auser
2010-02-03,-14.2,Aquifer_Auser
2010-02-04,-13.96,Aquifer_Auser
2010-02-05,-13.77,Aquifer_Auser
2010-02-06,-13.57,Aquifer_Auser
2010-02-07,-13.69,Aquifer_Auser
2010-02-08,-13.91,Aquifer_Auser
2010-02-09,-13.71,Aquifer_Auser
2010-02-10,-13.7,Aquifer_Auser
2010-02-11,-13.59,Aquifer_Auser
2010-02-12,-13.35,Aquifer_Auser
2010-03-01,-14.47,Aquifer_Auser
2010-03-02,-14.28,Aquifer_Auser
2010-03-03,-14.17,Aquifer_Auser
2010-03-04,-13.97,Aquifer_Auser
2010-03-05,-13.73,Aquifer_Auser
2010-03-06,-13.6,Aquifer_Auser
2010-03-07,-13.7,Aquifer_Auser
2010-03-08,-13.88,Aquifer_Auser
2010-03-09,-13.71,Aquifer_Auser
2010-03-10,-13.7,Aquifer_Auser
2010-03-11,-13.66,Aquifer_Auser
2010-03-12,-13.35,Aquifer_Auser
2010-04-01,-14.42,Aquifer_Auser
2010-04-02,-14.28,Aquifer_Auser
2010-04-03,-14.07,Aquifer_Auser
2010-04-04,-13.93,Aquifer_Auser
2010-04-05,-13.71,Aquifer_Auser
2010-04-06,-13.62,Aquifer_Auser
2010-04-07,-13.71,Aquifer_Auser
2010-04-08,-13.86,Aquifer_Auser
2010-04-09,-13.72,Aquifer_Auser
2010-04-10,-13.66,Aquifer_Auser
2010-04-11,-13.72,Aquifer_Auser
2010-04-12,-13.39,Aquifer_Auser
2010-05-01,-14.32,Aquifer_Auser
2010-05-02,-14.21,Aquifer_Auser
2010-05-03,-14.13,Aquifer_Auser
2010-05-04,-13.94,Aquifer_Auser
2010-05-05,-13.67,Aquifer_Auser
2010-05-06,-13.65,Aquifer_Auser
2010-05-07,-13.71,Aquifer_Auser
2010-05-08,-13.84,Aquifer_Auser
2010-05-09,-13.72,Aquifer_Auser
2010-05-10,-13.64,Aquifer_Auser
2010-05-11,-13.72,Aquifer_Auser
2010-05-12,-13.42,Aquifer_Auser
2010-06-01,-14.31,Aquifer_Auser
2010-06-02,-14.15,Aquifer_Auser
2010-06-03,-14.15,Aquifer_Auser
2010-06-04,-13.96,Aquifer_Auser
2010-06-05,-13.68,Aquifer_Auser
2010-06-06,-13.63,Aquifer_Auser
2010-06-07,-13.72,Aquifer_Auser
2010-06-08,-13.89,Aquifer_Auser
2010-06-09,-13.71,Aquifer_Auser
2010-06-10,-13.68,Aquifer_Auser
2010-06-11,-13.64,Aquifer_Auser
2010-06-12,-13.31,Aquifer_Auser
2010-07-01,-14.35,Aquifer_Auser
2010-07-02,-14.16,Aquifer_Auser
2010-07-03,-14.13,Aquifer_Auser
2010-07-04,-13.94,Aquifer_Auser
2010-07-05,-13.68,Aquifer_Auser
2010-07-06,-13.61,Aquifer_Auser
2010-07-07,-13.75,Aquifer_Auser
2010-07-08,-13.92,Aquifer_Auser
2010-07-09,-13.7,Aquifer_Auser
2010-07-10,-13.7,Aquifer_Auser
2010-07-11,-13.51,Aquifer_Auser
2010-07-12,-13.31,Aquifer_Auser
2010-08-01,-14.27,Aquifer_Auser
2010-08-02,-14.15,Aquifer_Auser
2010-08-03,-14.1,Aquifer_Auser
2010-08-04,-13.93,Aquifer_Auser
2010-08-05,-13.67,Aquifer_Auser
2010-08-06,-13.61,Aquifer_Auser
2010-08-07,-13.8,Aquifer_Auser
2010-08-08,-13.93,Aquifer_Auser
2010-08-09,-13.68,Aquifer_Auser
2010-08-10,-13.71,Aquifer_Auser
2010-08-11,-13.38,Aquifer_Auser
2010-08-12,-13.31,Aquifer_Auser
2010-09-01,-14.24,Aquifer_Auser
2010-09-02,-14.11,Aquifer_Auser
2010-09-03,-14.05,Aquifer_Auser
2010-09-04,-13.94,Aquifer_Auser
2010-09-05,-13.67,Aquifer_Auser
2010-09-06,-13.62,Aquifer_Auser
2010-09-07,-13.8,Aquifer_Auser
2010-09-08,-13.92,Aquifer_Auser
2010-09-09,-13.71,Aquifer_Auser
2010-09-10,-13.7,Aquifer_Auser
2010-09-11,-13.35,Aquifer_Auser
2010-09-12,-13.31,Aquifer_Auser
2010-10-01,-14.32,Aquifer_Auser
2010-10-02,-14.04,Aquifer_Auser
2010-10-03,-14.04,Aquifer_Auser
2010-10-04,-13.91,Aquifer_Auser
2010-10-05,-13.65,Aquifer_Auser
2010-10-06,-13.65,Aquifer_Auser
2010-10-07,-13.78,Aquifer_Auser
2010-10-08,-13.9,Aquifer_Auser
2010-10-09,-13.73,Aquifer_Auser
2010-10-10,-13.63,Aquifer_Auser
2010-10-11,-13.43,Aquifer_Auser
2010-10-12,-13.4,Aquifer_Auser
2010-11-01,-14.35,Aquifer_Auser
2010-11-02,-14.07,Aquifer_Auser
2010-11-03,-14.07,Aquifer_Auser
2010-11-04,-13.86,Aquifer_Auser
2010-11-05,-13.64,Aquifer_Auser
2010-11-06,-13.67,Aquifer_Auser
2010-11-07,-13.77,Aquifer_Auser
2010-11-08,-13.9,Aquifer_Auser
2010-11-09,-13.73,Aquifer_Auser
2010-11-10,-13.61,Aquifer_Auser
2010-11-11,-13.54,Aquifer_Auser
2010-11-12,-13.38,Aquifer_Auser
2010-12-01,-14.35,Aquifer_Auser
2010-12-02,-14.12,Aquifer_Auser
2010-12-03,-14.09,Aquifer_Auser
2010-12-04,-13.84,Aquifer_Auser
2010-12-05,-13.63,Aquifer_Auser
2010-12-06,-13.67,Aquifer_Auser
2010-12-07,-13.76,Aquifer_Auser
2010-12-08,-13.89,Aquifer_Auser
2010-12-09,-13.74,Aquifer_Auser
2010-12-10,-13.62,Aquifer_Auser
2010-12-11,-13.53,Aquifer_Auser
2010-12-12,-13.28,Aquifer_Auser
2011-01-01,-13.2,Aquifer_Auser
2011-01-02,-13.21,Aquifer_Auser
2011-01-06,-12.94,Aquifer_Auser
2011-01-07,-12.97,Aquifer_Auser
2011-01-08,-13.11,Aquifer_Auser
2011-01-09,-13.26,Aquifer_Auser
2011-01-10,-13.41,Aquifer_Auser
2011-01-11,-13.42,Aquifer_Auser
2011-01-12,-13.46,Aquifer_Auser
2011-02-01,-13.15,Aquifer_Auser
2011-02-02,-13.21,Aquifer_Auser
2011-02-06,-12.97,Aquifer_Auser
2011-02-07,-12.97,Aquifer_Auser
2011-02-08,-13.15,Aquifer_Auser
2011-02-09,-13.26,Aquifer_Auser
2011-02-10,-13.4,Aquifer_Auser
2011-02-11,-13.42,Aquifer_Auser
2011-02-12,-13.41,Aquifer_Auser
2011-03-01,-13.19,Aquifer_Auser
2011-03-02,-13.22,Aquifer_Auser
2011-03-06,-12.96,Aquifer_Auser
2011-03-07,-12.99,Aquifer_Auser
2011-03-08,-13.16,Aquifer_Auser
2011-03-09,-13.26,Aquifer_Auser
2011-03-10,-13.4,Aquifer_Auser
2011-03-11,-13.4,Aquifer_Auser
2011-03-12,-13.38,Aquifer_Auser
2011-04-01,-13.23,Aquifer_Auser
2011-04-02,-13.25,Aquifer_Auser
2011-04-06,-12.95,Aquifer_Auser
2011-04-07,-13.01,Aquifer_Auser
2011-04-08,-13.14,Aquifer_Auser
2011-04-09,-13.28,Aquifer_Auser
2011-04-10,-13.4,Aquifer_Auser
2011-04-11,-13.38,Aquifer_Auser
2011-04-12,-13.36,Aquifer_Auser
2011-05-01,-13.23,Aquifer_Auser
2011-05-02,-13.27,Aquifer_Auser
2011-05-06,-12.92,Aquifer_Auser
2011-05-07,-13.0,Aquifer_Auser
2011-05-08,-13.14,Aquifer_Auser
2011-05-09,-13.29,Aquifer_Auser
2011-05-10,-13.39,Aquifer_Auser
2011-05-11,-13.37,Aquifer_Auser
2011-05-12,-13.33,Aquifer_Auser
2011-06-01,-13.24,Aquifer_Auser
2011-06-02,-13.26,Aquifer_Auser
2011-06-06,-12.91,Aquifer_Auser
2011-06-07,-13.01,Aquifer_Auser
2011-06-08,-13.14,Aquifer_Auser
2011-06-09,-13.31,Aquifer_Auser
2011-06-10,-13.38,Aquifer_Auser
2011-06-11,-13.35,Aquifer_Auser
2011-06-12,-13.32,Aquifer_Auser
2011-07-01,-13.25,Aquifer_Auser
2011-07-02,-13.25,Aquifer_Auser
2011-07-06,-12.89,Aquifer_Auser
2011-07-07,-13.04,Aquifer_Auser
2011-07-08,-13.14,Aquifer_Auser
2011-07-09,-13.3,Aquifer_Auser
2011-07-10,-13.31,Aquifer_Auser
2011-07-11,-13.41,Aquifer_Auser
2011-07-12,-13.37,Aquifer_Auser
2011-08-01,-13.24,Aquifer_Auser
2011-08-02,-13.22,Aquifer_Auser
2011-08-06,-12.9,Aquifer_Auser
2011-08-07,-13.05,Aquifer_Auser
2011-08-08,-13.14,Aquifer_Auser
2011-08-09,-13.26,Aquifer_Auser
2011-08-10,-13.33,Aquifer_Auser
2011-08-11,-13.43,Aquifer_Auser
2011-08-12,-13.39,Aquifer_Auser
2011-09-01,-13.23,Aquifer_Auser
2011-09-02,-13.2,Aquifer_Auser
2011-09-06,-12.93,Aquifer_Auser
2011-09-07,-13.07,Aquifer_Auser
2011-09-08,-13.15,Aquifer_Auser
2011-09-09,-13.26,Aquifer_Auser
2011-09-10,-13.35,Aquifer_Auser
2011-09-11,-13.44,Aquifer_Auser
2011-09-12,-13.41,Aquifer_Auser
2011-10-01,-13.21,Aquifer_Auser
2011-10-06,-12.96,Aquifer_Auser
2011-10-07,-13.09,Aquifer_Auser
2011-10-08,-13.2,Aquifer_Auser
2011-10-09,-13.29,Aquifer_Auser
2011-10-10,-13.41,Aquifer_Auser
2011-10-11,-13.43,Aquifer_Auser
2011-10-12,-13.37,Aquifer_Auser
2011-11-01,-13.2,Aquifer_Auser
2011-11-06,-12.95,Aquifer_Auser
2011-11-07,-13.08,Aquifer_Auser
2011-11-08,-13.21,Aquifer_Auser
2011-11-09,-13.3,Aquifer_Auser
2011-11-10,-13.4,Aquifer_Auser
2011-11-11,-13.44,Aquifer_Auser
2011-11-12,-13.37,Aquifer_Auser
2011-12-01,-13.21,Aquifer_Auser
2011-12-06,-12.95,Aquifer_Auser
2011-12-07,-13.09,Aquifer_Auser
2011-12-08,-13.19,Aquifer_Auser
2011-12-09,-13.29,Aquifer_Auser
2011-12-10,-13.39,Aquifer_Auser
2011-12-11,-13.5,Aquifer_Auser
2011-12-12,-13.33,Aquifer_Auser
2012-01-01,-13.35,Aquifer_Auser
2012-01-02,-13.28,Aquifer_Auser
2012-01-06,-13.35,Aquifer_Auser
2012-01-07,-13.58,Aquifer_Auser
2012-01-09,-14.04,Aquifer_Auser
2012-01-10,-14.08,Aquifer_Auser
2012-01-11,-13.71,Aquifer_Auser
2012-01-12,-13.61,Aquifer_Auser
2012-02-01,-13.32,Aquifer_Auser
2012-02-02,-13.32,Aquifer_Auser
2012-02-06,-13.36,Aquifer_Auser
2012-02-07,-13.6,Aquifer_Auser
2012-02-09,-14.08,Aquifer_Auser
2012-02-10,-14.08,Aquifer_Auser
2012-02-11,-13.81,Aquifer_Auser
2012-02-12,-13.6,Aquifer_Auser
2012-03-01,-13.33,Aquifer_Auser
2012-03-06,-13.35,Aquifer_Auser
2012-03-07,-13.62,Aquifer_Auser
2012-03-09,-14.04,Aquifer_Auser
2012-03-10,-14.09,Aquifer_Auser
2012-03-11,-13.84,Aquifer_Auser
2012-03-12,-13.66,Aquifer_Auser
2012-04-01,-13.31,Aquifer_Auser
2012-04-06,-13.3,Aquifer_Auser
2012-04-09,-14.03,Aquifer_Auser
2012-04-10,-14.08,Aquifer_Auser
2012-04-11,-13.78,Aquifer_Auser
2012-04-12,-13.57,Aquifer_Auser
2012-05-01,-13.21,Aquifer_Auser
2012-05-02,-13.39,Aquifer_Auser
2012-05-06,-13.32,Aquifer_Auser
2012-05-09,-14.03,Aquifer_Auser
2012-05-10,-14.09,Aquifer_Auser
2012-05-11,-13.75,Aquifer_Auser
2012-05-12,-13.55,Aquifer_Auser
2012-06-01,-13.21,Aquifer_Auser
2012-06-02,-13.34,Aquifer_Auser
2012-06-06,-13.34,Aquifer_Auser
2012-06-09,-14.07,Aquifer_Auser
2012-06-10,-14.08,Aquifer_Auser
2012-06-11,-13.82,Aquifer_Auser
2012-06-12,-13.6,Aquifer_Auser
2012-07-01,-13.31,Aquifer_Auser
2012-07-02,-13.31,Aquifer_Auser
2012-07-06,-13.34,Aquifer_Auser
2012-07-09,-14.09,Aquifer_Auser
2012-07-10,-14.04,Aquifer_Auser
2012-07-11,-13.89,Aquifer_Auser
2012-07-12,-13.59,Aquifer_Auser
2012-08-01,-13.29,Aquifer_Auser
2012-08-02,-13.41,Aquifer_Auser
2012-08-06,-13.33,Aquifer_Auser
2012-08-09,-14.07,Aquifer_Auser
2012-08-10,-14.02,Aquifer_Auser
2012-08-11,-13.89,Aquifer_Auser
2012-08-12,-13.56,Aquifer_Auser
2012-09-01,-13.35,Aquifer_Auser
2012-09-02,-13.41,Aquifer_Auser
2012-09-06,-13.34,Aquifer_Auser
2012-09-08,-14.01,Aquifer_Auser
2012-09-09,-14.06,Aquifer_Auser
2012-09-10,-13.96,Aquifer_Auser
2012-09-11,-13.84,Aquifer_Auser
2012-09-12,-13.64,Aquifer_Auser
2012-10-01,-13.38,Aquifer_Auser
2012-10-02,-13.4,Aquifer_Auser
2012-10-06,-13.34,Aquifer_Auser
2012-10-08,-13.99,Aquifer_Auser
2012-10-09,-14.07,Aquifer_Auser
2012-10-10,-13.92,Aquifer_Auser
2012-10-11,-13.79,Aquifer_Auser
2012-10-12,-13.57,Aquifer_Auser
2012-11-01,-13.41,Aquifer_Auser
2012-11-02,-13.4,Aquifer_Auser
2012-11-06,-13.31,Aquifer_Auser
2012-11-08,-13.98,Aquifer_Auser
2012-11-09,-14.06,Aquifer_Auser
2012-11-10,-13.92,Aquifer_Auser
2012-11-11,-13.74,Aquifer_Auser
2012-11-12,-13.6,Aquifer_Auser
2012-12-01,-13.39,Aquifer_Auser
2012-12-02,-13.43,Aquifer_Auser
2012-12-06,-13.31,Aquifer_Auser
2012-12-08,-13.98,Aquifer_Auser
2012-12-09,-14.0,Aquifer_Auser
2012-12-10,-13.91,Aquifer_Auser
2012-12-11,-13.78,Aquifer_Auser
2012-12-12,-13.65,Aquifer_Auser
2013-01-01,-13.5,Aquifer_Auser
2013-01-02,-13.27,Aquifer_Auser
2013-01-03,-13.18,Aquifer_Auser
2013-01-04,-12.69,Aquifer_Auser
2013-01-05,-12.7,Aquifer_Auser
2013-01-06,-12.62,Aquifer_Auser
2013-01-07,-12.77,Aquifer_Auser
2013-01-08,-12.89,Aquifer_Auser
2013-01-09,-12.95,Aquifer_Auser
2013-01-10,-12.86,Aquifer_Auser
2013-01-11,-12.79,Aquifer_Auser
2013-01-12,-12.68,Aquifer_Auser
2013-02-01,-13.49,Aquifer_Auser
2013-02-02,-13.11,Aquifer_Auser
2013-02-03,-13.17,Aquifer_Auser
2013-02-04,-12.66,Aquifer_Auser
2013-02-05,-12.69,Aquifer_Auser
2013-02-06,-12.65,Aquifer_Auser
2013-02-07,-12.76,Aquifer_Auser
2013-02-08,-12.9,Aquifer_Auser
2013-02-09,-12.98,Aquifer_Auser
2013-02-10,-12.9,Aquifer_Auser
2013-02-11,-12.76,Aquifer_Auser
2013-02-12,-12.72,Aquifer_Auser
2013-03-01,-13.58,Aquifer_Auser
2013-03-02,-13.24,Aquifer_Auser
2013-03-03,-13.19,Aquifer_Auser
2013-03-04,-12.71,Aquifer_Auser
2013-03-05,-12.68,Aquifer_Auser
2013-03-06,-12.68,Aquifer_Auser
2013-03-07,-12.75,Aquifer_Auser
2013-03-08,-12.91,Aquifer_Auser
2013-03-09,-13.0,Aquifer_Auser
2013-03-10,-12.96,Aquifer_Auser
2013-03-11,-12.72,Aquifer_Auser
2013-03-12,-12.75,Aquifer_Auser
2013-04-01,-13.55,Aquifer_Auser
2013-04-02,-13.31,Aquifer_Auser
2013-04-03,-13.2,Aquifer_Auser
2013-04-04,-12.71,Aquifer_Auser
2013-04-05,-12.69,Aquifer_Auser
2013-04-06,-12.68,Aquifer_Auser
2013-04-07,-12.76,Aquifer_Auser
2013-04-08,-12.93,Aquifer_Auser
2013-04-09,-12.99,Aquifer_Auser
2013-04-10,-12.96,Aquifer_Auser
2013-04-11,-12.66,Aquifer_Auser
2013-04-12,-12.74,Aquifer_Auser
2013-05-01,-13.49,Aquifer_Auser
2013-05-02,-13.25,Aquifer_Auser
2013-05-03,-13.2,Aquifer_Auser
2013-05-04,-12.68,Aquifer_Auser
2013-05-05,-12.7,Aquifer_Auser
2013-05-06,-12.69,Aquifer_Auser
2013-05-07,-12.79,Aquifer_Auser
2013-05-08,-12.93,Aquifer_Auser
2013-05-09,-12.97,Aquifer_Auser
2013-05-10,-12.91,Aquifer_Auser
2013-05-11,-12.61,Aquifer_Auser
2013-05-12,-12.72,Aquifer_Auser
2013-06-01,-13.48,Aquifer_Auser
2013-06-02,-13.15,Aquifer_Auser
2013-06-03,-13.1,Aquifer_Auser
2013-06-04,-12.74,Aquifer_Auser
2013-06-05,-12.68,Aquifer_Auser
2013-06-06,-12.69,Aquifer_Auser
2013-06-07,-12.79,Aquifer_Auser
2013-06-08,-12.91,Aquifer_Auser
2013-06-09,-12.96,Aquifer_Auser
2013-06-10,-12.88,Aquifer_Auser
2013-06-11,-12.69,Aquifer_Auser
2013-06-12,-12.69,Aquifer_Auser
2013-07-01,-13.47,Aquifer_Auser
2013-07-02,-13.18,Aquifer_Auser
2013-07-03,-13.07,Aquifer_Auser
2013-07-04,-12.74,Aquifer_Auser
2013-07-05,-12.68,Aquifer_Auser
2013-07-06,-12.69,Aquifer_Auser
2013-07-07,-12.8,Aquifer_Auser
2013-07-08,-12.9,Aquifer_Auser
2013-07-09,-13.0,Aquifer_Auser
2013-07-10,-12.89,Aquifer_Auser
2013-07-11,-12.76,Aquifer_Auser
2013-07-12,-12.73,Aquifer_Auser
2013-08-01,-13.49,Aquifer_Auser
2013-08-02,-13.23,Aquifer_Auser
2013-08-03,-13.05,Aquifer_Auser
2013-08-04,-12.75,Aquifer_Auser
2013-08-05,-12.68,Aquifer_Auser
2013-08-06,-12.68,Aquifer_Auser
2013-08-07,-12.8,Aquifer_Auser
2013-08-08,-12.92,Aquifer_Auser
2013-08-09,-13.02,Aquifer_Auser
2013-08-10,-12.89,Aquifer_Auser
2013-08-11,-12.76,Aquifer_Auser
2013-08-12,-12.76,Aquifer_Auser
2013-09-01,-13.46,Aquifer_Auser
2013-09-02,-13.26,Aquifer_Auser
2013-09-03,-13.04,Aquifer_Auser
2013-09-04,-12.74,Aquifer_Auser
2013-09-05,-12.69,Aquifer_Auser
2013-09-06,-12.67,Aquifer_Auser
2013-09-07,-12.77,Aquifer_Auser
2013-09-08,-12.91,Aquifer_Auser
2013-09-09,-12.99,Aquifer_Auser
2013-09-10,-12.86,Aquifer_Auser
2013-09-11,-12.73,Aquifer_Auser
2013-09-12,-12.78,Aquifer_Auser
2013-10-01,-13.39,Aquifer_Auser
2013-10-02,-13.27,Aquifer_Auser
2013-10-03,-13.02,Aquifer_Auser
2013-10-04,-12.76,Aquifer_Auser
2013-10-05,-12.68,Aquifer_Auser
2013-10-06,-12.67,Aquifer_Auser
2013-10-07,-12.73,Aquifer_Auser
2013-10-08,-12.91,Aquifer_Auser
2013-10-09,-12.97,Aquifer_Auser
2013-10-10,-12.79,Aquifer_Auser
2013-10-11,-12.67,Aquifer_Auser
2013-10-12,-12.79,Aquifer_Auser
2013-11-01,-13.37,Aquifer_Auser
2013-11-02,-13.17,Aquifer_Auser
2013-11-03,-13.0,Aquifer_Auser
2013-11-04,-12.77,Aquifer_Auser
2013-11-05,-12.67,Aquifer_Auser
2013-11-06,-12.69,Aquifer_Auser
2013-11-07,-12.73,Aquifer_Auser
2013-11-08,-12.94,Aquifer_Auser
2013-11-09,-12.94,Aquifer_Auser
2013-11-10,-12.81,Aquifer_Auser
2013-11-11,-12.69,Aquifer_Auser
2013-11-12,-12.79,Aquifer_Auser
2013-12-01,-13.42,Aquifer_Auser
2013-12-02,-13.16,Aquifer_Auser
2013-12-03,-12.97,Aquifer_Auser
2013-12-04,-12.74,Aquifer_Auser
2013-12-05,-12.68,Aquifer_Auser
2013-12-06,-12.71,Aquifer_Auser
2013-12-07,-12.77,Aquifer_Auser
2013-12-08,-12.94,Aquifer_Auser
2013-12-09,-12.95,Aquifer_Auser
2013-12-10,-12.85,Aquifer_Auser
2013-12-11,-12.75,Aquifer_Auser
2013-12-12,-12.76,Aquifer_Auser
2014-01-01,-12.68,Aquifer_Auser
2014-01-02,-12.35,Aquifer_Auser
2014-01-03,-12.03,Aquifer_Auser
2014-01-04,-12.1,Aquifer_Auser
2014-01-05,-12.04,Aquifer_Auser
2014-01-06,-12.15,Aquifer_Auser
2014-01-07,-12.5,Aquifer_Auser
2014-01-08,-12.31,Aquifer_Auser
2014-01-09,-12.21,Aquifer_Auser
2014-01-10,-12.36,Aquifer_Auser
2014-01-12,-11.9,Aquifer_Auser
2014-02-01,-12.65,Aquifer_Auser
2014-02-02,-12.33,Aquifer_Auser
2014-02-03,-12.04,Aquifer_Auser
2014-02-04,-12.08,Aquifer_Auser
2014-02-05,-12.02,Aquifer_Auser
2014-02-06,-12.14,Aquifer_Auser
2014-02-07,-12.51,Aquifer_Auser
2014-02-08,-12.31,Aquifer_Auser
2014-02-09,-12.24,Aquifer_Auser
2014-02-10,-12.35,Aquifer_Auser
2014-02-12,-11.92,Aquifer_Auser
2014-03-01,-12.65,Aquifer_Auser
2014-03-02,-12.34,Aquifer_Auser
2014-03-03,-12.02,Aquifer_Auser
2014-03-04,-12.04,Aquifer_Auser
2014-03-05,-12.01,Aquifer_Auser
2014-03-06,-12.13,Aquifer_Auser
2014-03-07,-12.54,Aquifer_Auser
2014-03-08,-12.32,Aquifer_Auser
2014-03-09,-12.25,Aquifer_Auser
2014-03-10,-12.33,Aquifer_Auser
2014-03-12,-11.95,Aquifer_Auser
2014-04-01,-12.61,Aquifer_Auser
2014-04-02,-12.37,Aquifer_Auser
2014-04-03,-11.98,Aquifer_Auser
2014-04-04,-12.0,Aquifer_Auser
2014-04-05,-12.04,Aquifer_Auser
2014-04-06,-12.13,Aquifer_Auser
2014-04-07,-12.5,Aquifer_Auser
2014-04-08,-12.32,Aquifer_Auser
2014-04-09,-12.27,Aquifer_Auser
2014-04-10,-12.31,Aquifer_Auser
2014-04-12,-11.99,Aquifer_Auser
2014-05-01,-12.53,Aquifer_Auser
2014-05-02,-12.34,Aquifer_Auser
2014-05-03,-12.1,Aquifer_Auser
2014-05-04,-12.03,Aquifer_Auser
2014-05-05,-12.09,Aquifer_Auser
2014-05-06,-12.16,Aquifer_Auser
2014-05-07,-12.49,Aquifer_Auser
2014-05-08,-12.31,Aquifer_Auser
2014-05-09,-12.27,Aquifer_Auser
2014-05-10,-12.29,Aquifer_Auser
2014-05-12,-11.99,Aquifer_Auser
2014-06-01,-12.64,Aquifer_Auser
2014-06-02,-12.34,Aquifer_Auser
2014-06-03,-12.16,Aquifer_Auser
2014-06-04,-12.08,Aquifer_Auser
2014-06-05,-12.11,Aquifer_Auser
2014-06-06,-12.19,Aquifer_Auser
2014-06-07,-12.51,Aquifer_Auser
2014-06-08,-12.3,Aquifer_Auser
2014-06-09,-12.26,Aquifer_Auser
2014-06-10,-12.29,Aquifer_Auser
2014-06-12,-11.98,Aquifer_Auser
2014-07-01,-12.68,Aquifer_Auser
2014-07-02,-12.33,Aquifer_Auser
2014-07-03,-12.17,Aquifer_Auser
2014-07-04,-12.1,Aquifer_Auser
2014-07-05,-12.1,Aquifer_Auser
2014-07-06,-12.19,Aquifer_Auser
2014-07-07,-12.51,Aquifer_Auser
2014-07-08,-12.3,Aquifer_Auser
2014-07-09,-12.29,Aquifer_Auser
2014-07-10,-12.31,Aquifer_Auser
2014-07-12,-11.99,Aquifer_Auser
2014-08-01,-12.69,Aquifer_Auser
2014-08-02,-12.3,Aquifer_Auser
2014-08-03,-12.2,Aquifer_Auser
2014-08-04,-12.1,Aquifer_Auser
2014-08-05,-12.1,Aquifer_Auser
2014-08-06,-12.2,Aquifer_Auser
2014-08-07,-12.48,Aquifer_Auser
2014-08-08,-12.3,Aquifer_Auser
2014-08-09,-12.31,Aquifer_Auser
2014-08-10,-12.32,Aquifer_Auser
2014-08-12,-12.0,Aquifer_Auser
2014-09-01,-12.66,Aquifer_Auser
2014-09-02,-12.26,Aquifer_Auser
2014-09-03,-12.21,Aquifer_Auser
2014-09-04,-12.09,Aquifer_Auser
2014-09-05,-12.09,Aquifer_Auser
2014-09-06,-12.2,Aquifer_Auser
2014-09-07,-12.46,Aquifer_Auser
2014-09-08,-12.31,Aquifer_Auser
2014-09-09,-12.31,Aquifer_Auser
2014-09-10,-12.31,Aquifer_Auser
2014-09-12,-11.99,Aquifer_Auser
2014-10-01,-12.64,Aquifer_Auser
2014-10-02,-12.24,Aquifer_Auser
2014-10-03,-12.16,Aquifer_Auser
2014-10-04,-12.1,Aquifer_Auser
2014-10-05,-12.08,Aquifer_Auser
2014-10-06,-12.21,Aquifer_Auser
2014-10-07,-12.45,Aquifer_Auser
2014-10-08,-12.31,Aquifer_Auser
2014-10-09,-12.29,Aquifer_Auser
2014-10-10,-12.31,Aquifer_Auser
2014-10-12,-12.04,Aquifer_Auser
2014-11-01,-12.64,Aquifer_Auser
2014-11-02,-12.24,Aquifer_Auser
2014-11-03,-12.17,Aquifer_Auser
2014-11-04,-12.09,Aquifer_Auser
2014-11-05,-12.05,Aquifer_Auser
2014-11-06,-12.23,Aquifer_Auser
2014-11-07,-12.46,Aquifer_Auser
2014-11-08,-12.3,Aquifer_Auser
2014-11-09,-12.26,Aquifer_Auser
2014-11-10,-12.31,Aquifer_Auser
2014-11-12,-12.01,Aquifer_Auser
2014-12-01,-12.64,Aquifer_Auser
2014-12-02,-12.25,Aquifer_Auser
2014-12-03,-12.21,Aquifer_Auser
2014-12-04,-12.08,Aquifer_Auser
2014-12-05,-12.07,Aquifer_Auser
2014-12-06,-12.24,Aquifer_Auser
2014-12-07,-12.47,Aquifer_Auser
2014-12-08,-12.29,Aquifer_Auser
2014-12-09,-12.27,Aquifer_Auser
2014-12-10,-12.3,Aquifer_Auser
2014-12-12,-12.03,Aquifer_Auser
2015-01-01,-12.06,Aquifer_Auser
2015-01-02,-11.77,Aquifer_Auser
2015-01-03,-11.93,Aquifer_Auser
2015-01-04,-11.81,Aquifer_Auser
2015-01-05,-11.83,Aquifer_Auser
2015-01-06,-11.9,Aquifer_Auser
2015-01-07,-12.1,Aquifer_Auser
2015-01-08,-12.46,Aquifer_Auser
2015-01-09,-12.39,Aquifer_Auser
2015-01-10,-12.63,Aquifer_Auser
2015-01-11,-12.64,Aquifer_Auser
2015-01-12,-12.53,Aquifer_Auser
2015-02-01,-12.05,Aquifer_Auser
2015-02-02,-11.84,Aquifer_Auser
2015-02-03,-11.88,Aquifer_Auser
2015-02-04,-11.83,Aquifer_Auser
2015-02-05,-11.81,Aquifer_Auser
2015-02-06,-11.92,Aquifer_Auser
2015-02-07,-12.13,Aquifer_Auser
2015-02-08,-12.48,Aquifer_Auser
2015-02-09,-12.39,Aquifer_Auser
2015-02-10,-12.61,Aquifer_Auser
2015-02-11,-12.64,Aquifer_Auser
2015-02-12,-12.55,Aquifer_Auser
2015-03-01,-12.02,Aquifer_Auser
2015-03-02,-11.84,Aquifer_Auser
2015-03-03,-11.93,Aquifer_Auser
2015-03-04,-11.83,Aquifer_Auser
2015-03-05,-11.82,Aquifer_Auser
2015-03-06,-11.92,Aquifer_Auser
2015-03-07,-12.15,Aquifer_Auser
2015-03-08,-12.49,Aquifer_Auser
2015-03-09,-12.4,Aquifer_Auser
2015-03-10,-12.63,Aquifer_Auser
2015-03-11,-12.61,Aquifer_Auser
2015-03-12,-12.56,Aquifer_Auser
2015-04-01,-11.98,Aquifer_Auser
2015-04-02,-11.83,Aquifer_Auser
2015-04-03,-11.91,Aquifer_Auser
2015-04-04,-11.79,Aquifer_Auser
2015-04-05,-11.82,Aquifer_Auser
2015-04-06,-11.92,Aquifer_Auser
2015-04-07,-12.15,Aquifer_Auser
2015-04-08,-12.48,Aquifer_Auser
2015-04-09,-12.4,Aquifer_Auser
2015-04-10,-12.61,Aquifer_Auser
2015-04-11,-12.57,Aquifer_Auser
2015-04-12,-12.57,Aquifer_Auser
2015-05-01,-12.04,Aquifer_Auser
2015-05-02,-11.82,Aquifer_Auser
2015-05-03,-11.89,Aquifer_Auser
2015-05-04,-11.78,Aquifer_Auser
2015-05-05,-11.81,Aquifer_Auser
2015-05-06,-11.91,Aquifer_Auser
2015-05-07,-12.14,Aquifer_Auser
2015-05-08,-12.48,Aquifer_Auser
2015-05-09,-12.4,Aquifer_Auser
2015-05-10,-12.58,Aquifer_Auser
2015-05-11,-12.55,Aquifer_Auser
2015-05-12,-12.57,Aquifer_Auser
2015-06-01,-12.0,Aquifer_Auser
2015-06-02,-11.84,Aquifer_Auser
2015-06-03,-11.96,Aquifer_Auser
2015-06-04,-11.86,Aquifer_Auser
2015-06-05,-11.83,Aquifer_Auser
2015-06-06,-11.92,Aquifer_Auser
2015-06-07,-12.16,Aquifer_Auser
2015-06-08,-12.48,Aquifer_Auser
2015-06-09,-12.44,Aquifer_Auser
2015-06-10,-12.54,Aquifer_Auser
2015-06-11,-12.56,Aquifer_Auser
2015-06-12,-12.58,Aquifer_Auser
2015-07-01,-12.04,Aquifer_Auser
2015-07-02,-11.94,Aquifer_Auser
2015-07-03,-11.96,Aquifer_Auser
2015-07-04,-11.92,Aquifer_Auser
2015-07-05,-11.85,Aquifer_Auser
2015-07-06,-11.92,Aquifer_Auser
2015-07-07,-12.17,Aquifer_Auser
2015-07-08,-12.49,Aquifer_Auser
2015-07-09,-12.47,Aquifer_Auser
2015-07-10,-12.54,Aquifer_Auser
2015-07-11,-12.57,Aquifer_Auser
2015-07-12,-12.57,Aquifer_Auser
2015-08-01,-12.06,Aquifer_Auser
2015-08-02,-11.91,Aquifer_Auser
2015-08-03,-11.93,Aquifer_Auser
2015-08-04,-11.92,Aquifer_Auser
2015-08-05,-11.85,Aquifer_Auser
2015-08-06,-11.91,Aquifer_Auser
2015-08-07,-12.14,Aquifer_Auser
2015-08-08,-12.5,Aquifer_Auser
2015-08-09,-12.49,Aquifer_Auser
2015-08-10,-12.59,Aquifer_Auser
2015-08-11,-12.59,Aquifer_Auser
2015-08-12,-12.55,Aquifer_Auser
2015-09-01,-12.05,Aquifer_Auser
2015-09-02,-11.98,Aquifer_Auser
2015-09-03,-11.92,Aquifer_Auser
2015-09-04,-11.92,Aquifer_Auser
2015-09-05,-11.86,Aquifer_Auser
2015-09-06,-11.92,Aquifer_Auser
2015-09-07,-12.17,Aquifer_Auser
2015-09-08,-12.51,Aquifer_Auser
2015-09-09,-12.47,Aquifer_Auser
2015-09-10,-12.59,Aquifer_Auser
2015-09-11,-12.57,Aquifer_Auser
2015-09-12,-12.53,Aquifer_Auser
2015-10-01,-12.0,Aquifer_Auser
2015-10-02,-11.99,Aquifer_Auser
2015-10-03,-11.91,Aquifer_Auser
2015-10-04,-11.92,Aquifer_Auser
2015-10-05,-11.9,Aquifer_Auser
2015-10-06,-11.94,Aquifer_Auser
2015-10-07,-12.24,Aquifer_Auser
2015-10-08,-12.5,Aquifer_Auser
2015-10-09,-12.48,Aquifer_Auser
2015-10-10,-12.53,Aquifer_Auser
2015-10-11,-12.54,Aquifer_Auser
2015-10-12,-12.54,Aquifer_Auser
2015-11-01,-11.96,Aquifer_Auser
2015-11-02,-11.99,Aquifer_Auser
2015-11-03,-11.88,Aquifer_Auser
2015-11-04,-11.91,Aquifer_Auser
2015-11-05,-11.92,Aquifer_Auser
2015-11-06,-11.95,Aquifer_Auser
2015-11-07,-12.26,Aquifer_Auser
2015-11-08,-12.49,Aquifer_Auser
2015-11-09,-12.51,Aquifer_Auser
2015-11-10,-12.54,Aquifer_Auser
2015-11-11,-12.53,Aquifer_Auser
2015-11-12,-12.52,Aquifer_Auser
2015-12-01,-12.05,Aquifer_Auser
2015-12-02,-11.98,Aquifer_Auser
2015-12-03,-11.88,Aquifer_Auser
2015-12-04,-11.92,Aquifer_Auser
2015-12-05,-11.93,Aquifer_Auser
2015-12-06,-11.95,Aquifer_Auser
2015-12-07,-12.27,Aquifer_Auser
2015-12-08,-12.5,Aquifer_Auser
2015-12-09,-12.54,Aquifer_Auser
2015-12-10,-12.6,Aquifer_Auser
2015-12-11,-12.53,Aquifer_Auser
2015-12-12,-12.49,Aquifer_Auser
2016-01-01,-12.51,Aquifer_Auser
2016-01-06,-11.76,Aquifer_Auser
2016-01-10,-12.45,Aquifer_Auser
2016-01-11,-12.49,Aquifer_Auser
2016-01-12,-12.45,Aquifer_Auser
2016-02-01,-12.43,Aquifer_Auser
2016-02-09,-12.4,Aquifer_Auser
2016-02-10,-12.42,Aquifer_Auser
2016-02-11,-12.43,Aquifer_Auser
2016-02-12,-12.4,Aquifer_Auser
2016-03-01,-12.36,Aquifer_Auser
2016-03-09,-12.41,Aquifer_Auser
2016-03-10,-12.45,Aquifer_Auser
2016-03-11,-12.43,Aquifer_Auser
2016-03-12,-12.42,Aquifer_Auser
2016-04-01,-12.29,Aquifer_Auser
2016-04-09,-12.41,Aquifer_Auser
2016-04-10,-12.46,Aquifer_Auser
2016-04-11,-12.46,Aquifer_Auser
2016-04-12,-12.45,Aquifer_Auser
2016-05-01,-12.3,Aquifer_Auser
2016-05-05,-11.85,Aquifer_Auser
2016-05-09,-12.38,Aquifer_Auser
2016-05-10,-12.44,Aquifer_Auser
2016-05-11,-12.38,Aquifer_Auser
2016-05-12,-12.46,Aquifer_Auser
2016-06-01,-12.31,Aquifer_Auser
2016-06-04,-11.84,Aquifer_Auser
2016-06-07,-11.93,Aquifer_Auser
2016-06-09,-12.43,Aquifer_Auser
2016-06-10,-12.41,Aquifer_Auser
2016-06-11,-12.3,Aquifer_Auser
2016-06-12,-12.46,Aquifer_Auser
2016-07-01,-12.35,Aquifer_Auser
2016-07-09,-12.43,Aquifer_Auser
2016-07-10,-12.41,Aquifer_Auser
2016-07-11,-12.35,Aquifer_Auser
2016-07-12,-12.49,Aquifer_Auser
2016-08-01,-12.38,Aquifer_Auser
2016-08-06,-11.75,Aquifer_Auser
2016-08-09,-12.41,Aquifer_Auser
2016-08-10,-12.43,Aquifer_Auser
2016-08-11,-12.36,Aquifer_Auser
2016-08-12,-12.51,Aquifer_Auser
2016-09-01,-12.37,Aquifer_Auser
2016-09-03,-11.96,Aquifer_Auser
2016-09-08,-12.28,Aquifer_Auser
2016-09-09,-12.43,Aquifer_Auser
2016-09-10,-12.44,Aquifer_Auser
2016-09-11,-12.38,Aquifer_Auser
2016-09-12,-12.49,Aquifer_Auser
2016-10-01,-12.38,Aquifer_Auser
2016-10-09,-12.44,Aquifer_Auser
2016-10-10,-12.43,Aquifer_Auser
2016-10-11,-12.41,Aquifer_Auser
2016-10-12,-12.45,Aquifer_Auser
2016-11-01,-12.36,Aquifer_Auser
2016-11-05,-11.76,Aquifer_Auser
2016-11-09,-12.46,Aquifer_Auser
2016-11-10,-12.4,Aquifer_Auser
2016-11-11,-12.4,Aquifer_Auser
2016-11-12,-12.39,Aquifer_Auser
2016-12-01,-12.41,Aquifer_Auser
2016-12-04,-11.86,Aquifer_Auser
2016-12-07,-12.02,Aquifer_Auser
2016-12-09,-12.48,Aquifer_Auser
2016-12-10,-12.43,Aquifer_Auser
2016-12-11,-12.45,Aquifer_Auser
2016-12-12,-12.38,Aquifer_Auser
2017-01-01,-12.5,Aquifer_Auser
2017-01-02,-12.67,Aquifer_Auser
2017-01-03,-12.44,Aquifer_Auser
2017-01-04,-12.26,Aquifer_Auser
2017-01-05,-12.24,Aquifer_Auser
2017-01-06,-12.38,Aquifer_Auser
2017-01-07,-12.62,Aquifer_Auser
2017-01-08,-12.91,Aquifer_Auser
2017-01-09,-12.95,Aquifer_Auser
2017-01-10,-12.94,Aquifer_Auser
2017-01-11,-12.99,Aquifer_Auser
2017-02-01,-12.47,Aquifer_Auser
2017-02-02,-12.66,Aquifer_Auser
2017-02-03,-12.48,Aquifer_Auser
2017-02-04,-12.24,Aquifer_Auser
2017-02-05,-12.28,Aquifer_Auser
2017-02-06,-12.37,Aquifer_Auser
2017-02-07,-12.62,Aquifer_Auser
2017-02-08,-12.92,Aquifer_Auser
2017-02-09,-12.93,Aquifer_Auser
2017-02-10,-12.96,Aquifer_Auser
2017-02-11,-12.97,Aquifer_Auser
2017-03-01,-12.45,Aquifer_Auser
2017-03-02,-12.62,Aquifer_Auser
2017-03-03,-12.48,Aquifer_Auser
2017-03-04,-12.25,Aquifer_Auser
2017-03-05,-12.27,Aquifer_Auser
2017-03-06,-12.36,Aquifer_Auser
2017-03-07,-12.65,Aquifer_Auser
2017-03-08,-12.92,Aquifer_Auser
2017-03-09,-12.96,Aquifer_Auser
2017-03-10,-12.95,Aquifer_Auser
2017-03-11,-12.94,Aquifer_Auser
2017-04-01,-12.42,Aquifer_Auser
2017-04-02,-12.58,Aquifer_Auser
2017-04-03,-12.41,Aquifer_Auser
2017-04-04,-12.25,Aquifer_Auser
2017-04-05,-12.25,Aquifer_Auser
2017-04-06,-12.35,Aquifer_Auser
2017-04-07,-12.66,Aquifer_Auser
2017-04-08,-12.91,Aquifer_Auser
2017-04-09,-13.0,Aquifer_Auser
2017-04-10,-12.97,Aquifer_Auser
2017-04-11,-12.95,Aquifer_Auser
2017-05-01,-12.44,Aquifer_Auser
2017-05-02,-12.54,Aquifer_Auser
2017-05-03,-12.41,Aquifer_Auser
2017-05-04,-12.25,Aquifer_Auser
2017-05-05,-12.25,Aquifer_Auser
2017-05-06,-12.35,Aquifer_Auser
2017-05-07,-12.66,Aquifer_Auser
2017-05-08,-12.91,Aquifer_Auser
2017-05-09,-13.02,Aquifer_Auser
2017-05-10,-12.93,Aquifer_Auser
2017-05-11,-12.88,Aquifer_Auser
2017-05-12,-13.09,Aquifer_Auser
2017-06-01,-12.54,Aquifer_Auser
2017-06-02,-12.52,Aquifer_Auser
2017-06-03,-12.36,Aquifer_Auser
2017-06-04,-12.26,Aquifer_Auser
2017-06-05,-12.22,Aquifer_Auser
2017-06-06,-12.34,Aquifer_Auser
2017-06-07,-12.67,Aquifer_Auser
2017-06-08,-12.93,Aquifer_Auser
2017-06-09,-13.0,Aquifer_Auser
2017-06-10,-12.87,Aquifer_Auser
2017-06-11,-12.87,Aquifer_Auser
2017-06-12,-13.08,Aquifer_Auser
2017-07-01,-12.55,Aquifer_Auser
2017-07-02,-12.6,Aquifer_Auser
2017-07-03,-12.36,Aquifer_Auser
2017-07-04,-12.28,Aquifer_Auser
2017-07-05,-12.21,Aquifer_Auser
2017-07-06,-12.38,Aquifer_Auser
2017-07-07,-12.68,Aquifer_Auser
2017-07-08,-12.94,Aquifer_Auser
2017-07-09,-12.96,Aquifer_Auser
2017-07-10,-12.95,Aquifer_Auser
2017-07-11,-12.89,Aquifer_Auser
2017-07-12,-13.05,Aquifer_Auser
2017-08-01,-12.51,Aquifer_Auser
2017-08-02,-12.61,Aquifer_Auser
2017-08-03,-12.45,Aquifer_Auser
2017-08-04,-12.3,Aquifer_Auser
2017-08-05,-12.2,Aquifer_Auser
2017-08-06,-12.42,Aquifer_Auser
2017-08-07,-12.67,Aquifer_Auser
2017-08-08,-12.95,Aquifer_Auser
2017-08-09,-12.97,Aquifer_Auser
2017-08-10,-12.93,Aquifer_Auser
2017-08-11,-12.93,Aquifer_Auser
2017-08-12,-12.92,Aquifer_Auser
2017-09-01,-12.51,Aquifer_Auser
2017-09-02,-12.63,Aquifer_Auser
2017-09-03,-12.44,Aquifer_Auser
2017-09-04,-12.32,Aquifer_Auser
2017-09-05,-12.19,Aquifer_Auser
2017-09-06,-12.41,Aquifer_Auser
2017-09-07,-12.67,Aquifer_Auser
2017-09-08,-12.95,Aquifer_Auser
2017-09-09,-12.94,Aquifer_Auser
2017-09-10,-12.94,Aquifer_Auser
2017-09-11,-12.96,Aquifer_Auser
2017-09-12,-12.89,Aquifer_Auser
2017-10-01,-12.45,Aquifer_Auser
2017-10-02,-12.63,Aquifer_Auser
2017-10-03,-12.41,Aquifer_Auser
2017-10-04,-12.3,Aquifer_Auser
2017-10-05,-12.21,Aquifer_Auser
2017-10-06,-12.43,Aquifer_Auser
2017-10-07,-12.67,Aquifer_Auser
2017-10-08,-12.95,Aquifer_Auser
2017-10-09,-12.88,Aquifer_Auser
2017-10-10,-12.96,Aquifer_Auser
2017-10-11,-12.95,Aquifer_Auser
2017-10-12,-12.88,Aquifer_Auser
2017-11-01,-12.51,Aquifer_Auser
2017-11-02,-12.64,Aquifer_Auser
2017-11-03,-12.43,Aquifer_Auser
2017-11-04,-12.27,Aquifer_Auser
2017-11-05,-12.18,Aquifer_Auser
2017-11-06,-12.44,Aquifer_Auser
2017-11-07,-12.7,Aquifer_Auser
2017-11-08,-12.95,Aquifer_Auser
2017-11-09,-12.87,Aquifer_Auser
2017-11-10,-12.98,Aquifer_Auser
2017-11-11,-12.93,Aquifer_Auser
2017-11-12,-12.77,Aquifer_Auser
2017-12-01,-12.51,Aquifer_Auser
2017-12-02,-12.66,Aquifer_Auser
2017-12-03,-12.39,Aquifer_Auser
2017-12-04,-12.27,Aquifer_Auser
2017-12-05,-12.2,Aquifer_Auser
2017-12-06,-12.44,Aquifer_Auser
2017-12-07,-12.7,Aquifer_Auser
2017-12-08,-12.95,Aquifer_Auser
2017-12-09,-12.94,Aquifer_Auser
2017-12-10,-13.0,Aquifer_Auser
2017-12-11,-12.87,Aquifer_Auser
2017-12-12,-12.86,Aquifer_Auser
2018-01-01,-12.82,Aquifer_Auser
2018-01-02,-12.68,Aquifer_Auser
2018-01-03,-12.67,Aquifer_Auser
2018-01-04,-12.4,Aquifer_Auser
2018-01-05,-12.32,Aquifer_Auser
2018-01-06,-12.31,Aquifer_Auser
2018-01-07,-12.39,Aquifer_Auser
2018-01-08,-12.58,Aquifer_Auser
2018-01-09,-12.69,Aquifer_Auser
2018-01-10,-12.75,Aquifer_Auser
2018-01-11,-12.79,Aquifer_Auser
2018-01-12,-12.79,Aquifer_Auser
2018-02-01,-12.83,Aquifer_Auser
2018-02-02,-12.63,Aquifer_Auser
2018-02-03,-12.58,Aquifer_Auser
2018-02-04,-12.45,Aquifer_Auser
2018-02-05,-12.25,Aquifer_Auser
2018-02-06,-12.31,Aquifer_Auser
2018-02-07,-12.41,Aquifer_Auser
2018-02-08,-12.6,Aquifer_Auser
2018-02-09,-12.7,Aquifer_Auser
2018-02-10,-12.81,Aquifer_Auser
2018-02-11,-12.79,Aquifer_Auser
2018-02-12,-12.8,Aquifer_Auser
2018-03-01,-12.82,Aquifer_Auser
2018-03-02,-12.62,Aquifer_Auser
2018-03-03,-12.6,Aquifer_Auser
2018-03-04,-12.45,Aquifer_Auser
2018-03-05,-12.23,Aquifer_Auser
2018-03-06,-12.29,Aquifer_Auser
2018-03-07,-12.43,Aquifer_Auser
2018-03-08,-12.6,Aquifer_Auser
2018-03-09,-12.69,Aquifer_Auser
2018-03-10,-12.83,Aquifer_Auser
2018-03-11,-12.79,Aquifer_Auser
2018-03-12,-12.75,Aquifer_Auser
2018-04-01,-12.79,Aquifer_Auser
2018-04-02,-12.72,Aquifer_Auser
2018-04-03,-12.64,Aquifer_Auser
2018-04-04,-12.42,Aquifer_Auser
2018-04-05,-12.27,Aquifer_Auser
2018-04-06,-12.26,Aquifer_Auser
2018-04-07,-12.44,Aquifer_Auser
2018-04-08,-12.61,Aquifer_Auser
2018-04-09,-12.69,Aquifer_Auser
2018-04-10,-12.85,Aquifer_Auser
2018-04-11,-12.75,Aquifer_Auser
2018-04-12,-12.75,Aquifer_Auser
2018-05-01,-12.79,Aquifer_Auser
2018-05-02,-12.74,Aquifer_Auser
2018-05-03,-12.58,Aquifer_Auser
2018-05-04,-12.4,Aquifer_Auser
2018-05-05,-12.31,Aquifer_Auser
2018-05-06,-12.26,Aquifer_Auser
2018-05-07,-12.43,Aquifer_Auser
2018-05-08,-12.62,Aquifer_Auser
2018-05-09,-12.69,Aquifer_Auser
2018-05-10,-12.84,Aquifer_Auser
2018-05-11,-12.75,Aquifer_Auser
2018-05-12,-12.81,Aquifer_Auser
2018-06-01,-12.81,Aquifer_Auser
2018-06-02,-12.67,Aquifer_Auser
2018-06-03,-12.57,Aquifer_Auser
2018-06-04,-12.43,Aquifer_Auser
2018-06-05,-12.32,Aquifer_Auser
2018-06-06,-12.3,Aquifer_Auser
2018-06-07,-12.44,Aquifer_Auser
2018-06-08,-12.63,Aquifer_Auser
2018-06-09,-12.67,Aquifer_Auser
2018-06-10,-12.81,Aquifer_Auser
2018-06-11,-12.76,Aquifer_Auser
2018-06-12,-12.79,Aquifer_Auser
2018-07-01,-12.84,Aquifer_Auser
2018-07-02,-12.64,Aquifer_Auser
2018-07-03,-12.61,Aquifer_Auser
2018-07-04,-12.41,Aquifer_Auser
2018-07-05,-12.31,Aquifer_Auser
2018-07-06,-12.3,Aquifer_Auser
2018-07-07,-12.47,Aquifer_Auser
2018-07-08,-12.63,Aquifer_Auser
2018-07-09,-12.69,Aquifer_Auser
2018-07-10,-12.8,Aquifer_Auser
2018-07-11,-12.77,Aquifer_Auser
2018-07-12,-12.78,Aquifer_Auser
2018-08-01,-12.84,Aquifer_Auser
2018-08-02,-12.72,Aquifer_Auser
2018-08-03,-12.69,Aquifer_Auser
2018-08-04,-12.38,Aquifer_Auser
2018-08-05,-12.26,Aquifer_Auser
2018-08-06,-12.28,Aquifer_Auser
2018-08-07,-12.46,Aquifer_Auser
2018-08-08,-12.64,Aquifer_Auser
2018-08-09,-12.73,Aquifer_Auser
2018-08-10,-12.83,Aquifer_Auser
2018-08-11,-12.8,Aquifer_Auser
2018-08-12,-12.71,Aquifer_Auser
2018-09-01,-12.85,Aquifer_Auser
2018-09-02,-12.72,Aquifer_Auser
2018-09-03,-12.72,Aquifer_Auser
2018-09-04,-12.34,Aquifer_Auser
2018-09-05,-12.26,Aquifer_Auser
2018-09-06,-12.29,Aquifer_Auser
2018-09-07,-12.45,Aquifer_Auser
2018-09-08,-12.65,Aquifer_Auser
2018-09-09,-12.75,Aquifer_Auser
2018-09-10,-12.84,Aquifer_Auser
2018-09-11,-12.77,Aquifer_Auser
2018-09-12,-12.7,Aquifer_Auser
2018-10-01,-12.82,Aquifer_Auser
2018-10-02,-12.69,Aquifer_Auser
2018-10-03,-12.7,Aquifer_Auser
2018-10-04,-12.35,Aquifer_Auser
2018-10-05,-12.29,Aquifer_Auser
2018-10-06,-12.29,Aquifer_Auser
2018-10-07,-12.44,Aquifer_Auser
2018-10-08,-12.67,Aquifer_Auser
2018-10-09,-12.76,Aquifer_Auser
2018-10-10,-12.84,Aquifer_Auser
2018-10-11,-12.76,Aquifer_Auser
2018-10-12,-12.73,Aquifer_Auser
2018-11-01,-12.78,Aquifer_Auser
2018-11-02,-12.7,Aquifer_Auser
2018-11-03,-12.62,Aquifer_Auser
2018-11-04,-12.3,Aquifer_Auser
2018-11-05,-12.32,Aquifer_Auser
2018-11-06,-12.28,Aquifer_Auser
2018-11-07,-12.44,Aquifer_Auser
2018-11-08,-12.66,Aquifer_Auser
2018-11-09,-12.79,Aquifer_Auser
2018-11-10,-12.84,Aquifer_Auser
2018-11-11,-12.8,Aquifer_Auser
2018-11-12,-12.76,Aquifer_Auser
2018-12-01,-12.82,Aquifer_Auser
2018-12-02,-12.69,Aquifer_Auser
2018-12-03,-12.58,Aquifer_Auser
2018-12-04,-12.3,Aquifer_Auser
2018-12-05,-12.32,Aquifer_Auser
2018-12-06,-12.27,Aquifer_Auser
2018-12-07,-12.47,Aquifer_Auser
2018-12-08,-12.65,Aquifer_Auser
2018-12-09,-12.78,Aquifer_Auser
2018-12-10,-12.86,Aquifer_Auser
2018-12-11,-12.84,Aquifer_Auser
2018-12-12,-12.76,Aquifer_Auser
2019-01-01,-12.82,Aquifer_Auser
2019-01-02,-12.78,Aquifer_Auser
2019-01-03,-12.8,Aquifer_Auser
2019-01-04,-12.73,Aquifer_Auser
2019-01-05,-12.65,Aquifer_Auser
2019-01-06,-12.61,Aquifer_Auser
2019-01-07,-12.79,Aquifer_Auser
2019-01-08,-12.92,Aquifer_Auser
2019-01-09,-13.01,Aquifer_Auser
2019-01-10,-13.11,Aquifer_Auser
2019-01-11,-13.17,Aquifer_Auser
2019-01-12,-12.88,Aquifer_Auser
2019-02-01,-12.77,Aquifer_Auser
2019-02-02,-12.77,Aquifer_Auser
2019-02-04,-12.73,Aquifer_Auser
2019-02-05,-12.65,Aquifer_Auser
2019-02-06,-12.6,Aquifer_Auser
2019-02-07,-12.78,Aquifer_Auser
2019-02-08,-12.9,Aquifer_Auser
2019-02-09,-13.02,Aquifer_Auser
2019-02-10,-13.06,Aquifer_Auser
2019-02-11,-13.09,Aquifer_Auser
2019-02-12,-12.84,Aquifer_Auser
2019-03-01,-12.83,Aquifer_Auser
2019-03-02,-12.83,Aquifer_Auser
2019-03-04,-12.69,Aquifer_Auser
2019-03-05,-12.61,Aquifer_Auser
2019-03-06,-12.59,Aquifer_Auser
2019-03-07,-12.79,Aquifer_Auser
2019-03-08,-12.92,Aquifer_Auser
2019-03-09,-13.05,Aquifer_Auser
2019-03-10,-13.11,Aquifer_Auser
2019-03-11,-12.98,Aquifer_Auser
2019-03-12,-12.88,Aquifer_Auser
2019-04-01,-12.84,Aquifer_Auser
2019-04-02,-12.95,Aquifer_Auser
2019-04-04,-12.62,Aquifer_Auser
2019-04-05,-12.56,Aquifer_Auser
2019-04-06,-12.59,Aquifer_Auser
2019-04-07,-12.81,Aquifer_Auser
2019-04-08,-12.94,Aquifer_Auser
2019-04-09,-13.04,Aquifer_Auser
2019-04-10,-13.14,Aquifer_Auser
2019-04-11,-13.03,Aquifer_Auser
2019-04-12,-12.87,Aquifer_Auser
2019-05-01,-12.8,Aquifer_Auser
2019-05-02,-12.96,Aquifer_Auser
2019-05-04,-12.65,Aquifer_Auser
2019-05-05,-12.54,Aquifer_Auser
2019-05-06,-12.57,Aquifer_Auser
2019-05-07,-12.82,Aquifer_Auser
2019-05-08,-12.96,Aquifer_Auser
2019-05-09,-13.01,Aquifer_Auser
2019-05-10,-13.13,Aquifer_Auser
2019-05-11,-13.01,Aquifer_Auser
2019-05-12,-12.88,Aquifer_Auser
2019-06-01,-12.8,Aquifer_Auser
2019-06-02,-12.95,Aquifer_Auser
2019-06-04,-12.67,Aquifer_Auser
2019-06-05,-12.63,Aquifer_Auser
2019-06-06,-12.59,Aquifer_Auser
2019-06-07,-12.82,Aquifer_Auser
2019-06-08,-12.96,Aquifer_Auser
2019-06-09,-13.03,Aquifer_Auser
2019-06-10,-13.19,Aquifer_Auser
2019-06-11,-13.05,Aquifer_Auser
2019-06-12,-12.87,Aquifer_Auser
2019-07-01,-12.84,Aquifer_Auser
2019-07-02,-12.93,Aquifer_Auser
2019-07-04,-12.67,Aquifer_Auser
2019-07-05,-12.67,Aquifer_Auser
2019-07-06,-12.62,Aquifer_Auser
2019-07-07,-12.8,Aquifer_Auser
2019-07-08,-12.94,Aquifer_Auser
2019-07-09,-13.05,Aquifer_Auser
2019-07-10,-13.16,Aquifer_Auser
2019-07-11,-13.07,Aquifer_Auser
2019-07-12,-12.84,Aquifer_Auser
2019-08-01,-12.78,Aquifer_Auser
2019-08-02,-12.93,Aquifer_Auser
2019-08-04,-12.69,Aquifer_Auser
2019-08-05,-12.64,Aquifer_Auser
2019-08-06,-12.65,Aquifer_Auser
2019-08-07,-12.8,Aquifer_Auser
2019-08-08,-12.95,Aquifer_Auser
2019-08-09,-13.02,Aquifer_Auser
2019-08-10,-13.21,Aquifer_Auser
2019-08-11,-13.02,Aquifer_Auser
2019-08-12,-12.83,Aquifer_Auser
2019-09-01,-12.7,Aquifer_Auser
2019-09-02,-12.94,Aquifer_Auser
2019-09-04,-12.69,Aquifer_Auser
2019-09-05,-12.57,Aquifer_Auser
2019-09-06,-12.63,Aquifer_Auser
2019-09-07,-12.79,Aquifer_Auser
2019-09-08,-12.98,Aquifer_Auser
2019-09-09,-13.03,Aquifer_Auser
2019-09-10,-13.2,Aquifer_Auser
2019-09-11,-13.05,Aquifer_Auser
2019-09-12,-12.75,Aquifer_Auser
2019-10-01,-12.76,Aquifer_Auser
2019-10-02,-12.89,Aquifer_Auser
2019-10-04,-12.68,Aquifer_Auser
2019-10-05,-12.61,Aquifer_Auser
2019-10-06,-12.59,Aquifer_Auser
2019-10-07,-12.79,Aquifer_Auser
2019-10-08,-12.99,Aquifer_Auser
2019-10-09,-13.04,Aquifer_Auser
2019-10-10,-13.19,Aquifer_Auser
2019-10-11,-13.04,Aquifer_Auser
2019-10-12,-12.79,Aquifer_Auser
2019-11-01,-12.85,Aquifer_Auser
2019-11-02,-12.86,Aquifer_Auser
2019-11-04,-12.69,Aquifer_Auser
2019-11-05,-12.62,Aquifer_Auser
2019-11-06,-12.58,Aquifer_Auser
2019-11-07,-12.82,Aquifer_Auser
2019-11-08,-12.99,Aquifer_Auser
2019-11-09,-13.08,Aquifer_Auser
2019-11-10,-13.24,Aquifer_Auser
2019-11-11,-13.04,Aquifer_Auser
2019-11-12,-12.77,Aquifer_Auser
2019-12-01,-12.89,Aquifer_Auser
2019-12-02,-12.96,Aquifer_Auser
2019-12-04,-12.7,Aquifer_Auser
2019-12-05,-12.6,Aquifer_Auser
2019-12-06,-12.62,Aquifer_Auser
2019-12-07,-12.81,Aquifer_Auser
2019-12-08,-12.99,Aquifer_Auser
2019-12-09,-13.13,Aquifer_Auser
2019-12-10,-13.24,Aquifer_Auser
2019-12-11,-12.94,Aquifer_Auser
2019-12-12,-12.69,Aquifer_Auser
2020-01-01,-12.71,Aquifer_Auser
2020-01-02,-12.46,Aquifer_Auser
2020-01-03,-12.23,Aquifer_Auser
2020-01-04,-12.19,Aquifer_Auser
2020-01-05,-12.19,Aquifer_Auser
2020-01-06,-12.32,Aquifer_Auser
2020-02-01,-12.7,Aquifer_Auser
2020-02-02,-12.45,Aquifer_Auser
2020-02-03,-12.17,Aquifer_Auser
2020-02-04,-12.15,Aquifer_Auser
2020-02-05,-12.18,Aquifer_Auser
2020-02-06,-12.3,Aquifer_Auser
2020-03-01,-12.67,Aquifer_Auser
2020-03-02,-12.43,Aquifer_Auser
2020-03-03,-12.16,Aquifer_Auser
2020-03-04,-12.14,Aquifer_Auser
2020-03-05,-12.21,Aquifer_Auser
2020-03-06,-12.28,Aquifer_Auser
2020-04-01,-12.63,Aquifer_Auser
2020-04-02,-12.36,Aquifer_Auser
2020-04-03,-12.23,Aquifer_Auser
2020-04-04,-12.19,Aquifer_Auser
2020-04-05,-12.26,Aquifer_Auser
2020-04-06,-12.22,Aquifer_Auser
2020-05-01,-12.65,Aquifer_Auser
2020-05-02,-12.43,Aquifer_Auser
2020-05-03,-12.21,Aquifer_Auser
2020-05-04,-12.2,Aquifer_Auser
2020-05-05,-12.25,Aquifer_Auser
2020-05-06,-12.2,Aquifer_Auser
2020-06-01,-12.66,Aquifer_Auser
2020-06-02,-12.49,Aquifer_Auser
2020-06-03,-12.13,Aquifer_Auser
2020-06-04,-12.22,Aquifer_Auser
2020-06-05,-12.24,Aquifer_Auser
2020-06-06,0.0,Aquifer_Auser
2020-07-01,-12.63,Aquifer_Auser
2020-07-02,-12.48,Aquifer_Auser
2020-07-03,-12.21,Aquifer_Auser
2020-07-04,-12.24,Aquifer_Auser
2020-07-05,-12.29,Aquifer_Auser
2020-07-06,0.0,Aquifer_Auser
2020-08-01,-12.65,Aquifer_Auser
2020-08-02,-12.48,Aquifer_Auser
2020-08-03,-12.26,Aquifer_Auser
2020-08-04,-12.21,Aquifer_Auser
2020-08-05,-12.29,Aquifer_Auser
2020-08-06,-12.27,Aquifer_Auser
2020-09-01,-12.64,Aquifer_Auser
2020-09-02,-12.48,Aquifer_Auser
2020-09-03,-12.22,Aquifer_Auser
2020-09-04,-12.19,Aquifer_Auser
2020-09-05,-12.27,Aquifer_Auser
2020-09-06,-12.28,Aquifer_Auser
2020-10-01,-12.61,Aquifer_Auser
2020-10-02,-12.39,Aquifer_Auser
2020-10-03,-12.25,Aquifer_Auser
2020-10-04,-12.31,Aquifer_Auser
2020-10-05,-12.23,Aquifer_Auser
2020-10-06,-12.28,Aquifer_Auser
2020-11-01,-12.62,Aquifer_Auser
2020-11-02,-12.34,Aquifer_Auser
2020-11-03,-12.27,Aquifer_Auser
2020-11-04,-12.31,Aquifer_Auser
2020-11-05,-12.2,Aquifer_Auser
2020-11-06,-12.27,Aquifer_Auser
2020-12-01,-12.62,Aquifer_Auser
2020-12-02,-12.38,Aquifer_Auser
2020-12-03,-12.27,Aquifer_Auser
2020-12-04,-12.29,Aquifer_Auser
2020-12-05,-12.23,Aquifer_Auser
2020-12-06,-12.29,Aquifer_Auser
2012-01-06,-53.45,Aquifer_Doganella
2012-01-07,-54.23,Aquifer_Doganella
2012-01-08,-56.07,Aquifer_Doganella
2012-01-09,-33.39,Aquifer_Doganella
2012-01-10,-33.56,Aquifer_Doganella
2012-01-12,-33.57,Aquifer_Doganella
2012-02-06,-53.58,Aquifer_Doganella
2012-02-07,-54.42,Aquifer_Doganella
2012-02-08,-56.13,Aquifer_Doganella
2012-02-09,-33.38,Aquifer_Doganella
2012-02-10,-33.56,Aquifer_Doganella
2012-02-12,-33.57,Aquifer_Doganella
2012-03-06,-53.72,Aquifer_Doganella
2012-03-07,-54.44,Aquifer_Doganella
2012-03-08,-56.22,Aquifer_Doganella
2012-03-09,-33.37,Aquifer_Doganella
2012-03-10,-33.56,Aquifer_Doganella
2012-04-06,-53.72,Aquifer_Doganella
2012-04-07,-54.52,Aquifer_Doganella
2012-04-08,-56.22,Aquifer_Doganella
2012-04-09,-33.39,Aquifer_Doganella
2012-04-10,-33.68,Aquifer_Doganella
2012-05-06,-53.72,Aquifer_Doganella
2012-05-07,-54.44,Aquifer_Doganella
2012-05-08,-56.22,Aquifer_Doganella
2012-05-09,-33.4,Aquifer_Doganella
2012-05-10,-33.68,Aquifer_Doganella
2012-06-06,-53.71,Aquifer_Doganella
2012-06-07,-54.53,Aquifer_Doganella
2012-06-08,-56.4,Aquifer_Doganella
2012-06-09,-33.63,Aquifer_Doganella
2012-06-10,-33.68,Aquifer_Doganella
2012-07-06,-53.71,Aquifer_Doganella
2012-07-07,-54.55,Aquifer_Doganella
2012-07-08,-56.4,Aquifer_Doganella
2012-07-09,-33.63,Aquifer_Doganella
2012-07-10,-33.68,Aquifer_Doganella
2012-07-11,-35.11,Aquifer_Doganella
2012-08-06,-53.71,Aquifer_Doganella
2012-08-07,-54.6,Aquifer_Doganella
2012-08-08,-55.71,Aquifer_Doganella
2012-08-09,-33.73,Aquifer_Doganella
2012-08-10,-33.68,Aquifer_Doganella
2012-08-11,-33.64,Aquifer_Doganella
2012-09-06,-54.27,Aquifer_Doganella
2012-09-07,-54.65,Aquifer_Doganella
2012-09-08,-49.16,Aquifer_Doganella
2012-09-09,-33.63,Aquifer_Doganella
2012-09-10,-33.67,Aquifer_Doganella
2012-09-11,-33.57,Aquifer_Doganella
2012-10-06,-54.32,Aquifer_Doganella
2012-10-07,-54.65,Aquifer_Doganella
2012-10-08,-49.16,Aquifer_Doganella
2012-10-09,-33.63,Aquifer_Doganella
2012-10-10,-33.66,Aquifer_Doganella
2012-10-11,-33.55,Aquifer_Doganella
2012-11-06,-54.36,Aquifer_Doganella
2012-11-07,-54.6,Aquifer_Doganella
2012-11-08,-49.16,Aquifer_Doganella
2012-11-09,-33.63,Aquifer_Doganella
2012-11-10,-33.66,Aquifer_Doganella
2012-11-11,-33.55,Aquifer_Doganella
2012-12-06,-54.43,Aquifer_Doganella
2012-12-07,-54.6,Aquifer_Doganella
2012-12-08,-49.16,Aquifer_Doganella
2012-12-09,-33.62,Aquifer_Doganella
2012-12-10,-33.65,Aquifer_Doganella
2012-12-11,-33.55,Aquifer_Doganella
2013-01-02,-31.91,Aquifer_Doganella
2013-01-03,-29.49,Aquifer_Doganella
2013-01-04,-24.86,Aquifer_Doganella
2013-01-05,-23.65,Aquifer_Doganella
2013-01-06,-23.63,Aquifer_Doganella
2013-01-07,-24.17,Aquifer_Doganella
2013-01-08,-25.36,Aquifer_Doganella
2013-01-09,-27.53,Aquifer_Doganella
2013-01-10,-35.67,Aquifer_Doganella
2013-01-11,-34.73,Aquifer_Doganella
2013-01-12,-33.54,Aquifer_Doganella
2013-02-02,-31.81,Aquifer_Doganella
2013-02-03,-29.39,Aquifer_Doganella
2013-02-04,-24.86,Aquifer_Doganella
2013-02-05,-23.64,Aquifer_Doganella
2013-02-06,-23.65,Aquifer_Doganella
2013-02-07,-24.18,Aquifer_Doganella
2013-02-08,-25.41,Aquifer_Doganella
2013-02-09,-27.65,Aquifer_Doganella
2013-02-10,-37.38,Aquifer_Doganella
2013-02-11,-34.78,Aquifer_Doganella
2013-02-12,-33.41,Aquifer_Doganella
2013-03-02,-31.81,Aquifer_Doganella
2013-03-03,-29.09,Aquifer_Doganella
2013-03-05,-23.63,Aquifer_Doganella
2013-03-06,-23.66,Aquifer_Doganella
2013-03-07,-24.22,Aquifer_Doganella
2013-03-08,-25.46,Aquifer_Doganella
2013-03-09,-27.77,Aquifer_Doganella
2013-03-10,-38.63,Aquifer_Doganella
2013-03-11,-34.99,Aquifer_Doganella
2013-03-12,-33.41,Aquifer_Doganella
2013-04-02,-31.81,Aquifer_Doganella
2013-04-03,-29.0,Aquifer_Doganella
2013-04-05,-23.62,Aquifer_Doganella
2013-04-06,-23.7,Aquifer_Doganella
2013-04-07,-24.25,Aquifer_Doganella
2013-04-08,-25.51,Aquifer_Doganella
2013-04-09,-27.89,Aquifer_Doganella
2013-04-10,-40.02,Aquifer_Doganella
2013-04-11,-35.08,Aquifer_Doganella
2013-04-12,-33.41,Aquifer_Doganella
2013-05-03,-28.88,Aquifer_Doganella
2013-05-05,-23.61,Aquifer_Doganella
2013-05-06,-23.7,Aquifer_Doganella
2013-05-07,-24.29,Aquifer_Doganella
2013-05-08,-25.56,Aquifer_Doganella
2013-05-09,-28.01,Aquifer_Doganella
2013-05-10,-41.22,Aquifer_Doganella
2013-05-11,-35.16,Aquifer_Doganella
2013-05-12,-33.97,Aquifer_Doganella
2013-06-03,-28.79,Aquifer_Doganella
2013-06-05,-23.61,Aquifer_Doganella
2013-06-06,-23.71,Aquifer_Doganella
2013-06-07,-24.33,Aquifer_Doganella
2013-06-08,-25.61,Aquifer_Doganella
2013-06-09,-28.14,Aquifer_Doganella
2013-06-10,-41.22,Aquifer_Doganella
2013-06-11,-35.26,Aquifer_Doganella
2013-06-12,-33.47,Aquifer_Doganella
2013-07-03,-28.64,Aquifer_Doganella
2013-07-05,-23.61,Aquifer_Doganella
2013-07-06,-23.71,Aquifer_Doganella
2013-07-07,-24.41,Aquifer_Doganella
2013-07-08,-25.65,Aquifer_Doganella
2013-07-09,-28.28,Aquifer_Doganella
2013-07-10,-41.22,Aquifer_Doganella
2013-07-11,-35.26,Aquifer_Doganella
2013-07-12,-33.97,Aquifer_Doganella
2013-08-03,-28.51,Aquifer_Doganella
2013-08-05,-23.61,Aquifer_Doganella
2013-08-06,-23.72,Aquifer_Doganella
2013-08-07,-24.46,Aquifer_Doganella
2013-08-08,-25.65,Aquifer_Doganella
2013-08-09,-28.42,Aquifer_Doganella
2013-08-10,-31.46,Aquifer_Doganella
2013-08-11,-35.26,Aquifer_Doganella
2013-08-12,-34.14,Aquifer_Doganella
2013-09-03,-28.38,Aquifer_Doganella
2013-09-05,-23.6,Aquifer_Doganella
2013-09-06,-23.74,Aquifer_Doganella
2013-09-07,-24.51,Aquifer_Doganella
2013-09-08,-25.73,Aquifer_Doganella
2013-09-09,-28.56,Aquifer_Doganella
2013-09-10,-31.43,Aquifer_Doganella
2013-09-11,-33.13,Aquifer_Doganella
2013-09-12,-34.25,Aquifer_Doganella
2013-10-03,-28.2,Aquifer_Doganella
2013-10-04,-23.66,Aquifer_Doganella
2013-10-05,-23.56,Aquifer_Doganella
2013-10-06,-23.74,Aquifer_Doganella
2013-10-07,-24.54,Aquifer_Doganella
2013-10-08,-25.77,Aquifer_Doganella
2013-10-09,-28.72,Aquifer_Doganella
2013-10-10,-31.41,Aquifer_Doganella
2013-10-11,-33.13,Aquifer_Doganella
2013-10-12,-34.14,Aquifer_Doganella
2013-11-03,-28.2,Aquifer_Doganella
2013-11-04,-23.54,Aquifer_Doganella
2013-11-05,-23.55,Aquifer_Doganella
2013-11-06,-23.74,Aquifer_Doganella
2013-11-07,-24.56,Aquifer_Doganella
2013-11-08,-25.87,Aquifer_Doganella
2013-11-09,-28.88,Aquifer_Doganella
2013-11-10,-31.41,Aquifer_Doganella
2013-11-11,-33.13,Aquifer_Doganella
2013-11-12,-34.14,Aquifer_Doganella
2013-12-01,-33.1,Aquifer_Doganella
2013-12-03,-28.2,Aquifer_Doganella
2013-12-04,-23.43,Aquifer_Doganella
2013-12-05,-23.55,Aquifer_Doganella
2013-12-06,-23.79,Aquifer_Doganella
2013-12-07,-24.59,Aquifer_Doganella
2013-12-08,-25.94,Aquifer_Doganella
2013-12-09,-29.04,Aquifer_Doganella
2013-12-10,-31.43,Aquifer_Doganella
2013-12-11,-35.06,Aquifer_Doganella
2013-12-12,-34.25,Aquifer_Doganella
2014-01-01,-34.1,Aquifer_Doganella
2014-01-02,-30.19,Aquifer_Doganella
2014-01-03,-23.67,Aquifer_Doganella
2014-01-04,-21.34,Aquifer_Doganella
2014-01-05,-20.33,Aquifer_Doganella
2014-01-06,-20.31,Aquifer_Doganella
2014-01-07,-20.31,Aquifer_Doganella
2014-01-08,-21.5,Aquifer_Doganella
2014-01-09,-22.96,Aquifer_Doganella
2014-01-10,-24.92,Aquifer_Doganella
2014-01-12,-46.9,Aquifer_Doganella
2014-02-01,-34.31,Aquifer_Doganella
2014-02-02,-29.87,Aquifer_Doganella
2014-02-03,-23.58,Aquifer_Doganella
2014-02-04,-21.3,Aquifer_Doganella
2014-02-05,-20.31,Aquifer_Doganella
2014-02-06,-20.31,Aquifer_Doganella
2014-02-07,-20.31,Aquifer_Doganella
2014-02-08,-21.52,Aquifer_Doganella
2014-02-09,-23.04,Aquifer_Doganella
2014-02-10,-24.98,Aquifer_Doganella
2014-02-12,-47.56,Aquifer_Doganella
2014-03-01,-34.52,Aquifer_Doganella
2014-03-02,-29.55,Aquifer_Doganella
2014-03-03,-23.52,Aquifer_Doganella
2014-03-04,-21.26,Aquifer_Doganella
2014-03-05,-20.31,Aquifer_Doganella
2014-03-06,-20.31,Aquifer_Doganella
2014-03-07,-20.31,Aquifer_Doganella
2014-03-08,-21.54,Aquifer_Doganella
2014-03-09,-23.1,Aquifer_Doganella
2014-03-10,-25.05,Aquifer_Doganella
2014-03-12,-47.56,Aquifer_Doganella
2014-04-01,-34.27,Aquifer_Doganella
2014-04-02,-29.11,Aquifer_Doganella
2014-04-03,-23.41,Aquifer_Doganella
2014-04-04,-21.22,Aquifer_Doganella
2014-04-05,-20.31,Aquifer_Doganella
2014-04-06,-20.31,Aquifer_Doganella
2014-04-07,-20.31,Aquifer_Doganella
2014-04-08,-21.56,Aquifer_Doganella
2014-04-09,-23.15,Aquifer_Doganella
2014-04-10,-25.1,Aquifer_Doganella
2014-04-12,-47.56,Aquifer_Doganella
2014-05-01,-34.38,Aquifer_Doganella
2014-05-02,-28.64,Aquifer_Doganella
2014-05-03,-23.32,Aquifer_Doganella
2014-05-04,-21.19,Aquifer_Doganella
2014-05-05,-20.31,Aquifer_Doganella
2014-05-06,-20.31,Aquifer_Doganella
2014-05-07,-20.31,Aquifer_Doganella
2014-05-08,-21.59,Aquifer_Doganella
2014-05-09,-23.16,Aquifer_Doganella
2014-05-10,-25.18,Aquifer_Doganella
2014-05-12,-43.93,Aquifer_Doganella
2014-06-01,-34.38,Aquifer_Doganella
2014-06-02,-28.2,Aquifer_Doganella
2014-06-03,-23.21,Aquifer_Doganella
2014-06-04,-21.18,Aquifer_Doganella
2014-06-05,-20.31,Aquifer_Doganella
2014-06-06,-20.31,Aquifer_Doganella
2014-06-07,-20.31,Aquifer_Doganella
2014-06-08,-21.62,Aquifer_Doganella
2014-06-09,-23.22,Aquifer_Doganella
2014-06-10,-25.24,Aquifer_Doganella
2014-06-12,-36.18,Aquifer_Doganella
2014-07-01,-34.37,Aquifer_Doganella
2014-07-02,-27.81,Aquifer_Doganella
2014-07-03,-23.16,Aquifer_Doganella
2014-07-04,-21.13,Aquifer_Doganella
2014-07-05,-20.31,Aquifer_Doganella
2014-07-06,-20.31,Aquifer_Doganella
2014-07-07,-20.31,Aquifer_Doganella
2014-07-08,-21.68,Aquifer_Doganella
2014-07-09,-23.36,Aquifer_Doganella
2014-07-10,-25.31,Aquifer_Doganella
2014-07-12,-36.18,Aquifer_Doganella
2014-08-01,-34.32,Aquifer_Doganella
2014-08-02,-27.44,Aquifer_Doganella
2014-08-03,-23.06,Aquifer_Doganella
2014-08-04,-21.06,Aquifer_Doganella
2014-08-05,-20.31,Aquifer_Doganella
2014-08-06,-20.31,Aquifer_Doganella
2014-08-07,-20.31,Aquifer_Doganella
2014-08-08,-21.81,Aquifer_Doganella
2014-08-09,-23.43,Aquifer_Doganella
2014-08-12,-43.93,Aquifer_Doganella
2014-09-01,-34.32,Aquifer_Doganella
2014-09-02,-27.1,Aquifer_Doganella
2014-09-03,-22.98,Aquifer_Doganella
2014-09-04,-20.97,Aquifer_Doganella
2014-09-05,-20.31,Aquifer_Doganella
2014-09-06,-20.31,Aquifer_Doganella
2014-09-07,-20.31,Aquifer_Doganella
2014-09-08,-21.85,Aquifer_Doganella
2014-09-09,-23.49,Aquifer_Doganella
2014-09-12,-44.9,Aquifer_Doganella
2014-10-01,-34.28,Aquifer_Doganella
2014-10-02,-26.79,Aquifer_Doganella
2014-10-03,-22.76,Aquifer_Doganella
2014-10-04,-20.96,Aquifer_Doganella
2014-10-05,-20.31,Aquifer_Doganella
2014-10-06,-20.31,Aquifer_Doganella
2014-10-07,-20.59,Aquifer_Doganella
2014-10-08,-21.89,Aquifer_Doganella
2014-10-09,-23.5,Aquifer_Doganella
2014-10-11,-34.19,Aquifer_Doganella
2014-10-12,-47.08,Aquifer_Doganella
2014-11-01,-34.2,Aquifer_Doganella
2014-11-02,-26.49,Aquifer_Doganella
2014-11-03,-22.7,Aquifer_Doganella
2014-11-04,-20.91,Aquifer_Doganella
2014-11-05,-20.31,Aquifer_Doganella
2014-11-06,-20.31,Aquifer_Doganella
2014-11-07,-20.87,Aquifer_Doganella
2014-11-08,-21.91,Aquifer_Doganella
2014-11-09,-23.58,Aquifer_Doganella
2014-11-11,-29.87,Aquifer_Doganella
2014-11-12,-47.08,Aquifer_Doganella
2014-12-01,-34.15,Aquifer_Doganella
2014-12-02,-26.25,Aquifer_Doganella
2014-12-03,-22.61,Aquifer_Doganella
2014-12-04,-20.87,Aquifer_Doganella
2014-12-05,-20.31,Aquifer_Doganella
2014-12-06,-20.31,Aquifer_Doganella
2014-12-07,-20.89,Aquifer_Doganella
2014-12-08,-21.95,Aquifer_Doganella
2014-12-09,-23.66,Aquifer_Doganella
2014-12-11,-29.87,Aquifer_Doganella
2014-12-12,-47.08,Aquifer_Doganella
2015-01-02,-31.17,Aquifer_Doganella
2015-01-03,-27.06,Aquifer_Doganella
2015-01-04,-25.68,Aquifer_Doganella
2015-01-05,-23.83,Aquifer_Doganella
2015-01-06,-24.0,Aquifer_Doganella
2015-01-07,-24.19,Aquifer_Doganella
2015-01-08,-25.69,Aquifer_Doganella
2015-01-09,-27.84,Aquifer_Doganella
2015-01-11,-36.1,Aquifer_Doganella
2015-01-12,-40.93,Aquifer_Doganella
2015-02-02,-31.16,Aquifer_Doganella
2015-02-03,-26.99,Aquifer_Doganella
2015-02-04,-25.62,Aquifer_Doganella
2015-02-05,-23.81,Aquifer_Doganella
2015-02-06,-24.0,Aquifer_Doganella
2015-02-07,-24.19,Aquifer_Doganella
2015-02-08,-25.73,Aquifer_Doganella
2015-02-09,-27.98,Aquifer_Doganella
2015-02-10,-31.28,Aquifer_Doganella
2015-02-11,-36.29,Aquifer_Doganella
2015-02-12,-41.06,Aquifer_Doganella
2015-03-02,-31.14,Aquifer_Doganella
2015-03-03,-26.85,Aquifer_Doganella
2015-03-04,-25.52,Aquifer_Doganella
2015-03-05,-23.76,Aquifer_Doganella
2015-03-06,-24.0,Aquifer_Doganella
2015-03-07,-24.22,Aquifer_Doganella
2015-03-08,-25.78,Aquifer_Doganella
2015-03-09,-28.12,Aquifer_Doganella
2015-03-10,-31.28,Aquifer_Doganella
2015-03-11,-36.42,Aquifer_Doganella
2015-03-12,-41.18,Aquifer_Doganella
2015-04-02,-31.06,Aquifer_Doganella
2015-04-03,-26.82,Aquifer_Doganella
2015-04-04,-25.4,Aquifer_Doganella
2015-04-05,-23.74,Aquifer_Doganella
2015-04-06,-24.0,Aquifer_Doganella
2015-04-07,-24.25,Aquifer_Doganella
2015-04-08,-25.83,Aquifer_Doganella
2015-04-09,-28.27,Aquifer_Doganella
2015-04-10,-31.28,Aquifer_Doganella
2015-04-11,-36.6,Aquifer_Doganella
2015-04-12,-41.37,Aquifer_Doganella
2015-05-02,-30.94,Aquifer_Doganella
2015-05-03,-26.69,Aquifer_Doganella
2015-05-04,-25.29,Aquifer_Doganella
2015-05-05,-23.72,Aquifer_Doganella
2015-05-06,-24.0,Aquifer_Doganella
2015-05-07,-24.69,Aquifer_Doganella
2015-05-08,-25.88,Aquifer_Doganella
2015-05-09,-28.42,Aquifer_Doganella
2015-05-10,-31.39,Aquifer_Doganella
2015-05-11,-36.8,Aquifer_Doganella
2015-05-12,-41.49,Aquifer_Doganella
2015-06-02,-30.6,Aquifer_Doganella
2015-06-03,-26.69,Aquifer_Doganella
2015-06-04,-25.22,Aquifer_Doganella
2015-06-05,-23.68,Aquifer_Doganella
2015-06-06,-24.0,Aquifer_Doganella
2015-06-07,-24.74,Aquifer_Doganella
2015-06-08,-25.94,Aquifer_Doganella
2015-06-09,-28.42,Aquifer_Doganella
2015-06-10,-31.49,Aquifer_Doganella
2015-06-11,-36.94,Aquifer_Doganella
2015-06-12,-41.58,Aquifer_Doganella
2015-07-02,-30.13,Aquifer_Doganella
2015-07-03,-26.69,Aquifer_Doganella
2015-07-04,-25.12,Aquifer_Doganella
2015-07-05,-23.66,Aquifer_Doganella
2015-07-06,-24.0,Aquifer_Doganella
2015-07-07,-24.75,Aquifer_Doganella
2015-07-08,-25.99,Aquifer_Doganella
2015-07-09,-28.58,Aquifer_Doganella
2015-07-10,-31.58,Aquifer_Doganella
2015-07-11,-37.15,Aquifer_Doganella
2015-07-12,-41.75,Aquifer_Doganella
2015-08-01,-34.74,Aquifer_Doganella
2015-08-02,-29.7,Aquifer_Doganella
2015-08-03,-26.59,Aquifer_Doganella
2015-08-04,-25.05,Aquifer_Doganella
2015-08-05,-23.63,Aquifer_Doganella
2015-08-06,-23.99,Aquifer_Doganella
2015-08-07,-24.8,Aquifer_Doganella
2015-08-08,-26.04,Aquifer_Doganella
2015-08-09,-28.74,Aquifer_Doganella
2015-08-10,-31.58,Aquifer_Doganella
2015-08-11,-37.33,Aquifer_Doganella
2015-08-12,-41.89,Aquifer_Doganella
2015-09-01,-31.54,Aquifer_Doganella
2015-09-02,-29.66,Aquifer_Doganella
2015-09-03,-26.59,Aquifer_Doganella
2015-09-04,-24.98,Aquifer_Doganella
2015-09-05,-23.63,Aquifer_Doganella
2015-09-06,-23.99,Aquifer_Doganella
2015-09-08,-26.1,Aquifer_Doganella
2015-09-09,-28.79,Aquifer_Doganella
2015-09-10,-31.7,Aquifer_Doganella
2015-09-11,-37.55,Aquifer_Doganella
2015-09-12,-42.05,Aquifer_Doganella
2015-10-01,-31.4,Aquifer_Doganella
2015-10-02,-29.47,Aquifer_Doganella
2015-10-03,-26.57,Aquifer_Doganella
2015-10-04,-24.9,Aquifer_Doganella
2015-10-05,-23.63,Aquifer_Doganella
2015-10-06,-23.99,Aquifer_Doganella
2015-10-08,-26.15,Aquifer_Doganella
2015-10-09,-29.1,Aquifer_Doganella
2015-10-10,-31.75,Aquifer_Doganella
2015-10-11,-37.69,Aquifer_Doganella
2015-10-12,-42.12,Aquifer_Doganella
2015-11-01,-31.34,Aquifer_Doganella
2015-11-02,-29.47,Aquifer_Doganella
2015-11-03,-26.56,Aquifer_Doganella
2015-11-04,-24.82,Aquifer_Doganella
2015-11-05,-24.14,Aquifer_Doganella
2015-11-06,-24.01,Aquifer_Doganella
2015-11-08,-26.22,Aquifer_Doganella
2015-11-09,-29.3,Aquifer_Doganella
2015-11-10,-31.77,Aquifer_Doganella
2015-11-11,-37.89,Aquifer_Doganella
2015-11-12,-42.15,Aquifer_Doganella
2015-12-01,-31.34,Aquifer_Doganella
2015-12-02,-29.22,Aquifer_Doganella
2015-12-03,-26.48,Aquifer_Doganella
2015-12-04,-24.76,Aquifer_Doganella
2015-12-05,-24.14,Aquifer_Doganella
2015-12-06,-24.01,Aquifer_Doganella
2015-12-08,-26.23,Aquifer_Doganella
2015-12-09,-29.51,Aquifer_Doganella
2015-12-10,-32.1,Aquifer_Doganella
2015-12-11,-38.23,Aquifer_Doganella
2015-12-12,-42.2,Aquifer_Doganella
2016-01-01,-31.68,Aquifer_Doganella
2016-01-02,-44.11,Aquifer_Doganella
2016-01-03,-44.17,Aquifer_Doganella
2016-01-04,-41.7,Aquifer_Doganella
2016-01-05,-42.38,Aquifer_Doganella
2016-01-06,-51.54,Aquifer_Doganella
2016-01-07,-52.55,Aquifer_Doganella
2016-01-08,-54.77,Aquifer_Doganella
2016-01-09,-55.68,Aquifer_Doganella
2016-01-12,-33.87,Aquifer_Doganella
2016-02-01,-32.73,Aquifer_Doganella
2016-02-02,-44.11,Aquifer_Doganella
2016-02-03,-44.12,Aquifer_Doganella
2016-02-04,-41.62,Aquifer_Doganella
2016-02-05,-42.38,Aquifer_Doganella
2016-02-06,-51.54,Aquifer_Doganella
2016-02-07,-53.63,Aquifer_Doganella
2016-02-08,-54.78,Aquifer_Doganella
2016-02-09,-55.88,Aquifer_Doganella
2016-02-11,-56.73,Aquifer_Doganella
2016-03-01,-33.78,Aquifer_Doganella
2016-03-02,-44.11,Aquifer_Doganella
2016-03-03,-43.92,Aquifer_Doganella
2016-03-04,-41.61,Aquifer_Doganella
2016-03-05,-42.46,Aquifer_Doganella
2016-03-06,-51.56,Aquifer_Doganella
2016-03-07,-53.63,Aquifer_Doganella
2016-03-08,-54.78,Aquifer_Doganella
2016-03-09,-55.88,Aquifer_Doganella
2016-03-11,-56.82,Aquifer_Doganella
2016-04-01,-33.78,Aquifer_Doganella
2016-04-02,-44.11,Aquifer_Doganella
2016-04-03,-43.9,Aquifer_Doganella
2016-04-04,-41.6,Aquifer_Doganella
2016-04-05,-42.79,Aquifer_Doganella
2016-04-06,-51.56,Aquifer_Doganella
2016-04-07,-53.66,Aquifer_Doganella
2016-04-08,-54.79,Aquifer_Doganella
2016-04-09,-55.88,Aquifer_Doganella
2016-04-11,-56.82,Aquifer_Doganella
2016-05-01,-41.15,Aquifer_Doganella
2016-05-02,-44.15,Aquifer_Doganella
2016-05-03,-43.81,Aquifer_Doganella
2016-05-04,-41.57,Aquifer_Doganella
2016-05-05,-42.8,Aquifer_Doganella
2016-05-06,-51.56,Aquifer_Doganella
2016-05-07,-53.66,Aquifer_Doganella
2016-05-08,-54.79,Aquifer_Doganella
2016-05-09,-55.88,Aquifer_Doganella
2016-05-11,-56.82,Aquifer_Doganella
2016-06-01,-41.15,Aquifer_Doganella
2016-06-02,-44.22,Aquifer_Doganella
2016-06-03,-43.71,Aquifer_Doganella
2016-06-04,-41.5,Aquifer_Doganella
2016-06-05,-42.8,Aquifer_Doganella
2016-06-06,-51.59,Aquifer_Doganella
2016-06-07,-53.66,Aquifer_Doganella
2016-06-08,-54.79,Aquifer_Doganella
2016-06-09,-55.88,Aquifer_Doganella
2016-06-11,-56.82,Aquifer_Doganella
2016-06-12,-33.89,Aquifer_Doganella
2016-07-01,-42.39,Aquifer_Doganella
2016-07-02,-44.23,Aquifer_Doganella
2016-07-03,-43.67,Aquifer_Doganella
2016-07-04,-41.49,Aquifer_Doganella
2016-07-05,-42.84,Aquifer_Doganella
2016-07-06,-51.61,Aquifer_Doganella
2016-07-07,-53.74,Aquifer_Doganella
2016-07-08,-54.93,Aquifer_Doganella
2016-07-09,-55.88,Aquifer_Doganella
2016-07-12,-33.45,Aquifer_Doganella
2016-08-01,-42.39,Aquifer_Doganella
2016-08-02,-44.25,Aquifer_Doganella
2016-08-03,-43.63,Aquifer_Doganella
2016-08-04,-41.46,Aquifer_Doganella
2016-08-05,-42.87,Aquifer_Doganella
2016-08-06,-51.61,Aquifer_Doganella
2016-08-07,-53.75,Aquifer_Doganella
2016-08-08,-54.94,Aquifer_Doganella
2016-08-09,-55.89,Aquifer_Doganella
2016-08-12,-33.45,Aquifer_Doganella
2016-09-01,-42.39,Aquifer_Doganella
2016-09-02,-44.28,Aquifer_Doganella
2016-09-03,-43.52,Aquifer_Doganella
2016-09-04,-41.46,Aquifer_Doganella
2016-09-05,-42.91,Aquifer_Doganella
2016-09-06,-51.61,Aquifer_Doganella
2016-09-07,-53.76,Aquifer_Doganella
2016-09-08,-54.94,Aquifer_Doganella
2016-09-09,-55.89,Aquifer_Doganella
2016-09-12,-33.45,Aquifer_Doganella
2016-10-01,-43.32,Aquifer_Doganella
2016-10-02,-44.3,Aquifer_Doganella
2016-10-03,-43.23,Aquifer_Doganella
2016-10-04,-41.46,Aquifer_Doganella
2016-10-05,-42.92,Aquifer_Doganella
2016-10-06,-51.62,Aquifer_Doganella
2016-10-07,-53.81,Aquifer_Doganella
2016-10-08,-54.94,Aquifer_Doganella
2016-10-09,-55.92,Aquifer_Doganella
2016-10-12,-33.45,Aquifer_Doganella
2016-11-01,-43.51,Aquifer_Doganella
2016-11-02,-44.32,Aquifer_Doganella
2016-11-03,-43.11,Aquifer_Doganella
2016-11-04,-41.5,Aquifer_Doganella
2016-11-05,-42.92,Aquifer_Doganella
2016-11-06,-51.62,Aquifer_Doganella
2016-11-07,-53.84,Aquifer_Doganella
2016-11-08,-54.97,Aquifer_Doganella
2016-11-09,-56.12,Aquifer_Doganella
2016-11-12,-33.45,Aquifer_Doganella
2016-12-01,-43.51,Aquifer_Doganella
2016-12-02,-44.33,Aquifer_Doganella
2016-12-03,-42.97,Aquifer_Doganella
2016-12-04,-42.0,Aquifer_Doganella
2016-12-05,-42.92,Aquifer_Doganella
2016-12-06,-51.62,Aquifer_Doganella
2016-12-07,-53.98,Aquifer_Doganella
2016-12-08,-54.98,Aquifer_Doganella
2016-12-09,-56.13,Aquifer_Doganella
2016-12-12,-33.45,Aquifer_Doganella
2017-01-01,-34.03,Aquifer_Doganella
2017-01-02,-33.41,Aquifer_Doganella
2017-01-03,-33.26,Aquifer_Doganella
2017-01-04,-33.16,Aquifer_Doganella
2017-01-05,-33.36,Aquifer_Doganella
2017-01-06,-33.37,Aquifer_Doganella
2017-01-08,-34.02,Aquifer_Doganella
2017-01-09,-35.01,Aquifer_Doganella
2017-01-10,-35.89,Aquifer_Doganella
2017-01-11,-36.6,Aquifer_Doganella
2017-02-01,-33.95,Aquifer_Doganella
2017-02-02,-33.41,Aquifer_Doganella
2017-02-03,-33.25,Aquifer_Doganella
2017-02-04,-33.16,Aquifer_Doganella
2017-02-05,-33.36,Aquifer_Doganella
2017-02-08,-34.02,Aquifer_Doganella
2017-02-09,-35.01,Aquifer_Doganella
2017-02-10,-35.89,Aquifer_Doganella
2017-03-01,-33.87,Aquifer_Doganella
2017-03-02,-33.41,Aquifer_Doganella
2017-03-03,-33.22,Aquifer_Doganella
2017-03-04,-33.16,Aquifer_Doganella
2017-03-05,-33.36,Aquifer_Doganella
2017-03-08,-34.02,Aquifer_Doganella
2017-03-09,-34.9,Aquifer_Doganella
2017-03-10,-35.89,Aquifer_Doganella
2017-04-01,-33.79,Aquifer_Doganella
2017-04-02,-33.41,Aquifer_Doganella
2017-04-03,-33.22,Aquifer_Doganella
2017-04-04,-33.16,Aquifer_Doganella
2017-04-05,-33.36,Aquifer_Doganella
2017-04-08,-35.85,Aquifer_Doganella
2017-04-09,-34.9,Aquifer_Doganella
2017-04-10,-35.89,Aquifer_Doganella
2017-05-01,-33.79,Aquifer_Doganella
2017-05-02,-33.41,Aquifer_Doganella
2017-05-03,-33.22,Aquifer_Doganella
2017-05-04,-33.16,Aquifer_Doganella
2017-05-05,-33.28,Aquifer_Doganella
2017-05-06,-39.2,Aquifer_Doganella
2017-05-09,-34.9,Aquifer_Doganella
2017-05-10,-35.89,Aquifer_Doganella
2017-06-01,-33.79,Aquifer_Doganella
2017-06-02,-33.41,Aquifer_Doganella
2017-06-03,-33.22,Aquifer_Doganella
2017-06-04,-33.16,Aquifer_Doganella
2017-06-05,-33.28,Aquifer_Doganella
2017-06-06,-39.2,Aquifer_Doganella
2017-06-09,-34.9,Aquifer_Doganella
2017-06-10,-35.89,Aquifer_Doganella
2017-07-01,-33.79,Aquifer_Doganella
2017-07-02,-33.41,Aquifer_Doganella
2017-07-03,-33.22,Aquifer_Doganella
2017-07-04,-33.16,Aquifer_Doganella
2017-07-05,-33.28,Aquifer_Doganella
2017-07-06,-39.2,Aquifer_Doganella
2017-07-09,-34.91,Aquifer_Doganella
2017-07-10,-36.11,Aquifer_Doganella
2017-08-01,-33.79,Aquifer_Doganella
2017-08-02,-33.41,Aquifer_Doganella
2017-08-03,-33.22,Aquifer_Doganella
2017-08-04,-33.16,Aquifer_Doganella
2017-08-05,-33.28,Aquifer_Doganella
2017-08-09,-35.22,Aquifer_Doganella
2017-08-10,-36.61,Aquifer_Doganella
2017-09-01,-33.79,Aquifer_Doganella
2017-09-02,-33.41,Aquifer_Doganella
2017-09-03,-33.25,Aquifer_Doganella
2017-09-04,-33.16,Aquifer_Doganella
2017-09-05,-33.28,Aquifer_Doganella
2017-09-09,-35.22,Aquifer_Doganella
2017-09-10,-37.08,Aquifer_Doganella
2017-10-01,-33.79,Aquifer_Doganella
2017-10-03,-33.25,Aquifer_Doganella
2017-10-04,-33.16,Aquifer_Doganella
2017-10-05,-33.28,Aquifer_Doganella
2017-10-09,-35.22,Aquifer_Doganella
2017-10-10,-37.08,Aquifer_Doganella
2017-11-03,-33.25,Aquifer_Doganella
2017-11-04,-33.16,Aquifer_Doganella
2017-11-05,-33.28,Aquifer_Doganella
2017-11-10,-37.08,Aquifer_Doganella
2017-12-03,-33.25,Aquifer_Doganella
2017-12-04,-33.11,Aquifer_Doganella
2017-12-05,-33.28,Aquifer_Doganella
2017-12-10,-36.54,Aquifer_Doganella
2018-01-04,-29.54,Aquifer_Doganella
2018-01-05,-27.86,Aquifer_Doganella
2018-01-06,-33.78,Aquifer_Doganella
2018-01-07,-45.61,Aquifer_Doganella
2018-01-08,-52.47,Aquifer_Doganella
2018-01-09,-43.83,Aquifer_Doganella
2018-01-10,-46.35,Aquifer_Doganella
2018-01-11,-48.35,Aquifer_Doganella
2018-01-12,-44.44,Aquifer_Doganella
2018-02-04,-29.41,Aquifer_Doganella
2018-02-05,-28.08,Aquifer_Doganella
2018-02-06,-33.87,Aquifer_Doganella
2018-02-07,-46.43,Aquifer_Doganella
2018-02-08,-52.47,Aquifer_Doganella
2018-02-09,-44.43,Aquifer_Doganella
2018-02-10,-46.62,Aquifer_Doganella
2018-02-11,-48.35,Aquifer_Doganella
2018-02-12,-44.44,Aquifer_Doganella
2018-03-04,-29.28,Aquifer_Doganella
2018-03-05,-28.08,Aquifer_Doganella
2018-03-06,-34.09,Aquifer_Doganella
2018-03-07,-46.63,Aquifer_Doganella
2018-03-08,-53.59,Aquifer_Doganella
2018-03-09,-44.45,Aquifer_Doganella
2018-03-10,-46.62,Aquifer_Doganella
2018-03-11,-48.35,Aquifer_Doganella
2018-03-12,-44.44,Aquifer_Doganella
2018-04-02,-34.72,Aquifer_Doganella
2018-04-04,-29.18,Aquifer_Doganella
2018-04-05,-28.02,Aquifer_Doganella
2018-04-06,-35.25,Aquifer_Doganella
2018-04-07,-47.23,Aquifer_Doganella
2018-04-08,-53.7,Aquifer_Doganella
2018-04-09,-44.57,Aquifer_Doganella
2018-04-10,-46.62,Aquifer_Doganella
2018-04-11,-48.01,Aquifer_Doganella
2018-04-12,-47.41,Aquifer_Doganella
2018-05-02,-34.58,Aquifer_Doganella
2018-05-04,-29.09,Aquifer_Doganella
2018-05-05,-28.08,Aquifer_Doganella
2018-05-06,-35.8,Aquifer_Doganella
2018-05-07,-47.45,Aquifer_Doganella
2018-05-08,-53.59,Aquifer_Doganella
2018-05-09,-44.72,Aquifer_Doganella
2018-05-10,-46.62,Aquifer_Doganella
2018-05-11,-48.01,Aquifer_Doganella
2018-05-12,-52.33,Aquifer_Doganella
2018-06-02,-34.42,Aquifer_Doganella
2018-06-04,-29.03,Aquifer_Doganella
2018-06-05,-29.36,Aquifer_Doganella
2018-06-06,-36.76,Aquifer_Doganella
2018-06-07,-47.96,Aquifer_Doganella
2018-06-08,-46.46,Aquifer_Doganella
2018-06-09,-44.82,Aquifer_Doganella
2018-06-10,-46.62,Aquifer_Doganella
2018-06-11,-48.01,Aquifer_Doganella
2018-06-12,-52.33,Aquifer_Doganella
2018-07-02,-34.36,Aquifer_Doganella
2018-07-04,-29.0,Aquifer_Doganella
2018-07-05,-29.56,Aquifer_Doganella
2018-07-06,-37.17,Aquifer_Doganella
2018-07-07,-48.17,Aquifer_Doganella
2018-07-08,-46.83,Aquifer_Doganella
2018-07-09,-44.87,Aquifer_Doganella
2018-07-10,-46.82,Aquifer_Doganella
2018-07-11,-47.58,Aquifer_Doganella
2018-07-12,-52.33,Aquifer_Doganella
2018-08-02,-34.06,Aquifer_Doganella
2018-08-04,-28.93,Aquifer_Doganella
2018-08-05,-29.56,Aquifer_Doganella
2018-08-06,-37.3,Aquifer_Doganella
2018-08-07,-48.49,Aquifer_Doganella
2018-08-08,-46.83,Aquifer_Doganella
2018-08-09,-44.93,Aquifer_Doganella
2018-08-10,-46.95,Aquifer_Doganella
2018-08-11,-47.34,Aquifer_Doganella
2018-08-12,-48.01,Aquifer_Doganella
2018-09-02,-33.86,Aquifer_Doganella
2018-09-04,-28.33,Aquifer_Doganella
2018-09-05,-29.56,Aquifer_Doganella
2018-09-06,-38.01,Aquifer_Doganella
2018-09-07,-48.69,Aquifer_Doganella
2018-09-08,-46.46,Aquifer_Doganella
2018-09-09,-44.93,Aquifer_Doganella
2018-09-10,-46.95,Aquifer_Doganella
2018-09-11,-47.24,Aquifer_Doganella
2018-09-12,-47.66,Aquifer_Doganella
2018-10-02,-33.7,Aquifer_Doganella
2018-10-04,-28.33,Aquifer_Doganella
2018-10-05,-29.6,Aquifer_Doganella
2018-10-06,-38.34,Aquifer_Doganella
2018-10-07,-48.91,Aquifer_Doganella
2018-10-08,-46.83,Aquifer_Doganella
2018-10-09,-44.96,Aquifer_Doganella
2018-10-10,-46.99,Aquifer_Doganella
2018-10-11,-47.24,Aquifer_Doganella
2018-10-12,-47.57,Aquifer_Doganella
2018-11-01,-38.39,Aquifer_Doganella
2018-11-02,-33.59,Aquifer_Doganella
2018-11-03,-36.01,Aquifer_Doganella
2018-11-04,-28.33,Aquifer_Doganella
2018-11-05,-29.6,Aquifer_Doganella
2018-11-06,-38.86,Aquifer_Doganella
2018-11-07,-49.27,Aquifer_Doganella
2018-11-08,-47.06,Aquifer_Doganella
2018-11-09,-45.12,Aquifer_Doganella
2018-11-10,-46.99,Aquifer_Doganella
2018-11-11,-47.2,Aquifer_Doganella
2018-11-12,-47.42,Aquifer_Doganella
2018-12-01,-34.85,Aquifer_Doganella
2018-12-02,-33.5,Aquifer_Doganella
2018-12-03,-32.36,Aquifer_Doganella
2018-12-04,-28.61,Aquifer_Doganella
2018-12-05,-30.03,Aquifer_Doganella
2018-12-06,-39.37,Aquifer_Doganella
2018-12-07,-49.27,Aquifer_Doganella
2018-12-08,-47.1,Aquifer_Doganella
2018-12-09,-45.18,Aquifer_Doganella
2018-12-10,-46.99,Aquifer_Doganella
2018-12-11,-47.2,Aquifer_Doganella
2018-12-12,-47.38,Aquifer_Doganella
2019-01-01,-37.36,Aquifer_Doganella
2019-01-02,-35.94,Aquifer_Doganella
2019-01-03,-36.46,Aquifer_Doganella
2019-01-04,-39.28,Aquifer_Doganella
2019-01-05,-43.99,Aquifer_Doganella
2019-01-06,-44.37,Aquifer_Doganella
2019-01-07,-43.41,Aquifer_Doganella
2019-01-08,-51.85,Aquifer_Doganella
2019-01-09,-47.24,Aquifer_Doganella
2019-01-10,-49.55,Aquifer_Doganella
2019-01-11,-52.06,Aquifer_Doganella
2019-01-12,-51.49,Aquifer_Doganella
2019-02-01,-37.36,Aquifer_Doganella
2019-02-02,-35.74,Aquifer_Doganella
2019-02-03,-36.72,Aquifer_Doganella
2019-02-04,-39.43,Aquifer_Doganella
2019-02-05,-43.99,Aquifer_Doganella
2019-02-06,-44.37,Aquifer_Doganella
2019-02-07,-43.98,Aquifer_Doganella
2019-02-08,-52.1,Aquifer_Doganella
2019-02-09,-47.24,Aquifer_Doganella
2019-02-10,-49.55,Aquifer_Doganella
2019-02-11,-52.36,Aquifer_Doganella
2019-02-12,-50.98,Aquifer_Doganella
2019-03-01,-37.36,Aquifer_Doganella
2019-03-02,-34.43,Aquifer_Doganella
2019-03-03,-36.72,Aquifer_Doganella
2019-03-04,-39.59,Aquifer_Doganella
2019-03-05,-43.99,Aquifer_Doganella
2019-03-06,-44.37,Aquifer_Doganella
2019-03-07,-44.27,Aquifer_Doganella
2019-03-08,-52.25,Aquifer_Doganella
2019-03-09,-47.44,Aquifer_Doganella
2019-03-11,-52.36,Aquifer_Doganella
2019-03-12,-50.98,Aquifer_Doganella
2019-04-01,-37.19,Aquifer_Doganella
2019-04-02,-34.21,Aquifer_Doganella
2019-04-03,-36.72,Aquifer_Doganella
2019-04-04,-39.72,Aquifer_Doganella
2019-04-05,-43.99,Aquifer_Doganella
2019-04-06,-43.29,Aquifer_Doganella
2019-04-07,-44.59,Aquifer_Doganella
2019-04-08,-52.25,Aquifer_Doganella
2019-04-09,-47.5,Aquifer_Doganella
2019-04-11,-52.39,Aquifer_Doganella
2019-04-12,-50.98,Aquifer_Doganella
2019-05-01,-37.19,Aquifer_Doganella
2019-05-02,-33.71,Aquifer_Doganella
2019-05-03,-36.72,Aquifer_Doganella
2019-05-04,-39.72,Aquifer_Doganella
2019-05-05,-43.99,Aquifer_Doganella
2019-05-06,-43.29,Aquifer_Doganella
2019-05-07,-44.87,Aquifer_Doganella
2019-05-08,-52.25,Aquifer_Doganella
2019-05-09,-47.59,Aquifer_Doganella
2019-05-11,-52.39,Aquifer_Doganella
2019-05-12,-50.98,Aquifer_Doganella
2019-06-01,-37.19,Aquifer_Doganella
2019-06-02,-33.39,Aquifer_Doganella
2019-06-03,-36.69,Aquifer_Doganella
2019-06-04,-39.72,Aquifer_Doganella
2019-06-05,-43.99,Aquifer_Doganella
2019-06-06,-43.29,Aquifer_Doganella
2019-06-07,-45.16,Aquifer_Doganella
2019-06-08,-52.25,Aquifer_Doganella
2019-06-09,-47.68,Aquifer_Doganella
2019-06-11,-52.39,Aquifer_Doganella
2019-06-12,-50.76,Aquifer_Doganella
2019-07-01,-37.19,Aquifer_Doganella
2019-07-02,-32.82,Aquifer_Doganella
2019-07-03,-36.69,Aquifer_Doganella
2019-07-04,-39.72,Aquifer_Doganella
2019-07-05,-43.99,Aquifer_Doganella
2019-07-06,-43.29,Aquifer_Doganella
2019-07-07,-45.45,Aquifer_Doganella
2019-07-08,-52.38,Aquifer_Doganella
2019-07-09,-47.83,Aquifer_Doganella
2019-07-11,-52.39,Aquifer_Doganella
2019-07-12,-50.43,Aquifer_Doganella
2019-08-01,-36.88,Aquifer_Doganella
2019-08-02,-31.09,Aquifer_Doganella
2019-08-03,-36.69,Aquifer_Doganella
2019-08-04,-39.72,Aquifer_Doganella
2019-08-05,-44.08,Aquifer_Doganella
2019-08-06,-43.29,Aquifer_Doganella
2019-08-07,-45.51,Aquifer_Doganella
2019-08-08,-52.43,Aquifer_Doganella
2019-08-09,-48.08,Aquifer_Doganella
2019-08-11,-52.45,Aquifer_Doganella
2019-08-12,-50.29,Aquifer_Doganella
2019-09-01,-37.65,Aquifer_Doganella
2019-09-02,-31.09,Aquifer_Doganella
2019-09-03,-36.69,Aquifer_Doganella
2019-09-04,-40.44,Aquifer_Doganella
2019-09-05,-44.08,Aquifer_Doganella
2019-09-06,-43.14,Aquifer_Doganella
2019-09-07,-45.7,Aquifer_Doganella
2019-09-08,-53.01,Aquifer_Doganella
2019-09-09,-48.18,Aquifer_Doganella
2019-09-11,-52.45,Aquifer_Doganella
2019-09-12,-50.22,Aquifer_Doganella
2019-10-01,-37.65,Aquifer_Doganella
2019-10-02,-31.09,Aquifer_Doganella
2019-10-03,-36.69,Aquifer_Doganella
2019-10-04,-40.69,Aquifer_Doganella
2019-10-05,-44.08,Aquifer_Doganella
2019-10-06,-42.87,Aquifer_Doganella
2019-10-07,-46.49,Aquifer_Doganella
2019-10-08,-53.12,Aquifer_Doganella
2019-10-09,-48.18,Aquifer_Doganella
2019-10-11,-52.45,Aquifer_Doganella
2019-10-12,-50.22,Aquifer_Doganella
2019-11-01,-37.65,Aquifer_Doganella
2019-11-02,-31.09,Aquifer_Doganella
2019-11-03,-36.69,Aquifer_Doganella
2019-11-04,-40.73,Aquifer_Doganella
2019-11-05,-44.76,Aquifer_Doganella
2019-11-06,-42.68,Aquifer_Doganella
2019-11-07,-46.84,Aquifer_Doganella
2019-11-08,-53.23,Aquifer_Doganella
2019-11-09,-48.18,Aquifer_Doganella
2019-11-11,-52.46,Aquifer_Doganella
2019-11-12,-50.22,Aquifer_Doganella
2019-12-01,-37.65,Aquifer_Doganella
2019-12-02,-32.22,Aquifer_Doganella
2019-12-03,-36.69,Aquifer_Doganella
2019-12-04,-41.24,Aquifer_Doganella
2019-12-05,-45.38,Aquifer_Doganella
2019-12-06,-42.59,Aquifer_Doganella
2019-12-07,-46.99,Aquifer_Doganella
2019-12-08,-53.35,Aquifer_Doganella
2019-12-09,-48.41,Aquifer_Doganella
2019-12-11,-52.51,Aquifer_Doganella
2019-12-12,-52.66,Aquifer_Doganella
2020-01-01,-38.68,Aquifer_Doganella
2020-01-02,-39.8,Aquifer_Doganella
2020-01-03,-47.13,Aquifer_Doganella
2020-01-04,-45.59,Aquifer_Doganella
2020-01-05,-46.35,Aquifer_Doganella
2020-01-06,-50.37,Aquifer_Doganella
2020-02-01,-37.92,Aquifer_Doganella
2020-02-02,-40.05,Aquifer_Doganella
2020-02-03,-47.14,Aquifer_Doganella
2020-02-04,-45.55,Aquifer_Doganella
2020-02-05,-46.0,Aquifer_Doganella
2020-02-06,-50.37,Aquifer_Doganella
2020-03-01,-37.16,Aquifer_Doganella
2020-03-02,-40.05,Aquifer_Doganella
2020-03-03,-47.14,Aquifer_Doganella
2020-03-04,-45.55,Aquifer_Doganella
2020-03-05,-46.0,Aquifer_Doganella
2020-03-06,-50.4,Aquifer_Doganella
2020-04-01,-36.48,Aquifer_Doganella
2020-04-02,-40.05,Aquifer_Doganella
2020-04-03,-47.52,Aquifer_Doganella
2020-04-04,-45.04,Aquifer_Doganella
2020-04-05,-46.0,Aquifer_Doganella
2020-04-06,-50.47,Aquifer_Doganella
2020-05-01,-35.99,Aquifer_Doganella
2020-05-02,-40.58,Aquifer_Doganella
2020-05-03,-47.52,Aquifer_Doganella
2020-05-04,-45.04,Aquifer_Doganella
2020-05-05,-46.47,Aquifer_Doganella
2020-05-06,-51.05,Aquifer_Doganella
2020-06-01,-35.99,Aquifer_Doganella
2020-06-02,-40.58,Aquifer_Doganella
2020-06-03,-47.52,Aquifer_Doganella
2020-06-04,-45.04,Aquifer_Doganella
2020-06-05,-46.83,Aquifer_Doganella
2020-06-06,-51.05,Aquifer_Doganella
2020-07-01,-35.99,Aquifer_Doganella
2020-07-02,-41.59,Aquifer_Doganella
2020-07-03,-47.6,Aquifer_Doganella
2020-07-04,-45.04,Aquifer_Doganella
2020-07-05,-47.33,Aquifer_Doganella
2020-07-06,-51.55,Aquifer_Doganella
2020-08-01,-35.49,Aquifer_Doganella
2020-08-02,-41.59,Aquifer_Doganella
2020-08-03,-47.6,Aquifer_Doganella
2020-08-04,-45.04,Aquifer_Doganella
2020-08-05,-47.83,Aquifer_Doganella
2020-08-06,-59.5,Aquifer_Doganella
2020-09-01,-35.49,Aquifer_Doganella
2020-09-02,-41.59,Aquifer_Doganella
2020-09-03,-47.66,Aquifer_Doganella
2020-09-05,-47.83,Aquifer_Doganella
2020-09-06,-52.04,Aquifer_Doganella
2020-10-01,-35.49,Aquifer_Doganella
2020-10-02,-41.85,Aquifer_Doganella
2020-10-03,-47.66,Aquifer_Doganella
2020-10-05,-47.83,Aquifer_Doganella
2020-10-06,-52.04,Aquifer_Doganella
2020-11-01,-34.98,Aquifer_Doganella
2020-11-02,-41.83,Aquifer_Doganella
2020-11-03,-47.66,Aquifer_Doganella
2020-11-05,-47.87,Aquifer_Doganella
2020-11-06,-52.04,Aquifer_Doganella
2020-12-01,-34.98,Aquifer_Doganella
2020-12-02,-41.83,Aquifer_Doganella
2020-12-03,-47.42,Aquifer_Doganella
2020-12-05,-48.1,Aquifer_Doganella
2020-12-06,-48.37,Aquifer_Doganella
2008-01-03,-8.6,Aquifer_Luco
2008-01-04,-8.6,Aquifer_Luco
2008-01-05,-8.7,Aquifer_Luco
2008-01-06,-8.9,Aquifer_Luco
2008-01-07,-9.0,Aquifer_Luco
2008-01-08,-9.3,Aquifer_Luco
2008-01-09,-9.5,Aquifer_Luco
2008-01-10,-9.5,Aquifer_Luco
2008-01-11,-9.5,Aquifer_Luco
2008-01-12,-9.2,Aquifer_Luco
2008-02-03,-8.6,Aquifer_Luco
2008-02-04,-8.6,Aquifer_Luco
2008-02-05,-8.7,Aquifer_Luco
2008-02-06,-8.9,Aquifer_Luco
2008-02-07,-9.1,Aquifer_Luco
2008-02-08,-9.3,Aquifer_Luco
2008-02-09,-9.5,Aquifer_Luco
2008-02-10,-9.5,Aquifer_Luco
2008-02-11,-9.5,Aquifer_Luco
2008-02-12,-9.2,Aquifer_Luco
2008-03-03,-8.6,Aquifer_Luco
2008-03-04,-8.6,Aquifer_Luco
2008-03-05,-8.7,Aquifer_Luco
2008-03-06,-8.9,Aquifer_Luco
2008-03-07,-9.1,Aquifer_Luco
2008-03-08,-9.4,Aquifer_Luco
2008-03-09,-9.5,Aquifer_Luco
2008-03-10,-9.5,Aquifer_Luco
2008-03-11,-9.4,Aquifer_Luco
2008-03-12,-9.2,Aquifer_Luco
2008-04-03,-8.6,Aquifer_Luco
2008-04-04,-8.6,Aquifer_Luco
2008-04-05,-8.7,Aquifer_Luco
2008-04-06,-8.9,Aquifer_Luco
2008-04-07,-9.1,Aquifer_Luco
2008-04-08,-9.4,Aquifer_Luco
2008-04-09,-9.5,Aquifer_Luco
2008-04-10,-9.5,Aquifer_Luco
2008-04-11,-9.4,Aquifer_Luco
2008-04-12,-9.1,Aquifer_Luco
2008-05-03,-8.6,Aquifer_Luco
2008-05-04,-8.6,Aquifer_Luco
2008-05-05,-8.7,Aquifer_Luco
2008-05-06,-8.9,Aquifer_Luco
2008-05-07,-9.1,Aquifer_Luco
2008-05-08,-9.4,Aquifer_Luco
2008-05-09,-9.5,Aquifer_Luco
2008-05-10,-9.5,Aquifer_Luco
2008-05-11,-9.4,Aquifer_Luco
2008-05-12,-9.1,Aquifer_Luco
2008-06-03,-8.7,Aquifer_Luco
2008-06-04,-8.6,Aquifer_Luco
2008-06-05,-8.8,Aquifer_Luco
2008-06-06,-8.9,Aquifer_Luco
2008-06-07,-9.1,Aquifer_Luco
2008-06-08,-9.4,Aquifer_Luco
2008-06-09,-9.5,Aquifer_Luco
2008-06-10,-9.5,Aquifer_Luco
2008-06-11,-9.4,Aquifer_Luco
2008-06-12,-9.1,Aquifer_Luco
2008-07-03,-8.7,Aquifer_Luco
2008-07-04,-8.6,Aquifer_Luco
2008-07-05,-8.8,Aquifer_Luco
2008-07-06,-8.9,Aquifer_Luco
2008-07-07,-9.1,Aquifer_Luco
2008-07-08,-9.4,Aquifer_Luco
2008-07-09,-9.5,Aquifer_Luco
2008-07-10,-9.5,Aquifer_Luco
2008-07-11,-9.4,Aquifer_Luco
2008-07-12,-9.1,Aquifer_Luco
2008-08-03,-8.7,Aquifer_Luco
2008-08-04,-8.6,Aquifer_Luco
2008-08-05,-8.8,Aquifer_Luco
2008-08-06,-8.9,Aquifer_Luco
2008-08-07,-9.2,Aquifer_Luco
2008-08-08,-9.4,Aquifer_Luco
2008-08-09,-9.6,Aquifer_Luco
2008-08-10,-9.5,Aquifer_Luco
2008-08-11,-9.4,Aquifer_Luco
2008-08-12,-9.1,Aquifer_Luco
2008-09-03,-8.7,Aquifer_Luco
2008-09-04,-8.7,Aquifer_Luco
2008-09-05,-8.8,Aquifer_Luco
2008-09-06,-8.9,Aquifer_Luco
2008-09-07,-9.1,Aquifer_Luco
2008-09-08,-9.4,Aquifer_Luco
2008-09-09,-9.6,Aquifer_Luco
2008-09-10,-9.5,Aquifer_Luco
2008-09-11,-9.4,Aquifer_Luco
2008-09-12,-9.1,Aquifer_Luco
2008-10-03,-8.6,Aquifer_Luco
2008-10-04,-8.7,Aquifer_Luco
2008-10-05,-8.8,Aquifer_Luco
2008-10-06,-8.9,Aquifer_Luco
2008-10-07,-9.2,Aquifer_Luco
2008-10-08,-9.4,Aquifer_Luco
2008-10-09,-9.6,Aquifer_Luco
2008-10-10,-9.6,Aquifer_Luco
2008-10-11,-9.4,Aquifer_Luco
2008-10-12,-9.1,Aquifer_Luco
2008-11-03,-8.6,Aquifer_Luco
2008-11-04,-8.7,Aquifer_Luco
2008-11-05,-8.8,Aquifer_Luco
2008-11-06,-8.9,Aquifer_Luco
2008-11-07,-9.2,Aquifer_Luco
2008-11-08,-9.4,Aquifer_Luco
2008-11-09,-9.6,Aquifer_Luco
2008-11-10,-9.6,Aquifer_Luco
2008-11-11,-9.4,Aquifer_Luco
2008-11-12,-9.0,Aquifer_Luco
2008-12-03,-8.6,Aquifer_Luco
2008-12-04,-8.7,Aquifer_Luco
2008-12-05,-8.8,Aquifer_Luco
2008-12-06,-8.9,Aquifer_Luco
2008-12-07,-9.2,Aquifer_Luco
2008-12-08,-9.4,Aquifer_Luco
2008-12-09,-9.6,Aquifer_Luco
2008-12-10,-9.6,Aquifer_Luco
2008-12-11,-9.4,Aquifer_Luco
2008-12-12,-9.0,Aquifer_Luco
2009-01-01,-8.6,Aquifer_Luco
2009-01-02,-8.5,Aquifer_Luco
2009-01-03,-8.1,Aquifer_Luco
2009-01-04,-7.7,Aquifer_Luco
2009-01-05,-7.6,Aquifer_Luco
2009-01-06,-7.6,Aquifer_Luco
2009-01-07,-7.6,Aquifer_Luco
2009-01-08,-7.7,Aquifer_Luco
2009-01-09,-7.8,Aquifer_Luco
2009-01-10,-7.8,Aquifer_Luco
2009-01-11,-7.9,Aquifer_Luco
2009-01-12,-7.9,Aquifer_Luco
2009-02-01,-8.6,Aquifer_Luco
2009-02-02,-8.5,Aquifer_Luco
2009-02-03,-8.1,Aquifer_Luco
2009-02-04,-7.7,Aquifer_Luco
2009-02-05,-7.6,Aquifer_Luco
2009-02-06,-7.6,Aquifer_Luco
2009-02-07,-7.6,Aquifer_Luco
2009-02-08,-7.7,Aquifer_Luco
2009-02-09,-7.9,Aquifer_Luco
2009-02-10,-7.8,Aquifer_Luco
2009-02-11,-7.9,Aquifer_Luco
2009-02-12,-7.9,Aquifer_Luco
2009-03-01,-8.6,Aquifer_Luco
2009-03-02,-8.4,Aquifer_Luco
2009-03-03,-8.1,Aquifer_Luco
2009-03-04,-7.7,Aquifer_Luco
2009-03-05,-7.6,Aquifer_Luco
2009-03-06,-7.6,Aquifer_Luco
2009-03-07,-7.5,Aquifer_Luco
2009-03-08,-7.7,Aquifer_Luco
2009-03-09,-7.9,Aquifer_Luco
2009-03-10,-7.9,Aquifer_Luco
2009-03-11,-7.8,Aquifer_Luco
2009-03-12,-7.9,Aquifer_Luco
2009-04-01,-8.6,Aquifer_Luco
2009-04-02,-8.4,Aquifer_Luco
2009-04-03,-8.1,Aquifer_Luco
2009-04-04,-7.7,Aquifer_Luco
2009-04-05,-7.6,Aquifer_Luco
2009-04-06,-7.6,Aquifer_Luco
2009-04-07,-7.5,Aquifer_Luco
2009-04-08,-7.7,Aquifer_Luco
2009-04-09,-7.9,Aquifer_Luco
2009-04-10,-7.9,Aquifer_Luco
2009-04-11,-7.8,Aquifer_Luco
2009-04-12,-7.9,Aquifer_Luco
2009-05-01,-8.6,Aquifer_Luco
2009-05-02,-8.4,Aquifer_Luco
2009-05-03,-8.0,Aquifer_Luco
2009-05-04,-7.7,Aquifer_Luco
2009-05-05,-7.6,Aquifer_Luco
2009-05-06,-7.6,Aquifer_Luco
2009-05-07,-7.5,Aquifer_Luco
2009-05-08,-7.7,Aquifer_Luco
2009-05-09,-7.9,Aquifer_Luco
2009-05-10,-7.8,Aquifer_Luco
2009-05-11,-7.9,Aquifer_Luco
2009-05-12,-7.9,Aquifer_Luco
2009-06-01,-8.6,Aquifer_Luco
2009-06-02,-8.4,Aquifer_Luco
2009-06-03,-8.0,Aquifer_Luco
2009-06-04,-7.7,Aquifer_Luco
2009-06-05,-7.6,Aquifer_Luco
2009-06-06,-7.6,Aquifer_Luco
2009-06-07,-7.5,Aquifer_Luco
2009-06-08,-7.7,Aquifer_Luco
2009-06-09,-7.9,Aquifer_Luco
2009-06-10,-7.9,Aquifer_Luco
2009-06-11,-7.9,Aquifer_Luco
2009-06-12,-7.9,Aquifer_Luco
2009-07-01,-8.6,Aquifer_Luco
2009-07-02,-8.3,Aquifer_Luco
2009-07-03,-8.0,Aquifer_Luco
2009-07-04,-7.7,Aquifer_Luco
2009-07-05,-7.6,Aquifer_Luco
2009-07-06,-7.5,Aquifer_Luco
2009-07-07,-7.5,Aquifer_Luco
2009-07-08,-7.7,Aquifer_Luco
2009-07-09,-7.9,Aquifer_Luco
2009-07-10,-7.9,Aquifer_Luco
2009-07-11,-7.9,Aquifer_Luco
2009-07-12,-7.9,Aquifer_Luco
2009-08-01,-8.6,Aquifer_Luco
2009-08-02,-8.3,Aquifer_Luco
2009-08-03,-8.0,Aquifer_Luco
2009-08-04,-7.7,Aquifer_Luco
2009-08-05,-7.6,Aquifer_Luco
2009-08-06,-7.5,Aquifer_Luco
2009-08-07,-7.6,Aquifer_Luco
2009-08-08,-7.7,Aquifer_Luco
2009-08-09,-7.9,Aquifer_Luco
2009-08-10,-7.9,Aquifer_Luco
2009-08-11,-7.9,Aquifer_Luco
2009-08-12,-7.9,Aquifer_Luco
2009-09-01,-8.6,Aquifer_Luco
2009-09-02,-8.3,Aquifer_Luco
2009-09-03,-7.9,Aquifer_Luco
2009-09-04,-7.7,Aquifer_Luco
2009-09-05,-7.6,Aquifer_Luco
2009-09-06,-7.5,Aquifer_Luco
2009-09-07,-7.6,Aquifer_Luco
2009-09-08,-7.7,Aquifer_Luco
2009-09-09,-7.9,Aquifer_Luco
2009-09-10,-7.9,Aquifer_Luco
2009-09-11,-7.9,Aquifer_Luco
2009-09-12,-7.9,Aquifer_Luco
2009-10-01,-8.6,Aquifer_Luco
2009-10-02,-8.3,Aquifer_Luco
2009-10-03,-7.9,Aquifer_Luco
2009-10-04,-7.7,Aquifer_Luco
2009-10-05,-7.6,Aquifer_Luco
2009-10-06,-7.6,Aquifer_Luco
2009-10-07,-7.6,Aquifer_Luco
2009-10-08,-7.7,Aquifer_Luco
2009-10-09,-7.9,Aquifer_Luco
2009-10-10,-7.8,Aquifer_Luco
2009-10-11,-7.9,Aquifer_Luco
2009-10-12,-7.9,Aquifer_Luco
2009-11-01,-8.6,Aquifer_Luco
2009-11-02,-8.3,Aquifer_Luco
2009-11-03,-7.9,Aquifer_Luco
2009-11-04,-7.7,Aquifer_Luco
2009-11-05,-7.6,Aquifer_Luco
2009-11-06,-7.6,Aquifer_Luco
2009-11-07,-7.6,Aquifer_Luco
2009-11-08,-7.7,Aquifer_Luco
2009-11-09,-7.9,Aquifer_Luco
2009-11-10,-7.8,Aquifer_Luco
2009-11-11,-7.9,Aquifer_Luco
2009-11-12,-7.9,Aquifer_Luco
2009-12-01,-8.6,Aquifer_Luco
2009-12-02,-8.2,Aquifer_Luco
2009-12-03,-7.9,Aquifer_Luco
2009-12-04,-7.6,Aquifer_Luco
2009-12-05,-7.6,Aquifer_Luco
2009-12-06,-7.6,Aquifer_Luco
2009-12-07,-7.6,Aquifer_Luco
2009-12-08,-7.7,Aquifer_Luco
2009-12-09,-7.9,Aquifer_Luco
2009-12-10,-7.9,Aquifer_Luco
2009-12-11,-7.9,Aquifer_Luco
2009-12-12,-7.9,Aquifer_Luco
2010-01-01,-7.8,Aquifer_Luco
2010-01-02,-7.6,Aquifer_Luco
2010-01-03,-7.4,Aquifer_Luco
2010-01-04,-7.1,Aquifer_Luco
2010-01-05,-7.0,Aquifer_Luco
2010-01-06,-6.7,Aquifer_Luco
2010-01-07,-6.6,Aquifer_Luco
2010-01-08,-6.7,Aquifer_Luco
2010-01-09,-6.7,Aquifer_Luco
2010-01-10,-6.8,Aquifer_Luco
2010-01-11,-6.7,Aquifer_Luco
2010-01-12,-6.5,Aquifer_Luco
2010-02-01,-7.8,Aquifer_Luco
2010-02-02,-7.6,Aquifer_Luco
2010-02-03,-7.4,Aquifer_Luco
2010-02-04,-7.1,Aquifer_Luco
2010-02-05,-7.0,Aquifer_Luco
2010-02-06,-6.6,Aquifer_Luco
2010-02-07,-6.6,Aquifer_Luco
2010-02-08,-6.7,Aquifer_Luco
2010-02-09,-6.7,Aquifer_Luco
2010-02-10,-6.8,Aquifer_Luco
2010-02-11,-6.7,Aquifer_Luco
2010-02-12,-6.5,Aquifer_Luco
2010-03-01,-7.8,Aquifer_Luco
2010-03-02,-7.6,Aquifer_Luco
2010-03-03,-7.4,Aquifer_Luco
2010-03-04,-7.1,Aquifer_Luco
2010-03-05,-7.0,Aquifer_Luco
2010-03-06,-6.6,Aquifer_Luco
2010-03-07,-6.6,Aquifer_Luco
2010-03-08,-6.7,Aquifer_Luco
2010-03-09,-6.7,Aquifer_Luco
2010-03-10,-6.7,Aquifer_Luco
2010-03-11,-6.7,Aquifer_Luco
2010-03-12,-6.5,Aquifer_Luco
2010-04-01,-7.8,Aquifer_Luco
2010-04-02,-7.6,Aquifer_Luco
2010-04-03,-7.3,Aquifer_Luco
2010-04-04,-7.1,Aquifer_Luco
2010-04-05,-6.9,Aquifer_Luco
2010-04-06,-6.6,Aquifer_Luco
2010-04-07,-6.6,Aquifer_Luco
2010-04-08,-6.7,Aquifer_Luco
2010-04-09,-6.8,Aquifer_Luco
2010-04-10,-6.7,Aquifer_Luco
2010-04-11,-6.7,Aquifer_Luco
2010-04-12,-6.4,Aquifer_Luco
2010-05-01,-7.8,Aquifer_Luco
2010-05-02,-7.6,Aquifer_Luco
2010-05-03,-7.3,Aquifer_Luco
2010-05-04,-7.1,Aquifer_Luco
2010-05-05,-6.9,Aquifer_Luco
2010-05-06,-6.6,Aquifer_Luco
2010-05-07,-6.6,Aquifer_Luco
2010-05-08,-6.7,Aquifer_Luco
2010-05-09,-6.7,Aquifer_Luco
2010-05-10,-6.7,Aquifer_Luco
2010-05-11,-6.7,Aquifer_Luco
2010-05-12,-6.4,Aquifer_Luco
2010-06-01,-7.7,Aquifer_Luco
2010-06-02,-7.6,Aquifer_Luco
2010-06-03,-7.3,Aquifer_Luco
2010-06-04,-7.1,Aquifer_Luco
2010-06-05,-6.9,Aquifer_Luco
2010-06-06,-6.6,Aquifer_Luco
2010-06-07,-6.6,Aquifer_Luco
2010-06-08,-6.6,Aquifer_Luco
2010-06-09,-6.7,Aquifer_Luco
2010-06-10,-6.7,Aquifer_Luco
2010-06-11,-6.7,Aquifer_Luco
2010-06-12,-6.4,Aquifer_Luco
2010-07-01,-7.7,Aquifer_Luco
2010-07-02,-7.6,Aquifer_Luco
2010-07-03,-7.3,Aquifer_Luco
2010-07-04,-7.1,Aquifer_Luco
2010-07-05,-6.9,Aquifer_Luco
2010-07-06,-6.6,Aquifer_Luco
2010-07-07,-6.6,Aquifer_Luco
2010-07-08,-6.6,Aquifer_Luco
2010-07-09,-6.7,Aquifer_Luco
2010-07-10,-6.7,Aquifer_Luco
2010-07-11,-6.7,Aquifer_Luco
2010-07-12,-6.4,Aquifer_Luco
2010-08-01,-7.7,Aquifer_Luco
2010-08-02,-7.5,Aquifer_Luco
2010-08-03,-7.3,Aquifer_Luco
2010-08-04,-7.1,Aquifer_Luco
2010-08-05,-6.9,Aquifer_Luco
2010-08-06,-6.6,Aquifer_Luco
2010-08-07,-6.6,Aquifer_Luco
2010-08-08,-6.6,Aquifer_Luco
2010-08-09,-6.7,Aquifer_Luco
2010-08-10,-6.7,Aquifer_Luco
2010-08-11,-6.6,Aquifer_Luco
2010-08-12,-6.4,Aquifer_Luco
2010-09-01,-7.7,Aquifer_Luco
2010-09-02,-7.6,Aquifer_Luco
2010-09-03,-7.3,Aquifer_Luco
2010-09-04,-7.1,Aquifer_Luco
2010-09-05,-6.9,Aquifer_Luco
2010-09-06,-6.7,Aquifer_Luco
2010-09-07,-6.6,Aquifer_Luco
2010-09-08,-6.6,Aquifer_Luco
2010-09-09,-6.7,Aquifer_Luco
2010-09-10,-6.7,Aquifer_Luco
2010-09-11,-6.6,Aquifer_Luco
2010-09-12,-6.4,Aquifer_Luco
2010-10-01,-7.7,Aquifer_Luco
2010-10-02,-7.5,Aquifer_Luco
2010-10-03,-7.3,Aquifer_Luco
2010-10-04,-7.1,Aquifer_Luco
2010-10-05,-6.9,Aquifer_Luco
2010-10-06,-6.6,Aquifer_Luco
2010-10-07,-6.7,Aquifer_Luco
2010-10-08,-6.7,Aquifer_Luco
2010-10-09,-6.7,Aquifer_Luco
2010-10-10,-6.7,Aquifer_Luco
2010-10-11,-6.6,Aquifer_Luco
2010-10-12,-6.5,Aquifer_Luco
2010-11-01,-7.7,Aquifer_Luco
2010-11-02,-7.5,Aquifer_Luco
2010-11-03,-7.3,Aquifer_Luco
2010-11-04,-7.1,Aquifer_Luco
2010-11-05,-6.8,Aquifer_Luco
2010-11-06,-6.6,Aquifer_Luco
2010-11-07,-6.7,Aquifer_Luco
2010-11-08,-6.7,Aquifer_Luco
2010-11-09,-6.7,Aquifer_Luco
2010-11-10,-6.7,Aquifer_Luco
2010-11-11,-6.6,Aquifer_Luco
2010-11-12,-6.5,Aquifer_Luco
2010-12-01,-7.7,Aquifer_Luco
2010-12-02,-7.5,Aquifer_Luco
2010-12-03,-7.3,Aquifer_Luco
2010-12-04,-7.1,Aquifer_Luco
2010-12-05,-6.8,Aquifer_Luco
2010-12-06,-6.6,Aquifer_Luco
2010-12-07,-6.6,Aquifer_Luco
2010-12-08,-6.7,Aquifer_Luco
2010-12-09,-6.7,Aquifer_Luco
2010-12-10,-6.7,Aquifer_Luco
2010-12-11,-6.7,Aquifer_Luco
2010-12-12,-6.4,Aquifer_Luco
2011-01-01,-6.2,Aquifer_Luco
2011-01-03,-5.9,Aquifer_Luco
2011-01-04,-5.7,Aquifer_Luco
2011-01-05,-5.6,Aquifer_Luco
2011-01-06,-6.8,Aquifer_Luco
2011-01-07,-6.9,Aquifer_Luco
2011-01-08,-6.9,Aquifer_Luco
2011-01-09,-7.2,Aquifer_Luco
2011-01-10,-7.4,Aquifer_Luco
2011-01-11,-7.5,Aquifer_Luco
2011-01-12,-7.7,Aquifer_Luco
2011-02-01,-6.2,Aquifer_Luco
2011-02-03,-5.9,Aquifer_Luco
2011-02-04,-5.7,Aquifer_Luco
2011-02-05,-5.6,Aquifer_Luco
2011-02-06,-6.8,Aquifer_Luco
2011-02-07,-6.9,Aquifer_Luco
2011-02-08,-7.0,Aquifer_Luco
2011-02-09,-7.2,Aquifer_Luco
2011-02-10,-7.4,Aquifer_Luco
2011-02-11,-7.5,Aquifer_Luco
2011-02-12,-7.6,Aquifer_Luco
2011-03-01,-6.2,Aquifer_Luco
2011-03-03,-5.9,Aquifer_Luco
2011-03-04,-5.7,Aquifer_Luco
2011-03-05,-5.6,Aquifer_Luco
2011-03-06,-6.7,Aquifer_Luco
2011-03-07,-6.8,Aquifer_Luco
2011-03-08,-7.0,Aquifer_Luco
2011-03-09,-7.2,Aquifer_Luco
2011-03-10,-7.4,Aquifer_Luco
2011-03-11,-7.5,Aquifer_Luco
2011-03-12,-7.6,Aquifer_Luco
2011-04-01,-6.2,Aquifer_Luco
2011-04-03,-5.9,Aquifer_Luco
2011-04-04,-5.7,Aquifer_Luco
2011-04-05,-5.6,Aquifer_Luco
2011-04-06,-6.7,Aquifer_Luco
2011-04-07,-6.8,Aquifer_Luco
2011-04-08,-7.0,Aquifer_Luco
2011-04-09,-7.2,Aquifer_Luco
2011-04-10,-7.5,Aquifer_Luco
2011-04-11,-7.5,Aquifer_Luco
2011-04-12,-7.6,Aquifer_Luco
2011-05-01,-6.2,Aquifer_Luco
2011-05-03,-5.9,Aquifer_Luco
2011-05-04,-5.7,Aquifer_Luco
2011-05-05,-5.6,Aquifer_Luco
2011-05-06,-6.7,Aquifer_Luco
2011-05-07,-6.8,Aquifer_Luco
2011-05-08,-7.0,Aquifer_Luco
2011-05-09,-7.2,Aquifer_Luco
2011-05-10,-7.5,Aquifer_Luco
2011-05-11,-7.5,Aquifer_Luco
2011-05-12,-7.6,Aquifer_Luco
2011-06-01,-6.2,Aquifer_Luco
2011-06-03,-5.9,Aquifer_Luco
2011-06-04,-5.7,Aquifer_Luco
2011-06-05,-5.6,Aquifer_Luco
2011-06-06,-6.7,Aquifer_Luco
2011-06-07,-6.8,Aquifer_Luco
2011-06-08,-7.0,Aquifer_Luco
2011-06-09,-7.2,Aquifer_Luco
2011-06-10,-7.5,Aquifer_Luco
2011-06-11,-7.5,Aquifer_Luco
2011-06-12,-7.6,Aquifer_Luco
2011-07-01,-6.2,Aquifer_Luco
2011-07-03,-5.9,Aquifer_Luco
2011-07-04,-5.7,Aquifer_Luco
2011-07-05,-5.6,Aquifer_Luco
2011-07-06,-6.7,Aquifer_Luco
2011-07-07,-6.9,Aquifer_Luco
2011-07-08,-7.0,Aquifer_Luco
2011-07-09,-7.3,Aquifer_Luco
2011-07-10,-7.5,Aquifer_Luco
2011-07-11,-7.6,Aquifer_Luco
2011-07-12,-7.6,Aquifer_Luco
2011-08-01,-6.2,Aquifer_Luco
2011-08-03,-5.9,Aquifer_Luco
2011-08-04,-5.7,Aquifer_Luco
2011-08-05,-5.6,Aquifer_Luco
2011-08-06,-6.7,Aquifer_Luco
2011-08-07,-6.9,Aquifer_Luco
2011-08-08,-7.0,Aquifer_Luco
2011-08-09,-7.3,Aquifer_Luco
2011-08-10,-7.5,Aquifer_Luco
2011-08-11,-7.6,Aquifer_Luco
2011-08-12,-7.7,Aquifer_Luco
2011-09-01,-6.2,Aquifer_Luco
2011-09-03,-5.9,Aquifer_Luco
2011-09-04,-5.7,Aquifer_Luco
2011-09-05,-5.6,Aquifer_Luco
2011-09-06,-6.7,Aquifer_Luco
2011-09-07,-6.9,Aquifer_Luco
2011-09-08,-7.0,Aquifer_Luco
2011-09-09,-7.3,Aquifer_Luco
2011-09-10,-7.5,Aquifer_Luco
2011-09-11,-7.5,Aquifer_Luco
2011-09-12,-7.6,Aquifer_Luco
2011-10-01,-6.2,Aquifer_Luco
2011-10-03,-5.9,Aquifer_Luco
2011-10-04,-5.7,Aquifer_Luco
2011-10-05,-5.6,Aquifer_Luco
2011-10-06,-6.7,Aquifer_Luco
2011-10-07,-6.9,Aquifer_Luco
2011-10-08,-7.1,Aquifer_Luco
2011-10-09,-7.3,Aquifer_Luco
2011-10-10,-7.5,Aquifer_Luco
2011-10-11,-7.6,Aquifer_Luco
2011-10-12,-7.6,Aquifer_Luco
2011-11-01,-6.2,Aquifer_Luco
2011-11-03,-5.9,Aquifer_Luco
2011-11-04,-5.7,Aquifer_Luco
2011-11-05,-5.6,Aquifer_Luco
2011-11-06,-6.7,Aquifer_Luco
2011-11-07,-6.9,Aquifer_Luco
2011-11-08,-7.1,Aquifer_Luco
2011-11-09,-7.3,Aquifer_Luco
2011-11-10,-7.5,Aquifer_Luco
2011-11-11,-7.6,Aquifer_Luco
2011-11-12,-7.7,Aquifer_Luco
2011-12-01,-6.1,Aquifer_Luco
2011-12-03,-5.9,Aquifer_Luco
2011-12-04,-5.7,Aquifer_Luco
2011-12-05,-5.6,Aquifer_Luco
2011-12-06,-6.7,Aquifer_Luco
2011-12-07,-6.9,Aquifer_Luco
2011-12-08,-7.1,Aquifer_Luco
2011-12-09,-7.3,Aquifer_Luco
2011-12-10,-7.5,Aquifer_Luco
2011-12-11,-7.6,Aquifer_Luco
2011-12-12,-7.6,Aquifer_Luco
2012-01-01,-7.7,Aquifer_Luco
2012-01-03,-7.0,Aquifer_Luco
2012-01-06,-7.4,Aquifer_Luco
2012-01-07,-7.7,Aquifer_Luco
2012-01-09,-8.1,Aquifer_Luco
2012-01-10,-8.2,Aquifer_Luco
2012-01-11,-8.2,Aquifer_Luco
2012-01-12,-8.0,Aquifer_Luco
2012-02-01,-7.7,Aquifer_Luco
2012-02-03,-7.0,Aquifer_Luco
2012-02-06,-7.4,Aquifer_Luco
2012-02-07,-7.7,Aquifer_Luco
2012-02-08,-8.0,Aquifer_Luco
2012-02-09,-8.0,Aquifer_Luco
2012-02-10,-8.2,Aquifer_Luco
2012-02-11,-8.2,Aquifer_Luco
2012-02-12,-8.0,Aquifer_Luco
2012-03-01,-7.7,Aquifer_Luco
2012-03-03,-7.0,Aquifer_Luco
2012-03-06,-7.4,Aquifer_Luco
2012-03-07,-7.8,Aquifer_Luco
2012-03-08,-8.0,Aquifer_Luco
2012-03-09,-8.0,Aquifer_Luco
2012-03-10,-8.2,Aquifer_Luco
2012-03-11,-8.2,Aquifer_Luco
2012-03-12,-8.0,Aquifer_Luco
2012-04-01,-7.7,Aquifer_Luco
2012-04-03,-7.0,Aquifer_Luco
2012-04-06,-7.4,Aquifer_Luco
2012-04-07,-7.8,Aquifer_Luco
2012-04-08,-8.0,Aquifer_Luco
2012-04-09,-8.1,Aquifer_Luco
2012-04-10,-8.2,Aquifer_Luco
2012-04-11,-8.2,Aquifer_Luco
2012-04-12,-8.0,Aquifer_Luco
2012-05-01,-7.7,Aquifer_Luco
2012-05-03,-7.0,Aquifer_Luco
2012-05-06,-7.4,Aquifer_Luco
2012-05-07,-7.8,Aquifer_Luco
2012-05-08,-8.0,Aquifer_Luco
2012-05-09,-8.1,Aquifer_Luco
2012-05-10,-8.2,Aquifer_Luco
2012-05-11,-8.2,Aquifer_Luco
2012-05-12,-8.0,Aquifer_Luco
2012-06-01,-7.7,Aquifer_Luco
2012-06-03,-7.0,Aquifer_Luco
2012-06-06,-7.4,Aquifer_Luco
2012-06-07,-7.8,Aquifer_Luco
2012-06-08,-8.0,Aquifer_Luco
2012-06-09,-8.1,Aquifer_Luco
2012-06-10,-8.2,Aquifer_Luco
2012-06-11,-8.2,Aquifer_Luco
2012-06-12,-8.0,Aquifer_Luco
2012-07-01,-7.7,Aquifer_Luco
2012-07-03,-7.0,Aquifer_Luco
2012-07-06,-7.5,Aquifer_Luco
2012-07-07,-7.8,Aquifer_Luco
2012-07-08,-8.1,Aquifer_Luco
2012-07-09,-8.1,Aquifer_Luco
2012-07-10,-8.2,Aquifer_Luco
2012-07-11,-8.2,Aquifer_Luco
2012-07-12,-8.0,Aquifer_Luco
2012-08-01,-7.7,Aquifer_Luco
2012-08-03,-7.0,Aquifer_Luco
2012-08-06,-7.5,Aquifer_Luco
2012-08-07,-7.8,Aquifer_Luco
2012-08-08,-8.1,Aquifer_Luco
2012-08-09,-8.1,Aquifer_Luco
2012-08-10,-8.2,Aquifer_Luco
2012-08-11,-8.2,Aquifer_Luco
2012-08-12,-8.0,Aquifer_Luco
2012-09-01,-7.7,Aquifer_Luco
2012-09-03,-7.0,Aquifer_Luco
2012-09-06,-7.5,Aquifer_Luco
2012-09-07,-7.8,Aquifer_Luco
2012-09-08,-8.1,Aquifer_Luco
2012-09-09,-8.1,Aquifer_Luco
2012-09-10,-8.2,Aquifer_Luco
2012-09-11,-8.2,Aquifer_Luco
2012-09-12,-8.0,Aquifer_Luco
2012-10-01,-7.7,Aquifer_Luco
2012-10-03,-7.0,Aquifer_Luco
2012-10-06,-7.5,Aquifer_Luco
2012-10-07,-7.8,Aquifer_Luco
2012-10-08,-8.1,Aquifer_Luco
2012-10-09,-8.1,Aquifer_Luco
2012-10-10,-8.2,Aquifer_Luco
2012-10-11,-8.2,Aquifer_Luco
2012-10-12,-7.9,Aquifer_Luco
2012-11-01,-7.8,Aquifer_Luco
2012-11-03,-7.0,Aquifer_Luco
2012-11-06,-7.5,Aquifer_Luco
2012-11-08,-8.0,Aquifer_Luco
2012-11-09,-8.1,Aquifer_Luco
2012-11-10,-8.2,Aquifer_Luco
2012-11-11,-8.2,Aquifer_Luco
2012-11-12,-7.9,Aquifer_Luco
2012-12-01,-7.8,Aquifer_Luco
2012-12-03,-7.0,Aquifer_Luco
2012-12-06,-7.5,Aquifer_Luco
2012-12-08,-8.0,Aquifer_Luco
2012-12-09,-8.1,Aquifer_Luco
2012-12-10,-8.2,Aquifer_Luco
2012-12-11,-8.2,Aquifer_Luco
2012-12-12,-7.9,Aquifer_Luco
2013-01-01,-7.8,Aquifer_Luco
2013-01-02,-7.6,Aquifer_Luco
2013-01-03,-7.3,Aquifer_Luco
2013-01-04,-6.7,Aquifer_Luco
2013-01-05,-6.5,Aquifer_Luco
2013-01-06,-6.3,Aquifer_Luco
2013-01-07,-6.4,Aquifer_Luco
2013-01-08,-6.4,Aquifer_Luco
2013-01-09,-6.5,Aquifer_Luco
2013-01-10,-6.6,Aquifer_Luco
2013-01-11,-6.4,Aquifer_Luco
2013-01-12,-6.3,Aquifer_Luco
2013-02-01,-7.7,Aquifer_Luco
2013-02-02,-7.5,Aquifer_Luco
2013-02-03,-7.3,Aquifer_Luco
2013-02-04,-6.7,Aquifer_Luco
2013-02-05,-6.5,Aquifer_Luco
2013-02-06,-6.3,Aquifer_Luco
2013-02-07,-6.4,Aquifer_Luco
2013-02-08,-6.4,Aquifer_Luco
2013-02-09,-6.5,Aquifer_Luco
2013-02-10,-6.6,Aquifer_Luco
2013-02-11,-6.4,Aquifer_Luco
2013-02-12,-6.3,Aquifer_Luco
2013-03-01,-7.8,Aquifer_Luco
2013-03-02,-7.5,Aquifer_Luco
2013-03-03,-7.3,Aquifer_Luco
2013-03-04,-6.7,Aquifer_Luco
2013-03-05,-6.5,Aquifer_Luco
2013-03-06,-6.4,Aquifer_Luco
2013-03-07,-6.4,Aquifer_Luco
2013-03-08,-6.4,Aquifer_Luco
2013-03-09,-6.5,Aquifer_Luco
2013-03-10,-6.6,Aquifer_Luco
2013-03-11,-6.4,Aquifer_Luco
2013-03-12,-6.3,Aquifer_Luco
2013-04-01,-7.8,Aquifer_Luco
2013-04-02,-7.5,Aquifer_Luco
2013-04-03,-7.2,Aquifer_Luco
2013-04-04,-6.7,Aquifer_Luco
2013-04-05,-6.5,Aquifer_Luco
2013-04-06,-6.3,Aquifer_Luco
2013-04-07,-6.4,Aquifer_Luco
2013-04-08,-6.4,Aquifer_Luco
2013-04-09,-6.5,Aquifer_Luco
2013-04-10,-6.6,Aquifer_Luco
2013-04-11,-6.4,Aquifer_Luco
2013-04-12,-6.3,Aquifer_Luco
2013-05-01,-7.7,Aquifer_Luco
2013-05-02,-7.5,Aquifer_Luco
2013-05-03,-7.2,Aquifer_Luco
2013-05-04,-6.7,Aquifer_Luco
2013-05-05,-6.5,Aquifer_Luco
2013-05-06,-6.3,Aquifer_Luco
2013-05-07,-6.4,Aquifer_Luco
2013-05-08,-6.4,Aquifer_Luco
2013-05-09,-6.5,Aquifer_Luco
2013-05-10,-6.6,Aquifer_Luco
2013-05-11,-6.4,Aquifer_Luco
2013-05-12,-6.3,Aquifer_Luco
2013-06-01,-7.7,Aquifer_Luco
2013-06-02,-7.5,Aquifer_Luco
2013-06-03,-7.2,Aquifer_Luco
2013-06-04,-6.7,Aquifer_Luco
2013-06-05,-6.5,Aquifer_Luco
2013-06-06,-6.3,Aquifer_Luco
2013-06-07,-6.5,Aquifer_Luco
2013-06-08,-6.4,Aquifer_Luco
2013-06-09,-6.5,Aquifer_Luco
2013-06-10,-6.5,Aquifer_Luco
2013-06-11,-6.4,Aquifer_Luco
2013-06-12,-6.3,Aquifer_Luco
2013-07-01,-7.7,Aquifer_Luco
2013-07-02,-7.5,Aquifer_Luco
2013-07-03,-7.2,Aquifer_Luco
2013-07-04,-6.7,Aquifer_Luco
2013-07-05,-6.5,Aquifer_Luco
2013-07-06,-6.3,Aquifer_Luco
2013-07-07,-6.5,Aquifer_Luco
2013-07-08,-6.4,Aquifer_Luco
2013-07-09,-6.5,Aquifer_Luco
2013-07-10,-6.5,Aquifer_Luco
2013-07-11,-6.4,Aquifer_Luco
2013-07-12,-6.3,Aquifer_Luco
2013-08-01,-7.8,Aquifer_Luco
2013-08-02,-7.5,Aquifer_Luco
2013-08-03,-7.2,Aquifer_Luco
2013-08-04,-6.7,Aquifer_Luco
2013-08-05,-6.5,Aquifer_Luco
2013-08-06,-6.3,Aquifer_Luco
2013-08-07,-6.4,Aquifer_Luco
2013-08-08,-6.4,Aquifer_Luco
2013-08-09,-6.5,Aquifer_Luco
2013-08-10,-6.6,Aquifer_Luco
2013-08-11,-6.4,Aquifer_Luco
2013-08-12,-6.4,Aquifer_Luco
2013-09-01,-7.8,Aquifer_Luco
2013-09-02,-7.5,Aquifer_Luco
2013-09-03,-7.2,Aquifer_Luco
2013-09-04,-6.7,Aquifer_Luco
2013-09-05,-6.5,Aquifer_Luco
2013-09-06,-6.3,Aquifer_Luco
2013-09-07,-6.4,Aquifer_Luco
2013-09-08,-6.4,Aquifer_Luco
2013-09-09,-6.5,Aquifer_Luco
2013-09-10,-6.6,Aquifer_Luco
2013-09-11,-6.4,Aquifer_Luco
2013-09-12,-6.4,Aquifer_Luco
2013-10-01,-7.7,Aquifer_Luco
2013-10-02,-7.5,Aquifer_Luco
2013-10-03,-7.1,Aquifer_Luco
2013-10-04,-6.6,Aquifer_Luco
2013-10-05,-6.5,Aquifer_Luco
2013-10-06,-6.3,Aquifer_Luco
2013-10-07,-6.4,Aquifer_Luco
2013-10-08,-6.4,Aquifer_Luco
2013-10-09,-6.5,Aquifer_Luco
2013-10-10,-6.5,Aquifer_Luco
2013-10-11,-6.4,Aquifer_Luco
2013-10-12,-6.3,Aquifer_Luco
2013-11-01,-7.7,Aquifer_Luco
2013-11-02,-7.4,Aquifer_Luco
2013-11-03,-7.1,Aquifer_Luco
2013-11-04,-6.6,Aquifer_Luco
2013-11-05,-6.5,Aquifer_Luco
2013-11-06,-6.3,Aquifer_Luco
2013-11-07,-6.4,Aquifer_Luco
2013-11-08,-6.4,Aquifer_Luco
2013-11-09,-6.5,Aquifer_Luco
2013-11-10,-6.5,Aquifer_Luco
2013-11-11,-6.4,Aquifer_Luco
2013-11-12,-6.3,Aquifer_Luco
2013-12-01,-7.7,Aquifer_Luco
2013-12-02,-7.4,Aquifer_Luco
2013-12-03,-7.1,Aquifer_Luco
2013-12-04,-6.6,Aquifer_Luco
2013-12-05,-6.5,Aquifer_Luco
2013-12-06,-6.3,Aquifer_Luco
2013-12-07,-6.4,Aquifer_Luco
2013-12-08,-6.4,Aquifer_Luco
2013-12-09,-6.5,Aquifer_Luco
2013-12-10,-6.6,Aquifer_Luco
2013-12-11,-6.4,Aquifer_Luco
2013-12-12,-6.3,Aquifer_Luco
2014-01-01,-6.3,Aquifer_Luco
2014-01-02,-6.1,Aquifer_Luco
2014-01-03,-5.4,Aquifer_Luco
2014-01-04,-5.1,Aquifer_Luco
2014-01-05,-4.9,Aquifer_Luco
2014-01-06,-4.9,Aquifer_Luco
2014-01-07,-5.0,Aquifer_Luco
2014-01-08,-5.0,Aquifer_Luco
2014-01-09,-5.2,Aquifer_Luco
2014-01-10,-5.3,Aquifer_Luco
2014-01-11,-5.5,Aquifer_Luco
2014-01-12,-5.3,Aquifer_Luco
2014-02-01,-6.3,Aquifer_Luco
2014-02-02,-6.1,Aquifer_Luco
2014-02-03,-5.4,Aquifer_Luco
2014-02-04,-5.1,Aquifer_Luco
2014-02-05,-4.9,Aquifer_Luco
2014-02-06,-4.9,Aquifer_Luco
2014-02-07,-5.0,Aquifer_Luco
2014-02-08,-5.0,Aquifer_Luco
2014-02-09,-5.2,Aquifer_Luco
2014-02-10,-5.3,Aquifer_Luco
2014-02-11,-5.5,Aquifer_Luco
2014-02-12,-5.3,Aquifer_Luco
2014-03-01,-6.3,Aquifer_Luco
2014-03-02,-6.0,Aquifer_Luco
2014-03-03,-5.4,Aquifer_Luco
2014-03-04,-5.0,Aquifer_Luco
2014-03-05,-4.8,Aquifer_Luco
2014-03-06,-4.9,Aquifer_Luco
2014-03-07,-5.0,Aquifer_Luco
2014-03-08,-5.0,Aquifer_Luco
2014-03-09,-5.2,Aquifer_Luco
2014-03-10,-5.3,Aquifer_Luco
2014-03-11,-5.5,Aquifer_Luco
2014-03-12,-5.3,Aquifer_Luco
2014-04-01,-6.3,Aquifer_Luco
2014-04-02,-6.0,Aquifer_Luco
2014-04-03,-5.3,Aquifer_Luco
2014-04-04,-5.0,Aquifer_Luco
2014-04-05,-4.9,Aquifer_Luco
2014-04-06,-4.9,Aquifer_Luco
2014-04-07,-5.0,Aquifer_Luco
2014-04-08,-5.0,Aquifer_Luco
2014-04-09,-5.2,Aquifer_Luco
2014-04-10,-5.3,Aquifer_Luco
2014-04-11,-5.4,Aquifer_Luco
2014-04-12,-5.3,Aquifer_Luco
2014-05-01,-6.2,Aquifer_Luco
2014-05-02,-6.0,Aquifer_Luco
2014-05-03,-5.3,Aquifer_Luco
2014-05-04,-5.0,Aquifer_Luco
2014-05-05,-4.9,Aquifer_Luco
2014-05-06,-4.9,Aquifer_Luco
2014-05-07,-5.0,Aquifer_Luco
2014-05-08,-5.0,Aquifer_Luco
2014-05-09,-5.2,Aquifer_Luco
2014-05-10,-5.3,Aquifer_Luco
2014-05-11,-5.4,Aquifer_Luco
2014-05-12,-5.3,Aquifer_Luco
2014-06-01,-6.3,Aquifer_Luco
2014-06-02,-6.0,Aquifer_Luco
2014-06-03,-5.4,Aquifer_Luco
2014-06-04,-5.0,Aquifer_Luco
2014-06-05,-4.9,Aquifer_Luco
2014-06-06,-4.9,Aquifer_Luco
2014-06-07,-5.0,Aquifer_Luco
2014-06-08,-5.0,Aquifer_Luco
2014-06-09,-5.3,Aquifer_Luco
2014-06-10,-5.3,Aquifer_Luco
2014-06-11,-5.4,Aquifer_Luco
2014-06-12,-5.3,Aquifer_Luco
2014-07-01,-6.3,Aquifer_Luco
2014-07-02,-6.0,Aquifer_Luco
2014-07-03,-5.3,Aquifer_Luco
2014-07-04,-5.0,Aquifer_Luco
2014-07-05,-4.9,Aquifer_Luco
2014-07-06,-4.9,Aquifer_Luco
2014-07-07,-5.0,Aquifer_Luco
2014-07-08,-5.0,Aquifer_Luco
2014-07-09,-5.3,Aquifer_Luco
2014-07-10,-5.3,Aquifer_Luco
2014-07-11,-5.4,Aquifer_Luco
2014-07-12,-5.3,Aquifer_Luco
2014-08-01,-6.3,Aquifer_Luco
2014-08-02,-6.0,Aquifer_Luco
2014-08-03,-5.3,Aquifer_Luco
2014-08-04,-5.0,Aquifer_Luco
2014-08-05,-4.9,Aquifer_Luco
2014-08-06,-5.0,Aquifer_Luco
2014-08-07,-4.9,Aquifer_Luco
2014-08-08,-5.0,Aquifer_Luco
2014-08-09,-5.2,Aquifer_Luco
2014-08-10,-5.4,Aquifer_Luco
2014-08-11,-5.4,Aquifer_Luco
2014-08-12,-5.3,Aquifer_Luco
2014-09-01,-6.3,Aquifer_Luco
2014-09-02,-5.9,Aquifer_Luco
2014-09-03,-5.3,Aquifer_Luco
2014-09-04,-5.0,Aquifer_Luco
2014-09-05,-4.9,Aquifer_Luco
2014-09-06,-4.9,Aquifer_Luco
2014-09-07,-4.9,Aquifer_Luco
2014-09-08,-5.0,Aquifer_Luco
2014-09-09,-5.2,Aquifer_Luco
2014-09-10,-5.4,Aquifer_Luco
2014-09-11,-5.4,Aquifer_Luco
2014-09-12,-5.3,Aquifer_Luco
2014-10-01,-6.3,Aquifer_Luco
2014-10-02,-5.9,Aquifer_Luco
2014-10-03,-5.3,Aquifer_Luco
2014-10-04,-5.0,Aquifer_Luco
2014-10-05,-4.9,Aquifer_Luco
2014-10-06,-4.9,Aquifer_Luco
2014-10-07,-4.9,Aquifer_Luco
2014-10-08,-5.0,Aquifer_Luco
2014-10-09,-5.2,Aquifer_Luco
2014-10-10,-5.4,Aquifer_Luco
2014-10-11,-5.4,Aquifer_Luco
2014-10-12,-5.3,Aquifer_Luco
2014-11-01,-6.3,Aquifer_Luco
2014-11-02,-5.8,Aquifer_Luco
2014-11-03,-5.3,Aquifer_Luco
2014-11-04,-5.0,Aquifer_Luco
2014-11-05,-4.9,Aquifer_Luco
2014-11-06,-5.0,Aquifer_Luco
2014-11-07,-5.0,Aquifer_Luco
2014-11-08,-5.0,Aquifer_Luco
2014-11-09,-5.2,Aquifer_Luco
2014-11-10,-5.4,Aquifer_Luco
2014-11-11,-5.4,Aquifer_Luco
2014-11-12,-5.3,Aquifer_Luco
2014-12-01,-6.3,Aquifer_Luco
2014-12-02,-5.8,Aquifer_Luco
2014-12-03,-5.3,Aquifer_Luco
2014-12-04,-5.0,Aquifer_Luco
2014-12-05,-4.9,Aquifer_Luco
2014-12-06,-5.0,Aquifer_Luco
2014-12-07,-5.0,Aquifer_Luco
2014-12-08,-5.0,Aquifer_Luco
2014-12-09,-5.2,Aquifer_Luco
2014-12-10,-5.4,Aquifer_Luco
2014-12-11,-5.4,Aquifer_Luco
2014-12-12,-5.4,Aquifer_Luco
2015-01-01,-5.4,Aquifer_Luco
2015-01-02,-5.4,Aquifer_Luco
2015-01-03,-5.4,Aquifer_Luco
2015-01-04,-5.3,Aquifer_Luco
2015-01-05,-5.3,Aquifer_Luco
2015-01-06,-5.4,Aquifer_Luco
2015-01-07,-5.6,Aquifer_Luco
2015-01-08,-5.8,Aquifer_Luco
2015-01-09,-5.9,Aquifer_Luco
2015-01-10,-6.1,Aquifer_Luco
2015-01-11,-6.1,Aquifer_Luco
2015-01-12,-6.3,Aquifer_Luco
2015-02-01,-5.4,Aquifer_Luco
2015-02-02,-5.5,Aquifer_Luco
2015-02-03,-5.4,Aquifer_Luco
2015-02-04,-5.3,Aquifer_Luco
2015-02-05,-5.3,Aquifer_Luco
2015-02-06,-5.5,Aquifer_Luco
2015-02-07,-5.6,Aquifer_Luco
2015-02-08,-5.8,Aquifer_Luco
2015-02-09,-5.9,Aquifer_Luco
2015-02-10,-6.1,Aquifer_Luco
2015-02-11,-6.1,Aquifer_Luco
2015-02-12,-6.3,Aquifer_Luco
2015-03-01,-5.4,Aquifer_Luco
2015-03-02,-5.5,Aquifer_Luco
2015-03-03,-5.4,Aquifer_Luco
2015-03-04,-5.3,Aquifer_Luco
2015-03-05,-5.3,Aquifer_Luco
2015-03-06,-5.5,Aquifer_Luco
2015-03-07,-5.7,Aquifer_Luco
2015-03-08,-5.8,Aquifer_Luco
2015-03-09,-5.9,Aquifer_Luco
2015-03-10,-6.1,Aquifer_Luco
2015-03-11,-6.1,Aquifer_Luco
2015-03-12,-6.3,Aquifer_Luco
2015-04-01,-5.4,Aquifer_Luco
2015-04-02,-5.5,Aquifer_Luco
2015-04-03,-5.4,Aquifer_Luco
2015-04-04,-5.3,Aquifer_Luco
2015-04-05,-5.3,Aquifer_Luco
2015-04-06,-5.5,Aquifer_Luco
2015-04-07,-5.7,Aquifer_Luco
2015-04-08,-5.8,Aquifer_Luco
2015-04-09,-5.9,Aquifer_Luco
2015-04-10,-6.1,Aquifer_Luco
2015-04-11,-6.1,Aquifer_Luco
2015-04-12,-6.3,Aquifer_Luco
2015-05-01,-5.4,Aquifer_Luco
2015-05-02,-5.4,Aquifer_Luco
2015-05-03,-5.4,Aquifer_Luco
2015-05-04,-5.2,Aquifer_Luco
2015-05-05,-5.3,Aquifer_Luco
2015-05-06,-5.5,Aquifer_Luco
2015-05-07,-5.7,Aquifer_Luco
2015-05-08,-5.9,Aquifer_Luco
2015-05-09,-5.9,Aquifer_Luco
2015-05-10,-6.0,Aquifer_Luco
2015-05-11,-6.1,Aquifer_Luco
2015-05-12,-6.3,Aquifer_Luco
2015-06-01,-5.4,Aquifer_Luco
2015-06-02,-5.4,Aquifer_Luco
2015-06-03,-5.4,Aquifer_Luco
2015-06-04,-5.3,Aquifer_Luco
2015-06-05,-5.3,Aquifer_Luco
2015-06-06,-5.5,Aquifer_Luco
2015-06-07,-5.7,Aquifer_Luco
2015-06-08,-5.9,Aquifer_Luco
2015-06-09,-5.9,Aquifer_Luco
2015-06-10,-6.0,Aquifer_Luco
2015-06-11,-6.1,Aquifer_Luco
2015-06-12,-6.3,Aquifer_Luco
2015-07-01,-5.4,Aquifer_Luco
2015-07-02,-5.4,Aquifer_Luco
2015-07-03,-5.4,Aquifer_Luco
2015-07-04,-5.3,Aquifer_Luco
2015-07-05,-5.4,Aquifer_Luco
2015-07-06,-5.5,Aquifer_Luco
2015-07-07,-5.7,Aquifer_Luco
2015-07-08,-5.9,Aquifer_Luco
2015-07-09,-5.9,Aquifer_Luco
2015-07-10,-6.0,Aquifer_Luco
2015-07-11,-6.1,Aquifer_Luco
2015-07-12,-6.3,Aquifer_Luco
2015-08-01,-5.4,Aquifer_Luco
2015-08-02,-5.4,Aquifer_Luco
2015-08-03,-5.4,Aquifer_Luco
2015-08-04,-5.3,Aquifer_Luco
2015-08-05,-5.4,Aquifer_Luco
2015-08-06,-5.5,Aquifer_Luco
2015-08-07,-5.7,Aquifer_Luco
2015-08-08,-5.9,Aquifer_Luco
2015-08-09,-5.9,Aquifer_Luco
2015-08-10,-6.1,Aquifer_Luco
2015-08-11,-6.2,Aquifer_Luco
2015-08-12,-6.3,Aquifer_Luco
2015-09-01,-5.4,Aquifer_Luco
2015-09-02,-5.4,Aquifer_Luco
2015-09-03,-5.4,Aquifer_Luco
2015-09-04,-5.3,Aquifer_Luco
2015-09-05,-5.4,Aquifer_Luco
2015-09-06,-5.5,Aquifer_Luco
2015-09-07,-5.7,Aquifer_Luco
2015-09-08,-5.9,Aquifer_Luco
2015-09-09,-6.0,Aquifer_Luco
2015-09-10,-6.1,Aquifer_Luco
2015-09-11,-6.2,Aquifer_Luco
2015-09-12,-6.3,Aquifer_Luco
2015-10-01,-5.4,Aquifer_Luco
2015-10-02,-5.4,Aquifer_Luco
2015-10-03,-5.4,Aquifer_Luco
2015-10-04,-5.3,Aquifer_Luco
2015-10-05,-5.4,Aquifer_Luco
2015-10-06,-5.5,Aquifer_Luco
2015-10-07,-5.7,Aquifer_Luco
2015-10-08,-5.8,Aquifer_Luco
2015-10-09,-6.0,Aquifer_Luco
2015-10-10,-6.1,Aquifer_Luco
2015-10-11,-6.1,Aquifer_Luco
2015-10-12,-6.3,Aquifer_Luco
2015-11-01,-5.4,Aquifer_Luco
2015-11-02,-5.4,Aquifer_Luco
2015-11-03,-5.4,Aquifer_Luco
2015-11-04,-5.3,Aquifer_Luco
2015-11-05,-5.4,Aquifer_Luco
2015-11-06,-5.5,Aquifer_Luco
2015-11-07,-5.7,Aquifer_Luco
2015-11-08,-5.8,Aquifer_Luco
2015-11-09,-6.0,Aquifer_Luco
2015-11-10,-6.0,Aquifer_Luco
2015-11-11,-6.2,Aquifer_Luco
2015-11-12,-6.3,Aquifer_Luco
2015-12-01,-5.4,Aquifer_Luco
2015-12-02,-5.4,Aquifer_Luco
2015-12-03,-5.4,Aquifer_Luco
2015-12-04,-5.3,Aquifer_Luco
2015-12-05,-5.4,Aquifer_Luco
2015-12-06,-5.5,Aquifer_Luco
2015-12-07,-5.7,Aquifer_Luco
2015-12-08,-5.9,Aquifer_Luco
2015-12-09,-6.0,Aquifer_Luco
2015-12-10,-6.1,Aquifer_Luco
2015-12-11,-6.2,Aquifer_Luco
2015-12-12,-6.3,Aquifer_Luco
2016-01-01,-6.4,Aquifer_Luco
2016-02-01,-6.3,Aquifer_Luco
2016-03-01,-6.3,Aquifer_Luco
2016-04-01,-6.3,Aquifer_Luco
2016-05-01,-6.3,Aquifer_Luco
2016-06-01,-6.3,Aquifer_Luco
2016-07-01,-6.3,Aquifer_Luco
2016-08-01,-6.3,Aquifer_Luco
2016-09-01,-6.3,Aquifer_Luco
2016-09-05,-6.2,Aquifer_Luco
2016-10-01,-6.3,Aquifer_Luco
2016-10-05,-6.2,Aquifer_Luco
2016-11-01,-6.3,Aquifer_Luco
2016-11-05,-6.2,Aquifer_Luco
2016-12-01,-6.3,Aquifer_Luco
2016-12-05,-6.2,Aquifer_Luco
2017-01-06,-7.4,Aquifer_Luco
2017-01-07,-7.6,Aquifer_Luco
2017-01-08,-7.8,Aquifer_Luco
2017-01-09,-8.0,Aquifer_Luco
2017-01-10,-8.0,Aquifer_Luco
2017-01-11,-8.2,Aquifer_Luco
2017-01-12,-8.3,Aquifer_Luco
2017-02-06,-7.4,Aquifer_Luco
2017-02-07,-7.6,Aquifer_Luco
2017-02-08,-7.8,Aquifer_Luco
2017-02-09,-8.0,Aquifer_Luco
2017-02-10,-8.0,Aquifer_Luco
2017-02-11,-8.2,Aquifer_Luco
2017-02-12,-8.3,Aquifer_Luco
2017-03-06,-7.4,Aquifer_Luco
2017-03-07,-7.6,Aquifer_Luco
2017-03-08,-7.9,Aquifer_Luco
2017-03-09,-8.0,Aquifer_Luco
2017-03-10,-8.0,Aquifer_Luco
2017-03-11,-8.2,Aquifer_Luco
2017-03-12,-8.3,Aquifer_Luco
2017-04-06,-7.4,Aquifer_Luco
2017-04-07,-7.6,Aquifer_Luco
2017-04-08,-7.9,Aquifer_Luco
2017-04-09,-8.0,Aquifer_Luco
2017-04-10,-8.0,Aquifer_Luco
2017-04-11,-8.2,Aquifer_Luco
2017-04-12,-8.3,Aquifer_Luco
2017-05-06,-7.4,Aquifer_Luco
2017-05-07,-7.6,Aquifer_Luco
2017-05-08,-7.9,Aquifer_Luco
2017-05-09,-8.0,Aquifer_Luco
2017-05-10,-8.1,Aquifer_Luco
2017-05-11,-8.2,Aquifer_Luco
2017-05-12,-8.3,Aquifer_Luco
2017-06-06,-7.4,Aquifer_Luco
2017-06-07,-7.7,Aquifer_Luco
2017-06-08,-7.9,Aquifer_Luco
2017-06-09,-8.0,Aquifer_Luco
2017-06-10,-8.1,Aquifer_Luco
2017-06-11,-8.2,Aquifer_Luco
2017-06-12,-8.3,Aquifer_Luco
2017-07-06,-7.5,Aquifer_Luco
2017-07-07,-7.7,Aquifer_Luco
2017-07-08,-7.9,Aquifer_Luco
2017-07-09,-8.0,Aquifer_Luco
2017-07-10,-8.1,Aquifer_Luco
2017-07-11,-8.2,Aquifer_Luco
2017-07-12,-8.3,Aquifer_Luco
2017-08-06,-7.5,Aquifer_Luco
2017-08-07,-7.7,Aquifer_Luco
2017-08-08,-7.9,Aquifer_Luco
2017-08-09,-8.0,Aquifer_Luco
2017-08-10,-8.1,Aquifer_Luco
2017-08-11,-8.2,Aquifer_Luco
2017-08-12,-8.3,Aquifer_Luco
2017-09-06,-7.5,Aquifer_Luco
2017-09-07,-7.7,Aquifer_Luco
2017-09-08,-7.9,Aquifer_Luco
2017-09-09,-8.0,Aquifer_Luco
2017-09-10,-8.1,Aquifer_Luco
2017-09-11,-8.2,Aquifer_Luco
2017-09-12,-8.3,Aquifer_Luco
2017-10-05,-7.3,Aquifer_Luco
2017-10-06,-7.5,Aquifer_Luco
2017-10-07,-7.7,Aquifer_Luco
2017-10-08,-7.9,Aquifer_Luco
2017-10-09,-8.0,Aquifer_Luco
2017-10-10,-8.1,Aquifer_Luco
2017-10-11,-8.2,Aquifer_Luco
2017-10-12,-8.3,Aquifer_Luco
2017-11-05,-7.3,Aquifer_Luco
2017-11-06,-7.5,Aquifer_Luco
2017-11-07,-7.7,Aquifer_Luco
2017-11-08,-7.9,Aquifer_Luco
2017-11-09,-8.0,Aquifer_Luco
2017-11-10,-8.1,Aquifer_Luco
2017-11-11,-8.2,Aquifer_Luco
2017-11-12,-8.2,Aquifer_Luco
2017-12-05,-7.3,Aquifer_Luco
2017-12-06,-7.5,Aquifer_Luco
2017-12-07,-7.7,Aquifer_Luco
2017-12-08,-7.9,Aquifer_Luco
2017-12-09,-8.0,Aquifer_Luco
2017-12-10,-8.1,Aquifer_Luco
2017-12-11,-8.2,Aquifer_Luco
2017-12-12,-8.3,Aquifer_Luco
2018-01-01,-8.3,Aquifer_Luco
2018-01-02,-8.4,Aquifer_Luco
2018-01-03,-8.2,Aquifer_Luco
2018-01-04,-7.8,Aquifer_Luco
2018-01-05,-7.6,Aquifer_Luco
2018-01-06,-7.3,Aquifer_Luco
2018-01-07,-7.3,Aquifer_Luco
2018-01-08,-7.4,Aquifer_Luco
2018-01-10,-7.6,Aquifer_Luco
2018-01-11,-7.6,Aquifer_Luco
2018-01-12,-7.7,Aquifer_Luco
2018-02-01,-8.3,Aquifer_Luco
2018-02-02,-8.3,Aquifer_Luco
2018-02-03,-8.2,Aquifer_Luco
2018-02-04,-7.7,Aquifer_Luco
2018-02-05,-7.6,Aquifer_Luco
2018-02-06,-7.3,Aquifer_Luco
2018-02-07,-7.3,Aquifer_Luco
2018-02-08,-7.4,Aquifer_Luco
2018-02-10,-7.6,Aquifer_Luco
2018-02-11,-7.6,Aquifer_Luco
2018-02-12,-7.6,Aquifer_Luco
2018-03-01,-8.3,Aquifer_Luco
2018-03-02,-8.3,Aquifer_Luco
2018-03-03,-8.2,Aquifer_Luco
2018-03-04,-7.7,Aquifer_Luco
2018-03-05,-7.6,Aquifer_Luco
2018-03-06,-7.3,Aquifer_Luco
2018-03-07,-7.4,Aquifer_Luco
2018-03-08,-7.4,Aquifer_Luco
2018-03-10,-7.6,Aquifer_Luco
2018-03-11,-7.6,Aquifer_Luco
2018-03-12,-7.6,Aquifer_Luco
2018-04-01,-8.3,Aquifer_Luco
2018-04-02,-8.3,Aquifer_Luco
2018-04-03,-8.2,Aquifer_Luco
2018-04-04,-7.7,Aquifer_Luco
2018-04-05,-7.6,Aquifer_Luco
2018-04-06,-7.3,Aquifer_Luco
2018-04-07,-7.4,Aquifer_Luco
2018-04-08,-7.4,Aquifer_Luco
2018-04-10,-7.6,Aquifer_Luco
2018-04-11,-7.6,Aquifer_Luco
2018-04-12,-7.6,Aquifer_Luco
2018-05-01,-8.3,Aquifer_Luco
2018-05-02,-8.3,Aquifer_Luco
2018-05-03,-8.2,Aquifer_Luco
2018-05-04,-7.7,Aquifer_Luco
2018-05-05,-7.6,Aquifer_Luco
2018-05-06,-7.3,Aquifer_Luco
2018-05-07,-7.4,Aquifer_Luco
2018-05-08,-7.4,Aquifer_Luco
2018-05-10,-7.6,Aquifer_Luco
2018-05-11,-7.6,Aquifer_Luco
2018-05-12,-7.7,Aquifer_Luco
2018-06-01,-8.3,Aquifer_Luco
2018-06-02,-8.3,Aquifer_Luco
2018-06-03,-8.1,Aquifer_Luco
2018-06-04,-7.7,Aquifer_Luco
2018-06-05,-7.6,Aquifer_Luco
2018-06-06,-7.3,Aquifer_Luco
2018-06-07,-7.4,Aquifer_Luco
2018-06-08,-7.4,Aquifer_Luco
2018-06-10,-7.6,Aquifer_Luco
2018-06-11,-7.6,Aquifer_Luco
2018-06-12,-7.7,Aquifer_Luco
2018-07-01,-8.3,Aquifer_Luco
2018-07-02,-8.3,Aquifer_Luco
2018-07-03,-8.1,Aquifer_Luco
2018-07-04,-7.7,Aquifer_Luco
2018-07-05,-7.6,Aquifer_Luco
2018-07-06,-7.3,Aquifer_Luco
2018-07-07,-7.4,Aquifer_Luco
2018-07-08,-7.4,Aquifer_Luco
2018-07-10,-7.6,Aquifer_Luco
2018-07-11,-7.6,Aquifer_Luco
2018-07-12,-7.7,Aquifer_Luco
2018-08-01,-8.3,Aquifer_Luco
2018-08-02,-8.3,Aquifer_Luco
2018-08-03,-8.1,Aquifer_Luco
2018-08-04,-7.7,Aquifer_Luco
2018-08-05,-7.5,Aquifer_Luco
2018-08-06,-7.3,Aquifer_Luco
2018-08-07,-7.4,Aquifer_Luco
2018-08-10,-7.6,Aquifer_Luco
2018-08-11,-7.6,Aquifer_Luco
2018-08-12,-7.6,Aquifer_Luco
2018-09-01,-8.3,Aquifer_Luco
2018-09-02,-8.3,Aquifer_Luco
2018-09-03,-8.1,Aquifer_Luco
2018-09-04,-7.7,Aquifer_Luco
2018-09-05,-7.5,Aquifer_Luco
2018-09-06,-7.3,Aquifer_Luco
2018-09-07,-7.4,Aquifer_Luco
2018-09-10,-7.6,Aquifer_Luco
2018-09-11,-7.6,Aquifer_Luco
2018-09-12,-7.6,Aquifer_Luco
2018-10-01,-8.3,Aquifer_Luco
2018-10-02,-8.3,Aquifer_Luco
2018-10-03,-8.1,Aquifer_Luco
2018-10-04,-7.7,Aquifer_Luco
2018-10-05,-7.5,Aquifer_Luco
2018-10-06,-7.3,Aquifer_Luco
2018-10-07,-7.4,Aquifer_Luco
2018-10-10,-7.6,Aquifer_Luco
2018-10-11,-7.6,Aquifer_Luco
2018-10-12,-7.6,Aquifer_Luco
2018-11-01,-8.3,Aquifer_Luco
2018-11-02,-8.3,Aquifer_Luco
2018-11-03,-8.1,Aquifer_Luco
2018-11-04,-7.7,Aquifer_Luco
2018-11-05,-7.5,Aquifer_Luco
2018-11-06,-7.3,Aquifer_Luco
2018-11-07,-7.4,Aquifer_Luco
2018-11-10,-7.6,Aquifer_Luco
2018-11-11,-7.6,Aquifer_Luco
2018-11-12,-7.7,Aquifer_Luco
2018-12-01,-8.3,Aquifer_Luco
2018-12-02,-8.2,Aquifer_Luco
2018-12-03,-8.0,Aquifer_Luco
2018-12-04,-7.7,Aquifer_Luco
2018-12-05,-7.5,Aquifer_Luco
2018-12-06,-7.3,Aquifer_Luco
2018-12-07,-7.4,Aquifer_Luco
2018-12-09,-7.5,Aquifer_Luco
2018-12-10,-7.6,Aquifer_Luco
2018-12-11,-7.6,Aquifer_Luco
2018-12-12,-7.6,Aquifer_Luco
2019-01-01,-7.6,Aquifer_Luco
2019-02-01,-7.6,Aquifer_Luco
2019-03-01,-7.6,Aquifer_Luco
2019-04-01,-7.6,Aquifer_Luco
2019-05-01,-7.6,Aquifer_Luco
2019-06-01,-7.6,Aquifer_Luco
2019-07-01,-7.6,Aquifer_Luco
2019-08-01,-7.6,Aquifer_Luco
2019-09-01,-7.6,Aquifer_Luco
2019-10-01,-7.7,Aquifer_Luco
2019-11-01,-7.7,Aquifer_Luco
2019-12-01,-7.7,Aquifer_Luco
2006-03-14,-22.48,Aquifer_Petrignano
2006-03-15,-22.38,Aquifer_Petrignano
2006-03-16,-22.25,Aquifer_Petrignano
2006-03-17,-22.38,Aquifer_Petrignano
2006-03-18,-22.6,Aquifer_Petrignano
2006-03-19,-22.35,Aquifer_Petrignano
2006-03-20,-22.5,Aquifer_Petrignano
2006-03-21,-22.31,Aquifer_Petrignano
2006-03-22,-22.31,Aquifer_Petrignano
2006-03-23,-22.4,Aquifer_Petrignano
2006-03-24,-22.32,Aquifer_Petrignano
2006-03-25,-22.25,Aquifer_Petrignano
2006-03-26,-22.15,Aquifer_Petrignano
2006-03-27,-22.47,Aquifer_Petrignano
2006-03-28,-22.27,Aquifer_Petrignano
2006-03-29,-22.52,Aquifer_Petrignano
2006-03-30,-22.5,Aquifer_Petrignano
2006-03-31,-22.7,Aquifer_Petrignano
2006-04-01,-22.77,Aquifer_Petrignano
2006-04-02,-22.49,Aquifer_Petrignano
2006-04-03,-22.77,Aquifer_Petrignano
2006-04-04,-22.65,Aquifer_Petrignano
2006-04-05,-22.49,Aquifer_Petrignano
2006-04-06,-22.43,Aquifer_Petrignano
2006-04-07,-22.43,Aquifer_Petrignano
2006-04-08,-22.52,Aquifer_Petrignano
2006-04-09,-22.31,Aquifer_Petrignano
2006-04-10,-21.96,Aquifer_Petrignano
2006-04-11,-21.87,Aquifer_Petrignano
2006-04-12,-21.88,Aquifer_Petrignano
2006-04-13,-21.92,Aquifer_Petrignano
2006-04-14,-22.07,Aquifer_Petrignano
2006-04-15,-22.12,Aquifer_Petrignano
2006-04-16,-21.5,Aquifer_Petrignano
2006-04-17,-21.79,Aquifer_Petrignano
2006-04-18,-22.12,Aquifer_Petrignano
2006-04-19,-22.4,Aquifer_Petrignano
2006-04-20,-22.46,Aquifer_Petrignano
2006-04-21,-22.45,Aquifer_Petrignano
2006-04-22,-22.43,Aquifer_Petrignano
2006-04-23,-22.09,Aquifer_Petrignano
2006-04-24,-22.35,Aquifer_Petrignano
2006-04-25,-21.89,Aquifer_Petrignano
2006-04-26,-22.13,Aquifer_Petrignano
2006-04-27,-22.22,Aquifer_Petrignano
2006-04-28,-22.18,Aquifer_Petrignano
2006-04-29,-22.22,Aquifer_Petrignano
2006-04-30,-22.06,Aquifer_Petrignano
2006-05-01,-22.07,Aquifer_Petrignano
2006-05-02,-22.26,Aquifer_Petrignano
2006-05-03,-22.35,Aquifer_Petrignano
2006-05-04,-22.39,Aquifer_Petrignano
2006-05-05,-22.4,Aquifer_Petrignano
2006-05-06,-22.4,Aquifer_Petrignano
2006-05-07,-22.26,Aquifer_Petrignano
2006-05-08,-22.26,Aquifer_Petrignano
2006-05-09,-22.06,Aquifer_Petrignano
2006-05-10,-22.09,Aquifer_Petrignano
2006-05-11,-22.12,Aquifer_Petrignano
2006-05-12,-22.25,Aquifer_Petrignano
2006-05-13,-22.3,Aquifer_Petrignano
2006-05-14,-22.1,Aquifer_Petrignano
2006-05-15,-21.95,Aquifer_Petrignano
2006-05-16,-22.16,Aquifer_Petrignano
2006-05-17,-22.26,Aquifer_Petrignano
2006-05-18,-22.23,Aquifer_Petrignano
2006-05-19,-22.15,Aquifer_Petrignano
2006-05-20,-22.12,Aquifer_Petrignano
2006-05-21,-22.07,Aquifer_Petrignano
2006-05-22,-22.13,Aquifer_Petrignano
2006-05-23,-22.19,Aquifer_Petrignano
2006-05-24,-22.14,Aquifer_Petrignano
2006-05-25,-22.15,Aquifer_Petrignano
2006-05-26,-22.25,Aquifer_Petrignano
2006-05-27,-22.26,Aquifer_Petrignano
2006-05-28,-22.19,Aquifer_Petrignano
2006-05-29,-22.17,Aquifer_Petrignano
2006-05-30,-22.19,Aquifer_Petrignano
2006-05-31,-22.2,Aquifer_Petrignano
2006-06-01,-22.18,Aquifer_Petrignano
2006-06-02,-22.0,Aquifer_Petrignano
2006-06-03,-21.94,Aquifer_Petrignano
2006-06-04,-21.88,Aquifer_Petrignano
2006-06-05,-22.12,Aquifer_Petrignano
2006-06-06,-22.05,Aquifer_Petrignano
2006-06-07,-22.22,Aquifer_Petrignano
2006-06-08,-22.32,Aquifer_Petrignano
2006-06-10,-22.53,Aquifer_Petrignano
2006-06-11,-22.38,Aquifer_Petrignano
2006-06-12,-22.53,Aquifer_Petrignano
2006-06-13,-22.59,Aquifer_Petrignano
2006-06-14,-22.64,Aquifer_Petrignano
2006-06-15,-22.72,Aquifer_Petrignano
2006-06-16,-22.78,Aquifer_Petrignano
2006-06-17,-22.82,Aquifer_Petrignano
2006-06-18,-22.62,Aquifer_Petrignano
2006-06-19,-22.71,Aquifer_Petrignano
2006-06-20,-22.84,Aquifer_Petrignano
2006-06-21,-22.98,Aquifer_Petrignano
2006-06-22,-23.08,Aquifer_Petrignano
2006-06-23,-23.18,Aquifer_Petrignano
2006-06-24,-23.34,Aquifer_Petrignano
2006-06-25,-23.33,Aquifer_Petrignano
2006-06-26,-23.33,Aquifer_Petrignano
2006-06-27,-23.43,Aquifer_Petrignano
2006-06-28,-23.56,Aquifer_Petrignano
2006-06-29,-23.59,Aquifer_Petrignano
2006-06-30,-23.61,Aquifer_Petrignano
2006-07-01,-23.65,Aquifer_Petrignano
2006-07-02,-23.63,Aquifer_Petrignano
2006-07-03,-23.62,Aquifer_Petrignano
2006-07-04,-23.68,Aquifer_Petrignano
2006-07-05,-23.8,Aquifer_Petrignano
2006-07-06,-23.87,Aquifer_Petrignano
2006-07-07,-23.6,Aquifer_Petrignano
2006-07-08,-23.52,Aquifer_Petrignano
2006-07-09,-23.51,Aquifer_Petrignano
2006-07-10,-23.54,Aquifer_Petrignano
2006-07-11,-23.85,Aquifer_Petrignano
2006-07-12,-23.88,Aquifer_Petrignano
2006-07-13,-24.01,Aquifer_Petrignano
2006-07-14,-24.12,Aquifer_Petrignano
2006-07-15,-24.17,Aquifer_Petrignano
2006-07-16,-24.09,Aquifer_Petrignano
2006-07-17,-24.19,Aquifer_Petrignano
2006-07-18,-24.28,Aquifer_Petrignano
2006-07-19,-24.31,Aquifer_Petrignano
2006-07-20,-24.45,Aquifer_Petrignano
2006-07-21,-24.4,Aquifer_Petrignano
2006-07-22,-24.46,Aquifer_Petrignano
2006-07-23,-24.16,Aquifer_Petrignano
2006-07-24,-24.02,Aquifer_Petrignano
2006-07-25,-24.09,Aquifer_Petrignano
2006-07-26,-24.14,Aquifer_Petrignano
2006-07-27,-24.25,Aquifer_Petrignano
2006-07-28,-24.41,Aquifer_Petrignano
2006-07-29,-24.47,Aquifer_Petrignano
2006-07-30,-24.13,Aquifer_Petrignano
2006-07-31,-24.39,Aquifer_Petrignano
2006-08-01,-24.54,Aquifer_Petrignano
2006-08-02,-24.41,Aquifer_Petrignano
2006-08-03,-24.32,Aquifer_Petrignano
2006-08-04,-24.09,Aquifer_Petrignano
2006-08-05,-24.02,Aquifer_Petrignano
2006-08-06,-23.72,Aquifer_Petrignano
2006-08-07,-24.1,Aquifer_Petrignano
2006-08-08,-24.15,Aquifer_Petrignano
2006-08-09,-24.17,Aquifer_Petrignano
2006-08-10,-24.25,Aquifer_Petrignano
2006-08-11,-24.27,Aquifer_Petrignano
2006-08-12,-24.16,Aquifer_Petrignano
2006-08-13,-24.1,Aquifer_Petrignano
2006-08-14,-24.16,Aquifer_Petrignano
2006-08-15,-23.78,Aquifer_Petrignano
2006-08-16,-24.1,Aquifer_Petrignano
2006-08-17,-24.14,Aquifer_Petrignano
2006-08-18,-24.13,Aquifer_Petrignano
2006-08-19,-24.21,Aquifer_Petrignano
2006-08-20,-24.24,Aquifer_Petrignano
2006-08-21,-24.27,Aquifer_Petrignano
2006-08-22,-24.27,Aquifer_Petrignano
2006-08-23,-24.37,Aquifer_Petrignano
2006-08-24,-24.39,Aquifer_Petrignano
2006-08-25,-24.31,Aquifer_Petrignano
2006-08-26,-24.26,Aquifer_Petrignano
2006-08-27,-24.15,Aquifer_Petrignano
2006-08-28,-24.23,Aquifer_Petrignano
2006-08-29,-24.29,Aquifer_Petrignano
2006-08-30,-24.38,Aquifer_Petrignano
2006-08-31,-24.48,Aquifer_Petrignano
2006-09-01,-24.54,Aquifer_Petrignano
2006-09-02,-24.49,Aquifer_Petrignano
2006-09-03,-24.45,Aquifer_Petrignano
2006-09-04,-24.53,Aquifer_Petrignano
2006-09-05,-24.6,Aquifer_Petrignano
2006-09-06,-24.6,Aquifer_Petrignano
2006-09-07,-24.65,Aquifer_Petrignano
2006-09-08,-24.74,Aquifer_Petrignano
2006-09-09,-24.86,Aquifer_Petrignano
2006-09-10,-24.83,Aquifer_Petrignano
2006-09-11,-24.86,Aquifer_Petrignano
2006-09-12,-24.91,Aquifer_Petrignano
2006-09-13,-24.82,Aquifer_Petrignano
2006-09-14,-24.87,Aquifer_Petrignano
2006-09-15,-24.67,Aquifer_Petrignano
2006-09-16,-24.65,Aquifer_Petrignano
2006-09-17,-24.5,Aquifer_Petrignano
2006-09-18,-24.63,Aquifer_Petrignano
2006-09-19,-24.66,Aquifer_Petrignano
2006-09-20,-24.72,Aquifer_Petrignano
2006-09-21,-24.77,Aquifer_Petrignano
2006-09-22,-24.75,Aquifer_Petrignano
2006-09-23,-24.79,Aquifer_Petrignano
2006-09-24,-24.75,Aquifer_Petrignano
2006-09-25,-24.73,Aquifer_Petrignano
2006-09-26,-24.69,Aquifer_Petrignano
2006-09-27,-24.73,Aquifer_Petrignano
2006-09-28,-24.77,Aquifer_Petrignano
2006-09-29,-24.8,Aquifer_Petrignano
2006-09-30,-24.85,Aquifer_Petrignano
2006-10-01,-24.82,Aquifer_Petrignano
2006-10-02,-24.87,Aquifer_Petrignano
2006-10-03,-24.97,Aquifer_Petrignano
2006-10-04,-25.01,Aquifer_Petrignano
2006-10-05,-25.09,Aquifer_Petrignano
2006-10-06,-25.14,Aquifer_Petrignano
2006-10-07,-25.15,Aquifer_Petrignano
2006-10-08,-25.17,Aquifer_Petrignano
2006-10-09,-25.18,Aquifer_Petrignano
2006-10-10,-25.21,Aquifer_Petrignano
2006-10-11,-25.25,Aquifer_Petrignano
2006-10-12,-25.36,Aquifer_Petrignano
2006-10-13,-25.43,Aquifer_Petrignano
2006-10-14,-25.4,Aquifer_Petrignano
2006-10-16,-25.3,Aquifer_Petrignano
2006-10-17,-25.34,Aquifer_Petrignano
2006-10-18,-25.37,Aquifer_Petrignano
2006-10-19,-25.39,Aquifer_Petrignano
2006-10-20,-25.35,Aquifer_Petrignano
2006-10-21,-25.4,Aquifer_Petrignano
2006-10-22,-25.33,Aquifer_Petrignano
2006-10-23,-25.36,Aquifer_Petrignano
2006-10-24,-25.41,Aquifer_Petrignano
2006-10-25,-25.56,Aquifer_Petrignano
2006-10-26,-25.93,Aquifer_Petrignano
2006-10-27,-25.84,Aquifer_Petrignano
2006-10-28,-25.74,Aquifer_Petrignano
2006-10-29,-25.53,Aquifer_Petrignano
2006-10-30,-25.68,Aquifer_Petrignano
2006-10-31,-25.58,Aquifer_Petrignano
2006-11-01,-25.34,Aquifer_Petrignano
2006-11-02,-25.36,Aquifer_Petrignano
2006-11-03,-25.38,Aquifer_Petrignano
2006-11-04,-25.47,Aquifer_Petrignano
2006-11-05,-25.4,Aquifer_Petrignano
2006-11-06,-25.39,Aquifer_Petrignano
2006-11-07,-25.44,Aquifer_Petrignano
2006-11-08,-25.62,Aquifer_Petrignano
2006-11-09,-25.65,Aquifer_Petrignano
2006-11-10,-25.66,Aquifer_Petrignano
2006-11-11,-25.74,Aquifer_Petrignano
2006-11-12,-25.66,Aquifer_Petrignano
2006-11-13,-25.7,Aquifer_Petrignano
2006-11-14,-25.8,Aquifer_Petrignano
2006-11-15,-25.82,Aquifer_Petrignano
2006-11-16,-25.84,Aquifer_Petrignano
2006-11-17,-25.86,Aquifer_Petrignano
2006-11-18,-25.88,Aquifer_Petrignano
2006-11-19,-25.88,Aquifer_Petrignano
2006-11-20,-25.81,Aquifer_Petrignano
2006-11-21,-25.83,Aquifer_Petrignano
2006-11-22,-25.86,Aquifer_Petrignano
2006-11-23,-25.92,Aquifer_Petrignano
2006-11-24,-25.99,Aquifer_Petrignano
2006-11-25,-25.99,Aquifer_Petrignano
2006-11-26,-25.93,Aquifer_Petrignano
2006-11-27,-26.0,Aquifer_Petrignano
2006-11-28,-25.99,Aquifer_Petrignano
2006-11-29,-25.96,Aquifer_Petrignano
2006-11-30,-26.01,Aquifer_Petrignano
2006-12-01,-26.07,Aquifer_Petrignano
2006-12-02,-26.12,Aquifer_Petrignano
2006-12-03,-25.99,Aquifer_Petrignano
2006-12-04,-26.01,Aquifer_Petrignano
2006-12-05,-26.07,Aquifer_Petrignano
2006-12-06,-25.94,Aquifer_Petrignano
2006-12-07,-25.87,Aquifer_Petrignano
2006-12-08,-25.95,Aquifer_Petrignano
2006-12-09,-25.95,Aquifer_Petrignano
2006-12-10,-26.08,Aquifer_Petrignano
2006-12-11,-26.15,Aquifer_Petrignano
2006-12-12,-26.27,Aquifer_Petrignano
2006-12-13,-26.25,Aquifer_Petrignano
2006-12-15,-26.58,Aquifer_Petrignano
2006-12-16,-26.32,Aquifer_Petrignano
2006-12-17,-26.17,Aquifer_Petrignano
2006-12-18,-26.13,Aquifer_Petrignano
2006-12-19,-26.77,Aquifer_Petrignano
2006-12-20,-26.81,Aquifer_Petrignano
2006-12-21,-26.62,Aquifer_Petrignano
2006-12-22,-26.65,Aquifer_Petrignano
2006-12-23,-26.76,Aquifer_Petrignano
2006-12-24,-26.8,Aquifer_Petrignano
2006-12-25,-26.62,Aquifer_Petrignano
2006-12-26,-26.65,Aquifer_Petrignano
2006-12-27,-26.73,Aquifer_Petrignano
2006-12-28,-26.74,Aquifer_Petrignano
2006-12-29,-26.73,Aquifer_Petrignano
2006-12-30,-26.78,Aquifer_Petrignano
2006-12-31,-26.92,Aquifer_Petrignano
2007-01-01,-26.68,Aquifer_Petrignano
2007-01-02,-26.72,Aquifer_Petrignano
2007-01-03,-26.86,Aquifer_Petrignano
2007-01-04,-26.94,Aquifer_Petrignano
2007-01-05,-26.95,Aquifer_Petrignano
2007-01-06,-27.03,Aquifer_Petrignano
2007-01-07,-26.93,Aquifer_Petrignano
2007-01-08,-26.96,Aquifer_Petrignano
2007-01-09,-27.01,Aquifer_Petrignano
2007-01-10,-27.08,Aquifer_Petrignano
2007-01-11,-27.04,Aquifer_Petrignano
2007-01-12,-27.01,Aquifer_Petrignano
2007-01-13,-27.18,Aquifer_Petrignano
2007-01-14,-27.1,Aquifer_Petrignano
2007-01-15,-27.15,Aquifer_Petrignano
2007-01-16,-27.24,Aquifer_Petrignano
2007-01-17,-27.19,Aquifer_Petrignano
2007-01-18,-27.18,Aquifer_Petrignano
2007-01-19,-27.1,Aquifer_Petrignano
2007-01-20,-27.25,Aquifer_Petrignano
2007-01-21,-27.21,Aquifer_Petrignano
2007-01-22,-27.31,Aquifer_Petrignano
2007-01-23,-27.27,Aquifer_Petrignano
2007-01-24,-27.26,Aquifer_Petrignano
2007-01-25,-27.36,Aquifer_Petrignano
2007-01-26,-27.4,Aquifer_Petrignano
2007-01-27,-27.32,Aquifer_Petrignano
2007-01-28,-27.39,Aquifer_Petrignano
2007-01-29,-27.35,Aquifer_Petrignano
2007-01-30,-27.37,Aquifer_Petrignano
2007-01-31,-27.43,Aquifer_Petrignano
2007-02-01,-27.47,Aquifer_Petrignano
2007-02-02,-27.55,Aquifer_Petrignano
2007-02-03,-27.48,Aquifer_Petrignano
2007-02-04,-27.54,Aquifer_Petrignano
2007-02-05,-27.5,Aquifer_Petrignano
2007-02-06,-27.51,Aquifer_Petrignano
2007-02-07,-27.51,Aquifer_Petrignano
2007-02-08,-27.53,Aquifer_Petrignano
2007-02-09,-27.54,Aquifer_Petrignano
2007-02-10,-27.56,Aquifer_Petrignano
2007-02-11,-27.59,Aquifer_Petrignano
2007-02-12,-27.53,Aquifer_Petrignano
2007-02-13,-27.51,Aquifer_Petrignano
2007-02-14,-27.53,Aquifer_Petrignano
2007-02-15,-27.44,Aquifer_Petrignano
2007-02-16,-27.57,Aquifer_Petrignano
2007-02-17,-27.54,Aquifer_Petrignano
2007-02-18,-27.43,Aquifer_Petrignano
2007-02-19,-27.39,Aquifer_Petrignano
2007-02-20,-27.44,Aquifer_Petrignano
2007-02-21,-27.51,Aquifer_Petrignano
2007-02-22,-27.54,Aquifer_Petrignano
2007-02-23,-27.46,Aquifer_Petrignano
2007-02-24,-27.52,Aquifer_Petrignano
2007-02-25,-27.36,Aquifer_Petrignano
2007-02-26,-27.36,Aquifer_Petrignano
2007-02-27,-27.42,Aquifer_Petrignano
2007-02-28,-27.43,Aquifer_Petrignano
2007-03-01,-27.33,Aquifer_Petrignano
2007-03-02,-27.36,Aquifer_Petrignano
2007-03-03,-27.38,Aquifer_Petrignano
2007-03-04,-27.3,Aquifer_Petrignano
2007-03-05,-27.36,Aquifer_Petrignano
2007-03-06,-27.33,Aquifer_Petrignano
2007-03-07,-27.31,Aquifer_Petrignano
2007-03-08,-27.19,Aquifer_Petrignano
2007-03-09,-27.35,Aquifer_Petrignano
2007-03-10,-27.32,Aquifer_Petrignano
2007-03-11,-27.18,Aquifer_Petrignano
2007-03-12,-27.15,Aquifer_Petrignano
2007-03-13,-27.25,Aquifer_Petrignano
2007-03-14,-27.27,Aquifer_Petrignano
2007-03-15,-27.2,Aquifer_Petrignano
2007-03-16,-27.26,Aquifer_Petrignano
2007-03-17,-27.25,Aquifer_Petrignano
2007-03-18,-27.17,Aquifer_Petrignano
2007-03-19,-26.95,Aquifer_Petrignano
2007-03-20,-27.0,Aquifer_Petrignano
2007-03-21,-27.1,Aquifer_Petrignano
2007-03-22,-27.05,Aquifer_Petrignano
2007-03-23,-27.07,Aquifer_Petrignano
2007-03-24,-27.05,Aquifer_Petrignano
2007-03-25,-26.95,Aquifer_Petrignano
2007-03-26,-27.08,Aquifer_Petrignano
2007-03-27,-27.07,Aquifer_Petrignano
2007-03-28,-27.13,Aquifer_Petrignano
2007-03-29,-27.13,Aquifer_Petrignano
2007-03-30,-27.1,Aquifer_Petrignano
2007-03-31,-27.16,Aquifer_Petrignano
2007-04-01,-27.16,Aquifer_Petrignano
2007-04-02,-27.02,Aquifer_Petrignano
2007-04-03,-27.01,Aquifer_Petrignano
2007-04-04,-26.97,Aquifer_Petrignano
2007-04-05,-27.08,Aquifer_Petrignano
2007-04-06,-27.15,Aquifer_Petrignano
2007-04-07,-27.09,Aquifer_Petrignano
2007-04-08,-26.61,Aquifer_Petrignano
2007-04-09,-26.63,Aquifer_Petrignano
2007-04-10,-27.0,Aquifer_Petrignano
2007-04-11,-27.02,Aquifer_Petrignano
2007-04-12,-27.03,Aquifer_Petrignano
2007-04-13,-26.93,Aquifer_Petrignano
2007-04-14,-27.15,Aquifer_Petrignano
2007-04-15,-27.14,Aquifer_Petrignano
2007-04-16,-27.14,Aquifer_Petrignano
2007-04-17,-27.21,Aquifer_Petrignano
2007-04-18,-27.19,Aquifer_Petrignano
2007-04-19,-27.19,Aquifer_Petrignano
2007-04-20,-27.13,Aquifer_Petrignano
2007-04-21,-27.04,Aquifer_Petrignano
2007-04-22,-27.33,Aquifer_Petrignano
2007-04-23,-27.2,Aquifer_Petrignano
2007-04-24,-27.18,Aquifer_Petrignano
2007-04-25,-26.77,Aquifer_Petrignano
2007-04-26,-26.78,Aquifer_Petrignano
2007-04-27,-27.07,Aquifer_Petrignano
2007-04-28,-27.18,Aquifer_Petrignano
2007-04-29,-26.78,Aquifer_Petrignano
2007-04-30,-26.55,Aquifer_Petrignano
2007-05-01,-26.3,Aquifer_Petrignano
2007-05-02,-26.27,Aquifer_Petrignano
2007-05-03,-26.29,Aquifer_Petrignano
2007-05-04,-26.27,Aquifer_Petrignano
2007-05-05,-26.39,Aquifer_Petrignano
2007-05-06,-26.28,Aquifer_Petrignano
2007-05-07,-26.33,Aquifer_Petrignano
2007-05-08,-26.42,Aquifer_Petrignano
2007-05-09,-26.45,Aquifer_Petrignano
2007-05-10,-26.34,Aquifer_Petrignano
2007-05-11,-26.37,Aquifer_Petrignano
2007-05-12,-26.43,Aquifer_Petrignano
2007-05-13,-26.43,Aquifer_Petrignano
2007-05-14,-26.79,Aquifer_Petrignano
2007-05-15,-26.9,Aquifer_Petrignano
2007-05-16,-26.46,Aquifer_Petrignano
2007-05-17,-26.41,Aquifer_Petrignano
2007-05-18,-26.8,Aquifer_Petrignano
2007-05-19,-26.91,Aquifer_Petrignano
2007-05-20,-26.92,Aquifer_Petrignano
2007-05-21,-26.96,Aquifer_Petrignano
2007-05-22,-27.13,Aquifer_Petrignano
2007-05-23,-27.26,Aquifer_Petrignano
2007-05-24,-26.83,Aquifer_Petrignano
2007-05-25,-27.36,Aquifer_Petrignano
2007-05-26,-27.31,Aquifer_Petrignano
2007-05-27,-27.13,Aquifer_Petrignano
2007-05-28,-26.54,Aquifer_Petrignano
2007-05-29,-26.61,Aquifer_Petrignano
2007-05-30,-26.68,Aquifer_Petrignano
2007-05-31,-26.79,Aquifer_Petrignano
2007-06-01,-26.76,Aquifer_Petrignano
2007-06-02,-27.0,Aquifer_Petrignano
2007-06-03,-26.64,Aquifer_Petrignano
2007-06-04,-26.72,Aquifer_Petrignano
2007-06-05,-27.24,Aquifer_Petrignano
2007-06-06,-26.82,Aquifer_Petrignano
2007-06-07,-27.1,Aquifer_Petrignano
2007-06-08,-26.96,Aquifer_Petrignano
2007-06-09,-27.24,Aquifer_Petrignano
2007-06-10,-27.14,Aquifer_Petrignano
2007-06-11,-27.24,Aquifer_Petrignano
2007-06-12,-27.32,Aquifer_Petrignano
2007-06-13,-27.29,Aquifer_Petrignano
2007-06-14,-27.36,Aquifer_Petrignano
2007-06-15,-27.4,Aquifer_Petrignano
2007-06-16,-27.42,Aquifer_Petrignano
2007-06-17,-26.95,Aquifer_Petrignano
2007-06-18,-27.38,Aquifer_Petrignano
2007-06-19,-27.69,Aquifer_Petrignano
2007-06-20,-27.73,Aquifer_Petrignano
2007-06-21,-27.76,Aquifer_Petrignano
2007-06-22,-27.81,Aquifer_Petrignano
2007-06-23,-27.8,Aquifer_Petrignano
2007-06-24,-27.83,Aquifer_Petrignano
2007-06-25,-27.81,Aquifer_Petrignano
2007-06-26,-28.0,Aquifer_Petrignano
2007-06-27,-28.0,Aquifer_Petrignano
2007-06-28,-28.13,Aquifer_Petrignano
2007-06-29,-28.16,Aquifer_Petrignano
2007-06-30,-28.16,Aquifer_Petrignano
2007-07-01,-28.15,Aquifer_Petrignano
2007-07-02,-28.12,Aquifer_Petrignano
2007-07-03,-28.29,Aquifer_Petrignano
2007-07-04,-28.26,Aquifer_Petrignano
2007-07-05,-28.3,Aquifer_Petrignano
2007-07-06,-28.48,Aquifer_Petrignano
2007-07-07,-28.62,Aquifer_Petrignano
2007-07-08,-28.53,Aquifer_Petrignano
2007-07-09,-28.59,Aquifer_Petrignano
2007-07-10,-28.68,Aquifer_Petrignano
2007-07-11,-28.83,Aquifer_Petrignano
2007-07-12,-28.89,Aquifer_Petrignano
2007-07-13,-28.97,Aquifer_Petrignano
2007-07-14,-29.02,Aquifer_Petrignano
2007-07-15,-29.03,Aquifer_Petrignano
2007-07-16,-29.08,Aquifer_Petrignano
2007-07-17,-29.16,Aquifer_Petrignano
2007-07-18,-29.24,Aquifer_Petrignano
2007-07-19,-29.01,Aquifer_Petrignano
2007-07-20,-29.07,Aquifer_Petrignano
2007-07-21,-29.35,Aquifer_Petrignano
2007-07-22,-29.4,Aquifer_Petrignano
2007-07-23,-29.32,Aquifer_Petrignano
2007-07-24,-29.41,Aquifer_Petrignano
2007-07-25,-29.49,Aquifer_Petrignano
2007-07-26,-29.58,Aquifer_Petrignano
2007-07-27,-29.64,Aquifer_Petrignano
2007-07-28,-29.64,Aquifer_Petrignano
2007-07-29,-29.62,Aquifer_Petrignano
2007-07-30,-29.64,Aquifer_Petrignano
2007-07-31,-29.76,Aquifer_Petrignano
2007-08-01,-29.93,Aquifer_Petrignano
2007-08-02,-29.96,Aquifer_Petrignano
2007-08-03,-30.02,Aquifer_Petrignano
2007-08-04,-29.75,Aquifer_Petrignano
2007-08-05,-29.83,Aquifer_Petrignano
2007-08-06,-29.87,Aquifer_Petrignano
2007-08-07,-29.89,Aquifer_Petrignano
2007-08-08,-29.99,Aquifer_Petrignano
2007-08-09,-29.79,Aquifer_Petrignano
2007-08-10,-29.73,Aquifer_Petrignano
2007-08-11,-29.55,Aquifer_Petrignano
2007-08-12,-29.48,Aquifer_Petrignano
2007-08-13,-29.56,Aquifer_Petrignano
2007-08-14,-29.71,Aquifer_Petrignano
2007-08-15,-29.59,Aquifer_Petrignano
2007-08-16,-29.63,Aquifer_Petrignano
2007-08-17,-29.98,Aquifer_Petrignano
2007-08-18,-29.97,Aquifer_Petrignano
2007-08-19,-29.83,Aquifer_Petrignano
2007-08-20,-29.87,Aquifer_Petrignano
2007-08-21,-29.86,Aquifer_Petrignano
2007-08-22,-29.74,Aquifer_Petrignano
2007-08-23,-29.88,Aquifer_Petrignano
2007-08-24,-29.71,Aquifer_Petrignano
2007-08-25,-29.91,Aquifer_Petrignano
2007-08-26,-29.8,Aquifer_Petrignano
2007-08-27,-29.98,Aquifer_Petrignano
2007-08-28,-30.17,Aquifer_Petrignano
2007-08-29,-30.25,Aquifer_Petrignano
2007-08-30,-30.28,Aquifer_Petrignano
2007-08-31,-30.38,Aquifer_Petrignano
2007-09-01,-30.36,Aquifer_Petrignano
2007-09-03,-30.24,Aquifer_Petrignano
2007-09-04,-30.37,Aquifer_Petrignano
2007-09-05,-30.41,Aquifer_Petrignano
2007-09-06,-30.38,Aquifer_Petrignano
2007-09-07,-30.42,Aquifer_Petrignano
2007-09-08,-30.5,Aquifer_Petrignano
2007-09-09,-30.46,Aquifer_Petrignano
2007-09-10,-30.46,Aquifer_Petrignano
2007-09-11,-30.58,Aquifer_Petrignano
2007-09-12,-30.66,Aquifer_Petrignano
2007-09-13,-30.67,Aquifer_Petrignano
2007-09-14,-30.65,Aquifer_Petrignano
2007-09-15,-30.69,Aquifer_Petrignano
2007-09-16,-30.7,Aquifer_Petrignano
2007-09-17,-30.73,Aquifer_Petrignano
2007-09-18,-30.75,Aquifer_Petrignano
2007-09-19,-30.83,Aquifer_Petrignano
2007-09-20,-30.87,Aquifer_Petrignano
2007-09-21,-30.87,Aquifer_Petrignano
2007-09-22,-30.94,Aquifer_Petrignano
2007-09-23,-30.71,Aquifer_Petrignano
2007-09-24,-30.88,Aquifer_Petrignano
2007-09-25,-30.94,Aquifer_Petrignano
2007-09-26,-30.96,Aquifer_Petrignano
2007-09-27,-30.66,Aquifer_Petrignano
2007-09-28,-30.6,Aquifer_Petrignano
2007-09-29,-30.49,Aquifer_Petrignano
2007-09-30,-30.61,Aquifer_Petrignano
2007-10-01,-30.59,Aquifer_Petrignano
2007-10-02,-30.68,Aquifer_Petrignano
2007-10-03,-30.87,Aquifer_Petrignano
2007-10-04,-30.81,Aquifer_Petrignano
2007-10-05,-30.82,Aquifer_Petrignano
2007-10-06,-30.78,Aquifer_Petrignano
2007-10-07,-30.51,Aquifer_Petrignano
2007-10-08,-30.64,Aquifer_Petrignano
2007-10-09,-30.88,Aquifer_Petrignano
2007-10-10,-30.91,Aquifer_Petrignano
2007-10-11,-30.91,Aquifer_Petrignano
2007-10-12,-30.99,Aquifer_Petrignano
2007-10-13,-31.02,Aquifer_Petrignano
2007-10-14,-30.76,Aquifer_Petrignano
2007-10-15,-30.82,Aquifer_Petrignano
2007-10-16,-31.1,Aquifer_Petrignano
2007-10-17,-30.79,Aquifer_Petrignano
2007-10-18,-31.07,Aquifer_Petrignano
2007-10-19,-31.1,Aquifer_Petrignano
2007-10-20,-30.98,Aquifer_Petrignano
2007-10-21,-30.78,Aquifer_Petrignano
2007-10-22,-30.76,Aquifer_Petrignano
2007-10-23,-30.91,Aquifer_Petrignano
2007-10-24,-30.87,Aquifer_Petrignano
2007-10-25,-30.59,Aquifer_Petrignano
2007-10-26,-30.51,Aquifer_Petrignano
2007-10-27,-30.81,Aquifer_Petrignano
2007-10-28,-30.64,Aquifer_Petrignano
2007-10-29,-30.57,Aquifer_Petrignano
2007-10-30,-30.59,Aquifer_Petrignano
2007-10-31,-30.64,Aquifer_Petrignano
2007-11-01,-30.69,Aquifer_Petrignano
2007-11-02,-30.84,Aquifer_Petrignano
2007-11-03,-30.68,Aquifer_Petrignano
2007-11-04,-30.62,Aquifer_Petrignano
2007-11-05,-30.66,Aquifer_Petrignano
2007-11-06,-30.7,Aquifer_Petrignano
2007-11-07,-30.82,Aquifer_Petrignano
2007-11-08,-30.76,Aquifer_Petrignano
2007-11-09,-30.79,Aquifer_Petrignano
2007-11-10,-30.86,Aquifer_Petrignano
2007-11-11,-30.68,Aquifer_Petrignano
2007-11-12,-30.86,Aquifer_Petrignano
2007-11-13,-30.79,Aquifer_Petrignano
2007-11-14,-30.73,Aquifer_Petrignano
2007-11-15,-30.76,Aquifer_Petrignano
2007-11-16,-30.84,Aquifer_Petrignano
2007-11-17,-30.83,Aquifer_Petrignano
2007-11-18,-30.77,Aquifer_Petrignano
2007-11-19,-30.83,Aquifer_Petrignano
2007-11-20,-30.85,Aquifer_Petrignano
2007-11-21,-30.91,Aquifer_Petrignano
2007-11-22,-30.82,Aquifer_Petrignano
2007-11-23,-30.87,Aquifer_Petrignano
2007-11-24,-30.95,Aquifer_Petrignano
2007-11-25,-30.92,Aquifer_Petrignano
2007-11-26,-30.87,Aquifer_Petrignano
2007-11-27,-30.97,Aquifer_Petrignano
2007-11-28,-30.93,Aquifer_Petrignano
2007-11-29,-30.95,Aquifer_Petrignano
2007-11-30,-30.96,Aquifer_Petrignano
2007-12-01,-31.13,Aquifer_Petrignano
2007-12-02,-31.15,Aquifer_Petrignano
2007-12-03,-31.05,Aquifer_Petrignano
2007-12-04,-31.06,Aquifer_Petrignano
2007-12-05,-31.2,Aquifer_Petrignano
2007-12-06,-31.21,Aquifer_Petrignano
2007-12-07,-31.06,Aquifer_Petrignano
2007-12-08,-31.01,Aquifer_Petrignano
2007-12-09,-30.96,Aquifer_Petrignano
2007-12-10,-30.93,Aquifer_Petrignano
2007-12-11,-31.03,Aquifer_Petrignano
2007-12-12,-30.96,Aquifer_Petrignano
2007-12-13,-30.88,Aquifer_Petrignano
2007-12-14,-30.63,Aquifer_Petrignano
2007-12-15,-30.91,Aquifer_Petrignano
2007-12-16,-30.97,Aquifer_Petrignano
2007-12-17,-31.09,Aquifer_Petrignano
2007-12-18,-31.1,Aquifer_Petrignano
2007-12-19,-31.14,Aquifer_Petrignano
2007-12-21,-31.18,Aquifer_Petrignano
2007-12-22,-31.21,Aquifer_Petrignano
2007-12-23,-31.07,Aquifer_Petrignano
2007-12-24,-31.13,Aquifer_Petrignano
2007-12-25,-30.92,Aquifer_Petrignano
2007-12-26,-30.91,Aquifer_Petrignano
2007-12-27,-31.08,Aquifer_Petrignano
2007-12-28,-31.1,Aquifer_Petrignano
2007-12-29,-31.2,Aquifer_Petrignano
2007-12-30,-31.1,Aquifer_Petrignano
2007-12-31,-31.15,Aquifer_Petrignano
2008-01-01,-31.22,Aquifer_Petrignano
2008-01-02,-31.19,Aquifer_Petrignano
2008-01-03,-31.08,Aquifer_Petrignano
2008-01-04,-31.18,Aquifer_Petrignano
2008-01-05,-31.23,Aquifer_Petrignano
2008-01-06,-31.15,Aquifer_Petrignano
2008-01-07,-31.17,Aquifer_Petrignano
2008-01-08,-31.26,Aquifer_Petrignano
2008-01-09,-31.31,Aquifer_Petrignano
2008-01-10,-31.23,Aquifer_Petrignano
2008-01-11,-31.21,Aquifer_Petrignano
2008-01-12,-31.13,Aquifer_Petrignano
2008-01-13,-31.15,Aquifer_Petrignano
2008-01-14,-31.12,Aquifer_Petrignano
2008-01-15,-31.13,Aquifer_Petrignano
2008-01-16,-31.05,Aquifer_Petrignano
2008-01-17,-31.07,Aquifer_Petrignano
2008-01-18,-31.16,Aquifer_Petrignano
2008-01-19,-31.22,Aquifer_Petrignano
2008-01-20,-31.12,Aquifer_Petrignano
2008-01-21,-31.03,Aquifer_Petrignano
2008-01-22,-31.02,Aquifer_Petrignano
2008-01-23,-31.13,Aquifer_Petrignano
2008-01-24,-31.15,Aquifer_Petrignano
2008-01-25,-31.27,Aquifer_Petrignano
2008-01-26,-31.4,Aquifer_Petrignano
2008-01-27,-31.4,Aquifer_Petrignano
2008-01-28,-31.18,Aquifer_Petrignano
2008-01-29,-31.17,Aquifer_Petrignano
2008-01-30,-31.2,Aquifer_Petrignano
2008-01-31,-31.11,Aquifer_Petrignano
2008-02-01,-31.22,Aquifer_Petrignano
2008-02-02,-31.25,Aquifer_Petrignano
2008-02-03,-31.21,Aquifer_Petrignano
2008-02-04,-31.13,Aquifer_Petrignano
2008-02-05,-31.22,Aquifer_Petrignano
2008-02-06,-31.26,Aquifer_Petrignano
2008-02-07,-31.25,Aquifer_Petrignano
2008-02-08,-31.23,Aquifer_Petrignano
2008-02-09,-31.29,Aquifer_Petrignano
2008-02-10,-31.29,Aquifer_Petrignano
2008-02-11,-31.27,Aquifer_Petrignano
2008-02-12,-31.21,Aquifer_Petrignano
2008-02-13,-31.3,Aquifer_Petrignano
2008-02-14,-31.42,Aquifer_Petrignano
2008-02-15,-31.31,Aquifer_Petrignano
2008-02-16,-31.43,Aquifer_Petrignano
2008-02-17,-31.32,Aquifer_Petrignano
2008-02-18,-31.35,Aquifer_Petrignano
2008-02-19,-31.38,Aquifer_Petrignano
2008-02-20,-31.4,Aquifer_Petrignano
2008-02-21,-31.38,Aquifer_Petrignano
2008-02-22,-31.43,Aquifer_Petrignano
2008-02-23,-31.44,Aquifer_Petrignano
2008-02-24,-31.36,Aquifer_Petrignano
2008-02-25,-31.42,Aquifer_Petrignano
2008-02-26,-31.5,Aquifer_Petrignano
2008-02-27,-31.38,Aquifer_Petrignano
2008-02-28,-31.49,Aquifer_Petrignano
2008-02-29,-31.47,Aquifer_Petrignano
2008-03-01,-31.65,Aquifer_Petrignano
2008-03-02,-31.58,Aquifer_Petrignano
2008-03-03,-31.59,Aquifer_Petrignano
2008-03-04,-31.56,Aquifer_Petrignano
2008-03-05,-31.41,Aquifer_Petrignano
2008-03-06,-31.63,Aquifer_Petrignano
2008-03-07,-31.48,Aquifer_Petrignano
2008-03-08,-31.63,Aquifer_Petrignano
2008-03-09,-31.78,Aquifer_Petrignano
2008-03-10,-31.37,Aquifer_Petrignano
2008-03-11,-31.5,Aquifer_Petrignano
2008-03-12,-31.35,Aquifer_Petrignano
2008-03-13,-31.34,Aquifer_Petrignano
2008-03-14,-31.28,Aquifer_Petrignano
2008-03-15,-31.2,Aquifer_Petrignano
2008-03-16,-31.1,Aquifer_Petrignano
2008-03-17,-31.03,Aquifer_Petrignano
2008-03-18,-31.08,Aquifer_Petrignano
2008-03-19,-31.11,Aquifer_Petrignano
2008-03-20,-31.05,Aquifer_Petrignano
2008-03-21,-31.02,Aquifer_Petrignano
2008-03-22,-30.97,Aquifer_Petrignano
2008-03-23,-30.9,Aquifer_Petrignano
2008-03-24,-31.05,Aquifer_Petrignano
2008-03-25,-31.07,Aquifer_Petrignano
2008-03-26,-30.96,Aquifer_Petrignano
2008-03-27,-30.93,Aquifer_Petrignano
2008-03-28,-31.07,Aquifer_Petrignano
2008-03-29,-31.11,Aquifer_Petrignano
2008-03-30,-31.01,Aquifer_Petrignano
2008-03-31,-30.95,Aquifer_Petrignano
2008-04-01,-31.07,Aquifer_Petrignano
2008-04-02,-30.95,Aquifer_Petrignano
2008-04-03,-30.88,Aquifer_Petrignano
2008-04-04,-30.94,Aquifer_Petrignano
2008-04-05,-31.04,Aquifer_Petrignano
2008-04-06,-30.94,Aquifer_Petrignano
2008-04-07,-30.93,Aquifer_Petrignano
2008-04-08,-30.99,Aquifer_Petrignano
2008-04-09,-30.95,Aquifer_Petrignano
2008-04-10,-30.99,Aquifer_Petrignano
2008-04-11,-30.71,Aquifer_Petrignano
2008-04-12,-30.69,Aquifer_Petrignano
2008-04-13,-30.76,Aquifer_Petrignano
2008-04-14,-30.7,Aquifer_Petrignano
2008-04-15,-30.7,Aquifer_Petrignano
2008-04-16,-30.77,Aquifer_Petrignano
2008-04-17,-30.61,Aquifer_Petrignano
2008-04-18,-30.63,Aquifer_Petrignano
2008-04-19,-30.66,Aquifer_Petrignano
2008-04-20,-30.68,Aquifer_Petrignano
2008-04-21,-30.58,Aquifer_Petrignano
2008-04-22,-30.6,Aquifer_Petrignano
2008-04-23,-30.67,Aquifer_Petrignano
2008-04-24,-30.67,Aquifer_Petrignano
2008-04-25,-30.54,Aquifer_Petrignano
2008-04-26,-30.48,Aquifer_Petrignano
2008-04-27,-30.38,Aquifer_Petrignano
2008-04-28,-30.53,Aquifer_Petrignano
2008-04-29,-30.54,Aquifer_Petrignano
2008-04-30,-30.47,Aquifer_Petrignano
2008-05-01,-30.41,Aquifer_Petrignano
2008-05-02,-30.55,Aquifer_Petrignano
2008-05-03,-30.57,Aquifer_Petrignano
2008-05-04,-30.45,Aquifer_Petrignano
2008-05-05,-30.48,Aquifer_Petrignano
2008-05-06,-30.49,Aquifer_Petrignano
2008-05-07,-30.59,Aquifer_Petrignano
2008-05-08,-30.86,Aquifer_Petrignano
2008-05-09,-30.93,Aquifer_Petrignano
2008-05-10,-30.9,Aquifer_Petrignano
2008-05-11,-30.7,Aquifer_Petrignano
2008-05-12,-30.59,Aquifer_Petrignano
2008-05-13,-30.56,Aquifer_Petrignano
2008-05-14,-30.57,Aquifer_Petrignano
2008-05-15,-30.77,Aquifer_Petrignano
2008-05-16,-30.86,Aquifer_Petrignano
2008-05-28,-30.68,Aquifer_Petrignano
2008-05-29,-30.75,Aquifer_Petrignano
2008-05-30,-30.51,Aquifer_Petrignano
2008-05-31,-30.6,Aquifer_Petrignano
2008-06-01,-30.53,Aquifer_Petrignano
2008-06-02,-30.39,Aquifer_Petrignano
2008-06-03,-30.45,Aquifer_Petrignano
2008-06-04,-30.65,Aquifer_Petrignano
2008-06-05,-30.73,Aquifer_Petrignano
2008-06-06,-30.71,Aquifer_Petrignano
2008-06-07,-30.72,Aquifer_Petrignano
2008-06-08,-30.6,Aquifer_Petrignano
2008-06-09,-30.67,Aquifer_Petrignano
2008-06-10,-30.8,Aquifer_Petrignano
2008-06-11,-30.83,Aquifer_Petrignano
2008-06-12,-30.68,Aquifer_Petrignano
2008-06-13,-30.7,Aquifer_Petrignano
2008-06-14,-30.66,Aquifer_Petrignano
2008-06-15,-30.56,Aquifer_Petrignano
2008-06-16,-30.64,Aquifer_Petrignano
2008-06-17,-30.77,Aquifer_Petrignano
2008-06-18,-30.72,Aquifer_Petrignano
2008-06-19,-30.9,Aquifer_Petrignano
2008-06-20,-30.71,Aquifer_Petrignano
2008-06-21,-30.91,Aquifer_Petrignano
2008-06-22,-30.82,Aquifer_Petrignano
2008-06-23,-31.04,Aquifer_Petrignano
2008-06-24,-31.24,Aquifer_Petrignano
2008-06-25,-31.34,Aquifer_Petrignano
2008-06-26,-31.44,Aquifer_Petrignano
2008-06-27,-31.52,Aquifer_Petrignano
2008-06-28,-31.3,Aquifer_Petrignano
2008-06-29,-31.32,Aquifer_Petrignano
2008-06-30,-31.3,Aquifer_Petrignano
2008-07-01,-31.08,Aquifer_Petrignano
2008-07-02,-31.48,Aquifer_Petrignano
2008-07-03,-31.2,Aquifer_Petrignano
2008-07-04,-31.33,Aquifer_Petrignano
2008-07-05,-31.31,Aquifer_Petrignano
2008-07-06,-31.22,Aquifer_Petrignano
2008-07-07,-31.27,Aquifer_Petrignano
2008-07-08,-31.35,Aquifer_Petrignano
2008-07-09,-31.58,Aquifer_Petrignano
2008-07-10,-31.71,Aquifer_Petrignano
2008-07-11,-31.77,Aquifer_Petrignano
2008-07-12,-31.88,Aquifer_Petrignano
2008-07-13,-31.66,Aquifer_Petrignano
2008-07-14,-31.57,Aquifer_Petrignano
2008-07-15,-31.34,Aquifer_Petrignano
2008-07-16,-31.64,Aquifer_Petrignano
2008-07-17,-31.71,Aquifer_Petrignano
2008-07-18,-31.78,Aquifer_Petrignano
2008-07-19,-31.77,Aquifer_Petrignano
2008-07-20,-31.88,Aquifer_Petrignano
2008-07-21,-31.81,Aquifer_Petrignano
2008-07-22,-32.03,Aquifer_Petrignano
2008-07-23,-32.07,Aquifer_Petrignano
2008-07-24,-32.09,Aquifer_Petrignano
2008-07-25,-32.16,Aquifer_Petrignano
2008-07-26,-32.25,Aquifer_Petrignano
2008-07-27,-32.16,Aquifer_Petrignano
2008-07-28,-31.93,Aquifer_Petrignano
2008-07-29,-32.11,Aquifer_Petrignano
2008-07-30,-32.23,Aquifer_Petrignano
2008-07-31,-32.39,Aquifer_Petrignano
2008-08-01,-32.46,Aquifer_Petrignano
2008-08-02,-32.52,Aquifer_Petrignano
2008-08-03,-32.54,Aquifer_Petrignano
2008-08-04,-32.61,Aquifer_Petrignano
2008-08-05,-32.67,Aquifer_Petrignano
2008-08-06,-32.6,Aquifer_Petrignano
2008-08-07,-32.61,Aquifer_Petrignano
2008-08-08,-32.65,Aquifer_Petrignano
2008-08-09,-32.73,Aquifer_Petrignano
2008-08-10,-32.5,Aquifer_Petrignano
2008-08-11,-32.6,Aquifer_Petrignano
2008-08-12,-32.7,Aquifer_Petrignano
2008-08-13,-32.7,Aquifer_Petrignano
2008-08-14,-32.85,Aquifer_Petrignano
2008-08-15,-32.67,Aquifer_Petrignano
2008-08-16,-32.21,Aquifer_Petrignano
2008-08-17,-32.22,Aquifer_Petrignano
2008-08-18,-32.61,Aquifer_Petrignano
2008-08-19,-32.79,Aquifer_Petrignano
2008-08-20,-32.71,Aquifer_Petrignano
2008-08-21,-32.69,Aquifer_Petrignano
2008-08-22,-32.78,Aquifer_Petrignano
2008-08-23,-32.86,Aquifer_Petrignano
2008-08-24,-32.7,Aquifer_Petrignano
2008-08-25,-32.65,Aquifer_Petrignano
2008-08-26,-32.77,Aquifer_Petrignano
2008-08-27,-32.68,Aquifer_Petrignano
2008-08-28,-32.73,Aquifer_Petrignano
2008-08-29,-32.81,Aquifer_Petrignano
2008-08-30,-32.85,Aquifer_Petrignano
2008-08-31,-32.87,Aquifer_Petrignano
2008-09-01,-32.93,Aquifer_Petrignano
2008-09-02,-32.84,Aquifer_Petrignano
2008-09-03,-32.88,Aquifer_Petrignano
2008-09-04,-32.91,Aquifer_Petrignano
2008-09-05,-33.01,Aquifer_Petrignano
2008-09-06,-33.02,Aquifer_Petrignano
2008-09-07,-33.03,Aquifer_Petrignano
2008-09-08,-33.07,Aquifer_Petrignano
2008-09-09,-33.09,Aquifer_Petrignano
2008-09-10,-33.18,Aquifer_Petrignano
2008-09-11,-33.15,Aquifer_Petrignano
2008-09-12,-33.1,Aquifer_Petrignano
2008-09-13,-32.99,Aquifer_Petrignano
2008-09-14,-32.64,Aquifer_Petrignano
2008-09-15,-32.64,Aquifer_Petrignano
2008-09-16,-32.77,Aquifer_Petrignano
2008-09-17,-32.83,Aquifer_Petrignano
2008-09-18,-32.89,Aquifer_Petrignano
2008-09-19,-32.84,Aquifer_Petrignano
2008-09-20,-32.86,Aquifer_Petrignano
2008-09-21,-32.88,Aquifer_Petrignano
2008-09-22,-32.94,Aquifer_Petrignano
2008-09-23,-33.01,Aquifer_Petrignano
2008-09-24,-33.03,Aquifer_Petrignano
2008-09-25,-33.07,Aquifer_Petrignano
2008-09-26,-33.04,Aquifer_Petrignano
2008-09-27,-33.01,Aquifer_Petrignano
2008-09-28,-32.87,Aquifer_Petrignano
2008-09-29,-32.95,Aquifer_Petrignano
2008-09-30,-33.1,Aquifer_Petrignano
2008-10-01,-33.06,Aquifer_Petrignano
2008-10-02,-33.06,Aquifer_Petrignano
2008-10-03,-33.12,Aquifer_Petrignano
2008-10-04,-33.12,Aquifer_Petrignano
2008-10-05,-33.09,Aquifer_Petrignano
2008-10-06,-33.16,Aquifer_Petrignano
2008-10-07,-33.21,Aquifer_Petrignano
2008-10-08,-33.21,Aquifer_Petrignano
2008-10-09,-33.23,Aquifer_Petrignano
2008-10-10,-33.27,Aquifer_Petrignano
2008-10-11,-33.33,Aquifer_Petrignano
2008-10-12,-33.27,Aquifer_Petrignano
2008-10-13,-33.32,Aquifer_Petrignano
2008-10-14,-33.28,Aquifer_Petrignano
2008-10-15,-33.28,Aquifer_Petrignano
2008-10-16,-33.25,Aquifer_Petrignano
2008-10-17,-33.21,Aquifer_Petrignano
2008-10-18,-33.27,Aquifer_Petrignano
2008-10-19,-33.22,Aquifer_Petrignano
2008-10-20,-33.26,Aquifer_Petrignano
2008-10-21,-33.31,Aquifer_Petrignano
2008-10-22,-33.26,Aquifer_Petrignano
2008-10-23,-33.39,Aquifer_Petrignano
2008-10-24,-33.32,Aquifer_Petrignano
2008-10-25,-33.4,Aquifer_Petrignano
2008-10-26,-33.39,Aquifer_Petrignano
2008-10-27,-33.35,Aquifer_Petrignano
2008-10-28,-33.37,Aquifer_Petrignano
2008-10-29,-33.38,Aquifer_Petrignano
2008-10-30,-33.43,Aquifer_Petrignano
2008-10-31,-33.39,Aquifer_Petrignano
2008-11-01,-33.4,Aquifer_Petrignano
2008-11-02,-33.35,Aquifer_Petrignano
2008-11-03,-33.37,Aquifer_Petrignano
2008-11-04,-33.41,Aquifer_Petrignano
2008-11-05,-33.33,Aquifer_Petrignano
2008-11-06,-33.32,Aquifer_Petrignano
2008-11-07,-33.28,Aquifer_Petrignano
2008-11-08,-33.27,Aquifer_Petrignano
2008-11-09,-33.27,Aquifer_Petrignano
2008-11-10,-33.2,Aquifer_Petrignano
2008-11-11,-33.43,Aquifer_Petrignano
2008-11-12,-33.49,Aquifer_Petrignano
2008-11-13,-33.5,Aquifer_Petrignano
2008-11-14,-33.54,Aquifer_Petrignano
2008-11-15,-33.59,Aquifer_Petrignano
2008-11-16,-33.41,Aquifer_Petrignano
2008-11-17,-33.47,Aquifer_Petrignano
2008-11-18,-33.51,Aquifer_Petrignano
2008-11-19,-33.47,Aquifer_Petrignano
2008-11-20,-33.44,Aquifer_Petrignano
2008-11-21,-33.36,Aquifer_Petrignano
2008-11-22,-33.48,Aquifer_Petrignano
2008-11-23,-33.48,Aquifer_Petrignano
2008-11-24,-33.48,Aquifer_Petrignano
2008-11-25,-33.48,Aquifer_Petrignano
2008-11-26,-33.54,Aquifer_Petrignano
2008-11-27,-33.5,Aquifer_Petrignano
2008-11-28,-33.5,Aquifer_Petrignano
2008-11-29,-33.49,Aquifer_Petrignano
2008-11-30,-33.45,Aquifer_Petrignano
2008-12-01,-33.52,Aquifer_Petrignano
2008-12-02,-33.53,Aquifer_Petrignano
2008-12-03,-33.39,Aquifer_Petrignano
2008-12-04,-33.35,Aquifer_Petrignano
2008-12-05,-33.31,Aquifer_Petrignano
2008-12-06,-33.41,Aquifer_Petrignano
2008-12-07,-33.42,Aquifer_Petrignano
2008-12-08,-33.4,Aquifer_Petrignano
2008-12-09,-33.33,Aquifer_Petrignano
2008-12-10,-33.22,Aquifer_Petrignano
2008-12-11,-33.22,Aquifer_Petrignano
2008-12-12,-33.25,Aquifer_Petrignano
2008-12-13,-33.42,Aquifer_Petrignano
2008-12-14,-33.28,Aquifer_Petrignano
2008-12-15,-33.21,Aquifer_Petrignano
2008-12-16,-33.14,Aquifer_Petrignano
2008-12-17,-33.05,Aquifer_Petrignano
2008-12-18,-33.1,Aquifer_Petrignano
2008-12-19,-33.06,Aquifer_Petrignano
2008-12-20,-33.02,Aquifer_Petrignano
2008-12-21,-32.92,Aquifer_Petrignano
2008-12-22,-32.84,Aquifer_Petrignano
2008-12-23,-32.83,Aquifer_Petrignano
2008-12-24,-32.78,Aquifer_Petrignano
2008-12-25,-32.46,Aquifer_Petrignano
2008-12-26,-32.28,Aquifer_Petrignano
2008-12-27,-32.48,Aquifer_Petrignano
2008-12-28,-32.24,Aquifer_Petrignano
2008-12-29,-32.23,Aquifer_Petrignano
2008-12-30,-32.25,Aquifer_Petrignano
2008-12-31,-32.25,Aquifer_Petrignano
2009-01-01,-31.96,Aquifer_Petrignano
2009-01-02,-32.03,Aquifer_Petrignano
2009-01-03,-31.97,Aquifer_Petrignano
2009-01-04,-31.91,Aquifer_Petrignano
2009-01-05,-31.94,Aquifer_Petrignano
2009-01-06,-31.89,Aquifer_Petrignano
2009-01-07,-31.91,Aquifer_Petrignano
2009-01-08,-31.83,Aquifer_Petrignano
2009-01-09,-31.8,Aquifer_Petrignano
2009-01-10,-31.76,Aquifer_Petrignano
2009-01-11,-31.7,Aquifer_Petrignano
2009-01-12,-31.57,Aquifer_Petrignano
2009-01-13,-31.54,Aquifer_Petrignano
2009-01-14,-31.44,Aquifer_Petrignano
2009-01-15,-31.26,Aquifer_Petrignano
2009-01-16,-31.5,Aquifer_Petrignano
2009-01-17,-31.61,Aquifer_Petrignano
2009-01-18,-31.15,Aquifer_Petrignano
2009-01-19,-30.95,Aquifer_Petrignano
2009-01-20,-30.93,Aquifer_Petrignano
2009-01-21,-30.89,Aquifer_Petrignano
2009-01-22,-30.81,Aquifer_Petrignano
2009-01-23,-30.75,Aquifer_Petrignano
2009-01-24,-30.71,Aquifer_Petrignano
2009-01-25,-30.72,Aquifer_Petrignano
2009-01-26,-30.51,Aquifer_Petrignano
2009-01-27,-30.57,Aquifer_Petrignano
2009-01-28,-30.52,Aquifer_Petrignano
2009-01-29,-30.52,Aquifer_Petrignano
2009-01-30,-30.49,Aquifer_Petrignano
2009-01-31,-30.49,Aquifer_Petrignano
2009-02-01,-30.29,Aquifer_Petrignano
2009-02-02,-30.32,Aquifer_Petrignano
2009-02-03,-30.4,Aquifer_Petrignano
2009-02-04,-30.21,Aquifer_Petrignano
2009-02-05,-30.28,Aquifer_Petrignano
2009-02-06,-30.15,Aquifer_Petrignano
2009-02-07,-30.11,Aquifer_Petrignano
2009-02-08,-30.01,Aquifer_Petrignano
2009-02-09,-30.05,Aquifer_Petrignano
2009-02-10,-30.02,Aquifer_Petrignano
2009-02-11,-30.1,Aquifer_Petrignano
2009-02-12,-29.97,Aquifer_Petrignano
2009-02-13,-30.05,Aquifer_Petrignano
2009-02-14,-30.02,Aquifer_Petrignano
2009-02-15,-29.97,Aquifer_Petrignano
2009-02-16,-29.94,Aquifer_Petrignano
2009-02-17,-29.77,Aquifer_Petrignano
2009-02-18,-29.79,Aquifer_Petrignano
2009-02-19,-29.75,Aquifer_Petrignano
2009-02-20,-29.77,Aquifer_Petrignano
2009-02-21,-29.79,Aquifer_Petrignano
2009-02-22,-29.64,Aquifer_Petrignano
2009-02-23,-29.58,Aquifer_Petrignano
2009-02-24,-29.56,Aquifer_Petrignano
2009-02-25,-29.56,Aquifer_Petrignano
2009-02-26,-29.52,Aquifer_Petrignano
2009-02-27,-29.53,Aquifer_Petrignano
2009-02-28,-29.56,Aquifer_Petrignano
2009-03-01,-29.42,Aquifer_Petrignano
2009-03-02,-29.42,Aquifer_Petrignano
2009-03-03,-29.42,Aquifer_Petrignano
2009-03-04,-29.21,Aquifer_Petrignano
2009-03-05,-29.22,Aquifer_Petrignano
2009-03-06,-29.26,Aquifer_Petrignano
2009-03-07,-29.36,Aquifer_Petrignano
2009-03-08,-29.3,Aquifer_Petrignano
2009-03-09,-29.22,Aquifer_Petrignano
2009-03-10,-29.24,Aquifer_Petrignano
2009-03-11,-29.22,Aquifer_Petrignano
2009-03-12,-29.28,Aquifer_Petrignano
2009-03-13,-29.23,Aquifer_Petrignano
2009-03-14,-29.2,Aquifer_Petrignano
2009-03-15,-29.07,Aquifer_Petrignano
2009-03-16,-29.16,Aquifer_Petrignano
2009-03-17,-29.15,Aquifer_Petrignano
2009-03-18,-29.12,Aquifer_Petrignano
2009-03-19,-28.98,Aquifer_Petrignano
2009-03-20,-28.95,Aquifer_Petrignano
2009-03-21,-28.89,Aquifer_Petrignano
2009-03-22,-28.85,Aquifer_Petrignano
2009-03-23,-28.8,Aquifer_Petrignano
2009-03-24,-28.69,Aquifer_Petrignano
2009-03-25,-28.75,Aquifer_Petrignano
2009-03-26,-28.77,Aquifer_Petrignano
2009-03-27,-28.75,Aquifer_Petrignano
2009-03-28,-28.7,Aquifer_Petrignano
2009-03-29,-28.5,Aquifer_Petrignano
2009-03-30,-28.58,Aquifer_Petrignano
2009-03-31,-28.58,Aquifer_Petrignano
2009-04-01,-28.52,Aquifer_Petrignano
2009-04-02,-28.61,Aquifer_Petrignano
2009-04-03,-28.6,Aquifer_Petrignano
2009-04-04,-28.59,Aquifer_Petrignano
2009-04-05,-28.52,Aquifer_Petrignano
2009-04-06,-28.47,Aquifer_Petrignano
2009-04-07,-28.43,Aquifer_Petrignano
2009-04-08,-28.47,Aquifer_Petrignano
2009-04-09,-28.46,Aquifer_Petrignano
2009-04-10,-28.41,Aquifer_Petrignano
2009-04-11,-28.33,Aquifer_Petrignano
2009-04-12,-28.26,Aquifer_Petrignano
2009-04-13,-27.89,Aquifer_Petrignano
2009-04-14,-28.08,Aquifer_Petrignano
2009-04-15,-28.29,Aquifer_Petrignano
2009-04-16,-28.26,Aquifer_Petrignano
2009-04-17,-28.21,Aquifer_Petrignano
2009-04-18,-28.27,Aquifer_Petrignano
2009-04-19,-28.08,Aquifer_Petrignano
2009-04-20,-28.06,Aquifer_Petrignano
2009-04-21,-28.07,Aquifer_Petrignano
2009-04-22,-28.03,Aquifer_Petrignano
2009-04-23,-28.1,Aquifer_Petrignano
2009-04-24,-28.12,Aquifer_Petrignano
2009-04-25,-28.1,Aquifer_Petrignano
2009-04-26,-28.02,Aquifer_Petrignano
2009-04-27,-27.91,Aquifer_Petrignano
2009-04-28,-27.91,Aquifer_Petrignano
2009-04-29,-27.94,Aquifer_Petrignano
2009-04-30,-27.86,Aquifer_Petrignano
2009-05-01,-27.89,Aquifer_Petrignano
2009-05-02,-27.93,Aquifer_Petrignano
2009-05-03,-27.82,Aquifer_Petrignano
2009-05-04,-27.85,Aquifer_Petrignano
2009-05-05,-27.88,Aquifer_Petrignano
2009-05-06,-27.92,Aquifer_Petrignano
2009-05-07,-27.98,Aquifer_Petrignano
2009-05-08,-27.94,Aquifer_Petrignano
2009-05-09,-28.01,Aquifer_Petrignano
2009-05-10,-27.98,Aquifer_Petrignano
2009-05-11,-27.95,Aquifer_Petrignano
2009-05-12,-28.03,Aquifer_Petrignano
2009-05-13,-28.05,Aquifer_Petrignano
2009-05-14,-28.02,Aquifer_Petrignano
2009-05-15,-27.98,Aquifer_Petrignano
2009-05-16,-27.99,Aquifer_Petrignano
2009-05-17,-28.01,Aquifer_Petrignano
2009-05-18,-28.07,Aquifer_Petrignano
2009-05-19,-28.12,Aquifer_Petrignano
2009-05-20,-28.16,Aquifer_Petrignano
2009-05-21,-28.2,Aquifer_Petrignano
2009-05-22,-28.19,Aquifer_Petrignano
2009-05-23,-28.26,Aquifer_Petrignano
2009-05-24,-28.21,Aquifer_Petrignano
2009-05-25,-28.25,Aquifer_Petrignano
2009-05-26,-28.28,Aquifer_Petrignano
2009-05-27,-28.35,Aquifer_Petrignano
2009-05-28,-28.03,Aquifer_Petrignano
2009-05-29,-28.12,Aquifer_Petrignano
2009-05-30,-28.01,Aquifer_Petrignano
2009-05-31,-27.94,Aquifer_Petrignano
2009-06-01,-27.71,Aquifer_Petrignano
2009-06-02,-27.95,Aquifer_Petrignano
2009-06-03,-27.99,Aquifer_Petrignano
2009-06-04,-28.0,Aquifer_Petrignano
2009-06-05,-28.04,Aquifer_Petrignano
2009-06-06,-27.97,Aquifer_Petrignano
2009-06-07,-27.89,Aquifer_Petrignano
2009-06-08,-27.95,Aquifer_Petrignano
2009-06-09,-28.09,Aquifer_Petrignano
2009-06-10,-28.13,Aquifer_Petrignano
2009-06-11,-28.19,Aquifer_Petrignano
2009-06-12,-28.24,Aquifer_Petrignano
2009-06-13,-28.33,Aquifer_Petrignano
2009-06-14,-28.39,Aquifer_Petrignano
2009-06-15,-28.38,Aquifer_Petrignano
2009-06-16,-28.45,Aquifer_Petrignano
2009-06-17,-28.47,Aquifer_Petrignano
2009-06-18,-28.43,Aquifer_Petrignano
2009-06-19,-28.42,Aquifer_Petrignano
2009-06-20,-28.42,Aquifer_Petrignano
2009-06-21,-28.04,Aquifer_Petrignano
2009-06-22,-28.29,Aquifer_Petrignano
2009-06-23,-28.3,Aquifer_Petrignano
2009-06-24,-28.25,Aquifer_Petrignano
2009-06-25,-28.36,Aquifer_Petrignano
2009-06-26,-28.37,Aquifer_Petrignano
2009-06-27,-28.09,Aquifer_Petrignano
2009-06-28,-27.75,Aquifer_Petrignano
2009-06-29,-28.01,Aquifer_Petrignano
2009-06-30,-28.12,Aquifer_Petrignano
2009-07-01,-28.21,Aquifer_Petrignano
2009-07-02,-28.18,Aquifer_Petrignano
2009-07-03,-27.96,Aquifer_Petrignano
2009-07-04,-27.99,Aquifer_Petrignano
2009-07-05,-27.82,Aquifer_Petrignano
2009-07-06,-27.69,Aquifer_Petrignano
2009-07-07,-28.0,Aquifer_Petrignano
2009-07-08,-28.08,Aquifer_Petrignano
2009-07-09,-27.81,Aquifer_Petrignano
2009-07-10,-28.06,Aquifer_Petrignano
2009-07-11,-28.11,Aquifer_Petrignano
2009-07-12,-28.11,Aquifer_Petrignano
2009-07-13,-28.19,Aquifer_Petrignano
2009-07-14,-28.37,Aquifer_Petrignano
2009-07-15,-28.44,Aquifer_Petrignano
2009-07-16,-28.51,Aquifer_Petrignano
2009-07-17,-28.54,Aquifer_Petrignano
2009-07-18,-28.44,Aquifer_Petrignano
2009-07-19,-28.22,Aquifer_Petrignano
2009-07-20,-28.32,Aquifer_Petrignano
2009-07-21,-28.56,Aquifer_Petrignano
2009-07-22,-28.57,Aquifer_Petrignano
2009-07-23,-28.72,Aquifer_Petrignano
2009-07-24,-28.84,Aquifer_Petrignano
2009-07-25,-28.92,Aquifer_Petrignano
2009-07-26,-28.76,Aquifer_Petrignano
2009-07-27,-28.77,Aquifer_Petrignano
2009-07-28,-28.9,Aquifer_Petrignano
2009-07-29,-29.01,Aquifer_Petrignano
2009-07-30,-28.97,Aquifer_Petrignano
2009-07-31,-29.07,Aquifer_Petrignano
2009-08-01,-29.12,Aquifer_Petrignano
2009-08-02,-29.01,Aquifer_Petrignano
2009-08-03,-28.88,Aquifer_Petrignano
2009-08-04,-28.3,Aquifer_Petrignano
2009-08-05,-28.54,Aquifer_Petrignano
2009-08-06,-28.6,Aquifer_Petrignano
2009-08-07,-28.66,Aquifer_Petrignano
2009-08-08,-28.71,Aquifer_Petrignano
2009-08-09,-28.48,Aquifer_Petrignano
2009-08-10,-28.39,Aquifer_Petrignano
2009-08-11,-28.31,Aquifer_Petrignano
2009-08-12,-28.4,Aquifer_Petrignano
2009-08-13,-28.6,Aquifer_Petrignano
2009-08-14,-28.63,Aquifer_Petrignano
2009-08-15,-28.47,Aquifer_Petrignano
2009-08-16,-28.51,Aquifer_Petrignano
2009-08-17,-28.64,Aquifer_Petrignano
2009-08-18,-28.77,Aquifer_Petrignano
2009-08-19,-28.88,Aquifer_Petrignano
2009-08-20,-29.04,Aquifer_Petrignano
2009-08-21,-29.15,Aquifer_Petrignano
2009-08-22,-29.19,Aquifer_Petrignano
2009-08-23,-29.26,Aquifer_Petrignano
2009-08-24,-29.29,Aquifer_Petrignano
2009-08-25,-29.19,Aquifer_Petrignano
2009-08-26,-29.19,Aquifer_Petrignano
2009-08-27,-29.17,Aquifer_Petrignano
2009-08-28,-29.08,Aquifer_Petrignano
2009-08-29,-29.02,Aquifer_Petrignano
2009-08-30,-28.88,Aquifer_Petrignano
2009-08-31,-29.04,Aquifer_Petrignano
2009-09-01,-29.18,Aquifer_Petrignano
2009-09-02,-29.2,Aquifer_Petrignano
2009-09-03,-29.15,Aquifer_Petrignano
2009-09-04,-29.17,Aquifer_Petrignano
2009-09-05,-29.18,Aquifer_Petrignano
2009-09-06,-29.11,Aquifer_Petrignano
2009-09-07,-29.05,Aquifer_Petrignano
2009-09-08,-29.2,Aquifer_Petrignano
2009-09-09,-29.19,Aquifer_Petrignano
2009-09-10,-29.22,Aquifer_Petrignano
2009-09-11,-29.19,Aquifer_Petrignano
2009-09-12,-29.2,Aquifer_Petrignano
2009-09-13,-29.0,Aquifer_Petrignano
2009-09-14,-29.13,Aquifer_Petrignano
2009-09-15,-29.07,Aquifer_Petrignano
2009-09-16,-28.86,Aquifer_Petrignano
2009-09-17,-28.81,Aquifer_Petrignano
2009-09-18,-28.83,Aquifer_Petrignano
2009-09-19,-29.02,Aquifer_Petrignano
2009-09-20,-28.98,Aquifer_Petrignano
2009-09-21,-28.73,Aquifer_Petrignano
2009-09-22,-28.9,Aquifer_Petrignano
2009-09-23,-28.97,Aquifer_Petrignano
2009-09-24,-28.99,Aquifer_Petrignano
2009-09-25,-29.27,Aquifer_Petrignano
2009-09-26,-29.34,Aquifer_Petrignano
2009-09-27,-29.3,Aquifer_Petrignano
2009-09-28,-29.32,Aquifer_Petrignano
2009-09-29,-29.34,Aquifer_Petrignano
2009-09-30,-29.36,Aquifer_Petrignano
2009-10-01,-29.33,Aquifer_Petrignano
2009-10-02,-29.35,Aquifer_Petrignano
2009-10-03,-29.44,Aquifer_Petrignano
2009-10-04,-29.37,Aquifer_Petrignano
2009-10-05,-29.24,Aquifer_Petrignano
2009-10-06,-29.46,Aquifer_Petrignano
2009-10-07,-29.48,Aquifer_Petrignano
2009-10-08,-29.51,Aquifer_Petrignano
2009-10-09,-29.52,Aquifer_Petrignano
2009-10-10,-29.43,Aquifer_Petrignano
2009-10-11,-29.28,Aquifer_Petrignano
2009-10-12,-29.31,Aquifer_Petrignano
2009-10-13,-29.32,Aquifer_Petrignano
2009-10-14,-29.28,Aquifer_Petrignano
2009-10-15,-29.31,Aquifer_Petrignano
2009-10-16,-29.4,Aquifer_Petrignano
2009-10-17,-29.42,Aquifer_Petrignano
2009-10-18,-29.38,Aquifer_Petrignano
2009-10-19,-29.37,Aquifer_Petrignano
2009-10-20,-29.46,Aquifer_Petrignano
2009-10-21,-29.37,Aquifer_Petrignano
2009-10-22,-29.24,Aquifer_Petrignano
2009-10-23,-29.36,Aquifer_Petrignano
2009-10-24,-29.56,Aquifer_Petrignano
2009-10-25,-29.7,Aquifer_Petrignano
2009-10-26,-29.61,Aquifer_Petrignano
2009-10-27,-29.69,Aquifer_Petrignano
2009-10-28,-29.68,Aquifer_Petrignano
2009-10-29,-29.72,Aquifer_Petrignano
2009-10-30,-29.76,Aquifer_Petrignano
2009-10-31,-29.79,Aquifer_Petrignano
2009-11-01,-29.66,Aquifer_Petrignano
2009-11-02,-29.6,Aquifer_Petrignano
2009-11-03,-29.59,Aquifer_Petrignano
2009-11-04,-29.68,Aquifer_Petrignano
2009-11-05,-29.76,Aquifer_Petrignano
2009-11-06,-29.69,Aquifer_Petrignano
2009-11-07,-29.75,Aquifer_Petrignano
2009-11-08,-29.7,Aquifer_Petrignano
2009-11-09,-29.61,Aquifer_Petrignano
2009-11-10,-29.62,Aquifer_Petrignano
2009-11-11,-29.71,Aquifer_Petrignano
2009-11-12,-29.74,Aquifer_Petrignano
2009-11-13,-29.67,Aquifer_Petrignano
2009-11-14,-29.65,Aquifer_Petrignano
2009-11-15,-29.57,Aquifer_Petrignano
2009-11-16,-29.59,Aquifer_Petrignano
2009-11-17,-29.61,Aquifer_Petrignano
2009-11-18,-29.7,Aquifer_Petrignano
2009-11-19,-29.73,Aquifer_Petrignano
2009-11-20,-29.83,Aquifer_Petrignano
2009-11-21,-29.84,Aquifer_Petrignano
2009-11-22,-29.81,Aquifer_Petrignano
2009-11-23,-29.88,Aquifer_Petrignano
2009-11-24,-29.9,Aquifer_Petrignano
2009-11-25,-29.87,Aquifer_Petrignano
2009-11-26,-29.85,Aquifer_Petrignano
2009-11-27,-29.84,Aquifer_Petrignano
2009-11-28,-29.87,Aquifer_Petrignano
2009-11-29,-29.84,Aquifer_Petrignano
2009-11-30,-29.83,Aquifer_Petrignano
2009-12-01,-29.9,Aquifer_Petrignano
2009-12-02,-29.95,Aquifer_Petrignano
2009-12-03,-29.97,Aquifer_Petrignano
2009-12-04,-29.84,Aquifer_Petrignano
2009-12-05,-29.93,Aquifer_Petrignano
2009-12-06,-29.93,Aquifer_Petrignano
2009-12-07,-29.88,Aquifer_Petrignano
2009-12-08,-29.78,Aquifer_Petrignano
2009-12-09,-29.88,Aquifer_Petrignano
2009-12-10,-29.95,Aquifer_Petrignano
2009-12-11,-30.05,Aquifer_Petrignano
2009-12-12,-30.03,Aquifer_Petrignano
2009-12-13,-30.09,Aquifer_Petrignano
2009-12-14,-30.01,Aquifer_Petrignano
2009-12-15,-29.98,Aquifer_Petrignano
2009-12-16,-29.91,Aquifer_Petrignano
2009-12-17,-29.91,Aquifer_Petrignano
2009-12-18,-29.99,Aquifer_Petrignano
2009-12-19,-29.98,Aquifer_Petrignano
2009-12-20,-30.08,Aquifer_Petrignano
2009-12-21,-30.13,Aquifer_Petrignano
2009-12-22,-30.1,Aquifer_Petrignano
2009-12-23,-30.21,Aquifer_Petrignano
2009-12-24,-30.15,Aquifer_Petrignano
2009-12-25,-29.72,Aquifer_Petrignano
2009-12-26,-29.83,Aquifer_Petrignano
2009-12-27,-29.84,Aquifer_Petrignano
2009-12-28,-29.88,Aquifer_Petrignano
2009-12-29,-29.76,Aquifer_Petrignano
2009-12-30,-29.7,Aquifer_Petrignano
2009-12-31,-29.82,Aquifer_Petrignano
2010-01-01,-29.78,Aquifer_Petrignano
2010-01-02,-29.84,Aquifer_Petrignano
2010-01-03,-29.94,Aquifer_Petrignano
2010-01-04,-29.77,Aquifer_Petrignano
2010-01-05,-29.58,Aquifer_Petrignano
2010-01-06,-29.68,Aquifer_Petrignano
2010-01-07,-29.64,Aquifer_Petrignano
2010-01-08,-29.59,Aquifer_Petrignano
2010-01-09,-29.66,Aquifer_Petrignano
2010-01-10,-29.69,Aquifer_Petrignano
2010-01-11,-29.62,Aquifer_Petrignano
2010-01-12,-29.65,Aquifer_Petrignano
2010-01-13,-29.56,Aquifer_Petrignano
2010-01-14,-29.53,Aquifer_Petrignano
2010-01-15,-29.54,Aquifer_Petrignano
2010-01-16,-29.55,Aquifer_Petrignano
2010-01-17,-29.51,Aquifer_Petrignano
2010-01-18,-29.4,Aquifer_Petrignano
2010-01-19,-29.37,Aquifer_Petrignano
2010-01-20,-29.39,Aquifer_Petrignano
2010-01-21,-29.44,Aquifer_Petrignano
2010-01-22,-29.47,Aquifer_Petrignano
2010-01-23,-29.46,Aquifer_Petrignano
2010-01-24,-29.37,Aquifer_Petrignano
2010-01-25,-29.34,Aquifer_Petrignano
2010-01-26,-29.22,Aquifer_Petrignano
2010-01-27,-29.21,Aquifer_Petrignano
2010-01-28,-28.96,Aquifer_Petrignano
2010-01-29,-29.09,Aquifer_Petrignano
2010-01-30,-29.09,Aquifer_Petrignano
2010-01-31,-29.13,Aquifer_Petrignano
2010-02-01,-29.19,Aquifer_Petrignano
2010-02-02,-29.14,Aquifer_Petrignano
2010-02-03,-29.14,Aquifer_Petrignano
2010-02-04,-29.1,Aquifer_Petrignano
2010-02-05,-28.97,Aquifer_Petrignano
2010-02-06,-29.01,Aquifer_Petrignano
2010-02-07,-28.66,Aquifer_Petrignano
2010-02-08,-28.99,Aquifer_Petrignano
2010-02-09,-28.95,Aquifer_Petrignano
2010-02-10,-28.84,Aquifer_Petrignano
2010-02-11,-28.87,Aquifer_Petrignano
2010-02-12,-28.89,Aquifer_Petrignano
2010-02-13,-29.04,Aquifer_Petrignano
2010-02-14,-28.88,Aquifer_Petrignano
2010-02-15,-28.83,Aquifer_Petrignano
2010-02-16,-28.76,Aquifer_Petrignano
2010-02-17,-28.74,Aquifer_Petrignano
2010-02-18,-28.65,Aquifer_Petrignano
2010-02-19,-28.7,Aquifer_Petrignano
2010-02-20,-28.68,Aquifer_Petrignano
2010-02-21,-28.67,Aquifer_Petrignano
2010-02-22,-28.61,Aquifer_Petrignano
2010-02-23,-28.52,Aquifer_Petrignano
2010-02-24,-28.59,Aquifer_Petrignano
2010-02-25,-28.39,Aquifer_Petrignano
2010-02-26,-28.39,Aquifer_Petrignano
2010-02-27,-28.49,Aquifer_Petrignano
2010-02-28,-28.2,Aquifer_Petrignano
2010-03-01,-28.16,Aquifer_Petrignano
2010-03-02,-28.39,Aquifer_Petrignano
2010-03-03,-28.25,Aquifer_Petrignano
2010-03-04,-28.24,Aquifer_Petrignano
2010-03-05,-28.27,Aquifer_Petrignano
2010-03-06,-28.31,Aquifer_Petrignano
2010-03-07,-28.19,Aquifer_Petrignano
2010-03-08,-28.11,Aquifer_Petrignano
2010-03-09,-27.96,Aquifer_Petrignano
2010-03-10,-28.08,Aquifer_Petrignano
2010-03-11,-28.06,Aquifer_Petrignano
2010-03-12,-27.95,Aquifer_Petrignano
2010-03-13,-28.0,Aquifer_Petrignano
2010-03-14,-27.95,Aquifer_Petrignano
2010-03-15,-27.88,Aquifer_Petrignano
2010-03-16,-27.92,Aquifer_Petrignano
2010-03-17,-27.88,Aquifer_Petrignano
2010-03-18,-27.85,Aquifer_Petrignano
2010-03-19,-27.8,Aquifer_Petrignano
2010-03-20,-27.74,Aquifer_Petrignano
2010-03-21,-27.46,Aquifer_Petrignano
2010-03-22,-27.62,Aquifer_Petrignano
2010-03-23,-27.61,Aquifer_Petrignano
2010-03-24,-27.59,Aquifer_Petrignano
2010-03-25,-27.45,Aquifer_Petrignano
2010-03-26,-27.35,Aquifer_Petrignano
2010-03-27,-27.31,Aquifer_Petrignano
2010-03-28,-26.98,Aquifer_Petrignano
2010-03-29,-27.12,Aquifer_Petrignano
2010-03-30,-27.07,Aquifer_Petrignano
2010-03-31,-27.14,Aquifer_Petrignano
2010-04-01,-27.12,Aquifer_Petrignano
2010-04-02,-27.07,Aquifer_Petrignano
2010-04-03,-27.08,Aquifer_Petrignano
2010-04-04,-26.91,Aquifer_Petrignano
2010-04-05,-26.78,Aquifer_Petrignano
2010-04-06,-26.63,Aquifer_Petrignano
2010-04-07,-26.87,Aquifer_Petrignano
2010-04-08,-26.71,Aquifer_Petrignano
2010-04-09,-26.86,Aquifer_Petrignano
2010-04-10,-26.88,Aquifer_Petrignano
2010-04-11,-26.72,Aquifer_Petrignano
2010-04-12,-26.79,Aquifer_Petrignano
2010-04-13,-26.68,Aquifer_Petrignano
2010-04-14,-26.57,Aquifer_Petrignano
2010-04-15,-26.79,Aquifer_Petrignano
2010-04-16,-26.81,Aquifer_Petrignano
2010-04-17,-26.77,Aquifer_Petrignano
2010-04-18,-26.66,Aquifer_Petrignano
2010-04-19,-26.7,Aquifer_Petrignano
2010-04-20,-26.52,Aquifer_Petrignano
2010-04-21,-26.63,Aquifer_Petrignano
2010-04-22,-26.55,Aquifer_Petrignano
2010-04-23,-26.61,Aquifer_Petrignano
2010-04-24,-26.47,Aquifer_Petrignano
2010-04-25,-26.36,Aquifer_Petrignano
2010-04-26,-26.52,Aquifer_Petrignano
2010-04-27,-26.58,Aquifer_Petrignano
2010-04-28,-26.5,Aquifer_Petrignano
2010-04-29,-26.55,Aquifer_Petrignano
2010-04-30,-26.53,Aquifer_Petrignano
2010-05-01,-26.53,Aquifer_Petrignano
2010-05-02,-26.05,Aquifer_Petrignano
2010-05-03,-26.03,Aquifer_Petrignano
2010-05-04,-26.03,Aquifer_Petrignano
2010-05-05,-26.31,Aquifer_Petrignano
2010-05-06,-26.29,Aquifer_Petrignano
2010-05-07,-26.31,Aquifer_Petrignano
2010-05-08,-26.32,Aquifer_Petrignano
2010-05-09,-26.01,Aquifer_Petrignano
2010-05-10,-26.07,Aquifer_Petrignano
2010-05-11,-25.96,Aquifer_Petrignano
2010-05-12,-26.15,Aquifer_Petrignano
2010-05-13,-26.08,Aquifer_Petrignano
2010-05-14,-26.04,Aquifer_Petrignano
2010-05-15,-25.94,Aquifer_Petrignano
2010-05-16,-25.88,Aquifer_Petrignano
2010-05-17,-25.86,Aquifer_Petrignano
2010-05-18,-26.03,Aquifer_Petrignano
2010-05-19,-25.94,Aquifer_Petrignano
2010-05-20,-26.07,Aquifer_Petrignano
2010-05-21,-26.07,Aquifer_Petrignano
2010-05-22,-26.08,Aquifer_Petrignano
2010-05-23,-26.01,Aquifer_Petrignano
2010-05-24,-25.91,Aquifer_Petrignano
2010-05-25,-26.02,Aquifer_Petrignano
2010-05-26,-26.05,Aquifer_Petrignano
2010-05-27,-26.03,Aquifer_Petrignano
2010-05-28,-26.0,Aquifer_Petrignano
2010-05-29,-26.04,Aquifer_Petrignano
2010-05-30,-25.97,Aquifer_Petrignano
2010-05-31,-25.78,Aquifer_Petrignano
2010-06-01,-25.92,Aquifer_Petrignano
2010-06-02,-25.76,Aquifer_Petrignano
2010-06-03,-25.47,Aquifer_Petrignano
2010-06-04,-25.62,Aquifer_Petrignano
2010-06-05,-25.9,Aquifer_Petrignano
2010-06-06,-25.89,Aquifer_Petrignano
2010-06-07,-25.93,Aquifer_Petrignano
2010-06-08,-25.98,Aquifer_Petrignano
2010-06-09,-26.09,Aquifer_Petrignano
2010-06-10,-26.04,Aquifer_Petrignano
2010-06-11,-26.13,Aquifer_Petrignano
2010-06-12,-26.17,Aquifer_Petrignano
2010-06-13,-25.82,Aquifer_Petrignano
2010-06-14,-26.0,Aquifer_Petrignano
2010-06-15,-26.1,Aquifer_Petrignano
2010-06-16,-25.91,Aquifer_Petrignano
2010-06-17,-26.09,Aquifer_Petrignano
2010-06-18,-26.2,Aquifer_Petrignano
2010-06-19,-25.99,Aquifer_Petrignano
2010-06-20,-25.44,Aquifer_Petrignano
2010-06-21,-25.28,Aquifer_Petrignano
2010-06-22,-25.64,Aquifer_Petrignano
2010-06-23,-25.7,Aquifer_Petrignano
2010-06-24,-25.8,Aquifer_Petrignano
2010-06-25,-25.99,Aquifer_Petrignano
2010-06-26,-25.96,Aquifer_Petrignano
2010-06-27,-25.29,Aquifer_Petrignano
2010-06-28,-25.75,Aquifer_Petrignano
2010-06-29,-25.98,Aquifer_Petrignano
2010-06-30,-26.11,Aquifer_Petrignano
2010-07-01,-26.25,Aquifer_Petrignano
2010-07-02,-26.25,Aquifer_Petrignano
2010-07-03,-26.37,Aquifer_Petrignano
2010-07-04,-26.28,Aquifer_Petrignano
2010-07-05,-26.37,Aquifer_Petrignano
2010-07-06,-26.39,Aquifer_Petrignano
2010-07-07,-26.47,Aquifer_Petrignano
2010-07-08,-26.6,Aquifer_Petrignano
2010-07-09,-26.68,Aquifer_Petrignano
2010-07-10,-26.76,Aquifer_Petrignano
2010-07-11,-26.35,Aquifer_Petrignano
2010-07-12,-26.62,Aquifer_Petrignano
2010-07-13,-26.77,Aquifer_Petrignano
2010-07-14,-26.82,Aquifer_Petrignano
2010-07-15,-26.96,Aquifer_Petrignano
2010-07-16,-27.03,Aquifer_Petrignano
2010-07-17,-27.09,Aquifer_Petrignano
2010-07-18,-26.79,Aquifer_Petrignano
2010-07-19,-26.72,Aquifer_Petrignano
2010-07-20,-27.08,Aquifer_Petrignano
2010-07-21,-27.34,Aquifer_Petrignano
2010-07-22,-27.29,Aquifer_Petrignano
2010-07-23,-27.35,Aquifer_Petrignano
2010-07-24,-27.43,Aquifer_Petrignano
2010-07-25,-26.92,Aquifer_Petrignano
2010-07-26,-27.06,Aquifer_Petrignano
2010-07-27,-26.99,Aquifer_Petrignano
2010-07-28,-27.12,Aquifer_Petrignano
2010-07-29,-26.95,Aquifer_Petrignano
2010-07-30,-26.89,Aquifer_Petrignano
2010-07-31,-26.94,Aquifer_Petrignano
2010-08-01,-26.59,Aquifer_Petrignano
2010-08-02,-26.93,Aquifer_Petrignano
2010-08-03,-27.21,Aquifer_Petrignano
2010-08-04,-27.11,Aquifer_Petrignano
2010-08-05,-27.3,Aquifer_Petrignano
2010-08-06,-27.07,Aquifer_Petrignano
2010-08-07,-27.03,Aquifer_Petrignano
2010-08-08,-26.88,Aquifer_Petrignano
2010-08-09,-27.2,Aquifer_Petrignano
2010-08-10,-27.42,Aquifer_Petrignano
2010-08-11,-27.29,Aquifer_Petrignano
2010-08-12,-27.36,Aquifer_Petrignano
2010-08-13,-27.3,Aquifer_Petrignano
2010-08-14,-26.8,Aquifer_Petrignano
2010-08-15,-26.79,Aquifer_Petrignano
2010-08-16,-26.92,Aquifer_Petrignano
2010-08-17,-27.1,Aquifer_Petrignano
2010-08-18,-27.13,Aquifer_Petrignano
2010-08-19,-27.16,Aquifer_Petrignano
2010-08-20,-27.23,Aquifer_Petrignano
2010-08-21,-27.22,Aquifer_Petrignano
2010-08-22,-27.17,Aquifer_Petrignano
2010-08-23,-27.16,Aquifer_Petrignano
2010-08-24,-27.27,Aquifer_Petrignano
2010-08-25,-27.28,Aquifer_Petrignano
2010-08-26,-27.17,Aquifer_Petrignano
2010-08-27,-27.24,Aquifer_Petrignano
2010-08-28,-27.26,Aquifer_Petrignano
2010-08-29,-27.03,Aquifer_Petrignano
2010-08-30,-26.99,Aquifer_Petrignano
2010-08-31,-26.85,Aquifer_Petrignano
2010-09-01,-27.14,Aquifer_Petrignano
2010-09-02,-27.23,Aquifer_Petrignano
2010-09-03,-27.34,Aquifer_Petrignano
2010-09-04,-27.37,Aquifer_Petrignano
2010-09-05,-27.14,Aquifer_Petrignano
2010-09-06,-27.11,Aquifer_Petrignano
2010-09-07,-27.25,Aquifer_Petrignano
2010-09-08,-27.21,Aquifer_Petrignano
2010-09-09,-27.19,Aquifer_Petrignano
2010-09-10,-27.23,Aquifer_Petrignano
2010-09-11,-27.26,Aquifer_Petrignano
2010-09-12,-27.27,Aquifer_Petrignano
2010-09-13,-27.15,Aquifer_Petrignano
2010-09-14,-27.01,Aquifer_Petrignano
2010-09-15,-27.05,Aquifer_Petrignano
2010-09-16,-27.1,Aquifer_Petrignano
2010-09-17,-27.21,Aquifer_Petrignano
2010-09-18,-27.21,Aquifer_Petrignano
2010-09-19,-27.0,Aquifer_Petrignano
2010-09-20,-26.96,Aquifer_Petrignano
2010-09-21,-27.03,Aquifer_Petrignano
2010-09-22,-26.99,Aquifer_Petrignano
2010-09-23,-27.05,Aquifer_Petrignano
2010-09-24,-27.0,Aquifer_Petrignano
2010-09-25,-26.94,Aquifer_Petrignano
2010-09-26,-26.86,Aquifer_Petrignano
2010-09-27,-27.06,Aquifer_Petrignano
2010-09-28,-27.24,Aquifer_Petrignano
2010-09-29,-27.19,Aquifer_Petrignano
2010-09-30,-27.13,Aquifer_Petrignano
2010-10-01,-27.09,Aquifer_Petrignano
2010-10-02,-27.13,Aquifer_Petrignano
2010-10-03,-27.13,Aquifer_Petrignano
2010-10-04,-27.13,Aquifer_Petrignano
2010-10-05,-27.08,Aquifer_Petrignano
2010-10-06,-27.04,Aquifer_Petrignano
2010-10-07,-27.1,Aquifer_Petrignano
2010-10-08,-27.11,Aquifer_Petrignano
2010-10-09,-27.13,Aquifer_Petrignano
2010-10-10,-27.04,Aquifer_Petrignano
2010-10-11,-27.05,Aquifer_Petrignano
2010-10-12,-27.04,Aquifer_Petrignano
2010-10-13,-26.96,Aquifer_Petrignano
2010-10-14,-27.03,Aquifer_Petrignano
2010-10-15,-27.01,Aquifer_Petrignano
2010-10-16,-27.07,Aquifer_Petrignano
2010-10-17,-26.95,Aquifer_Petrignano
2010-10-18,-27.03,Aquifer_Petrignano
2010-10-19,-27.05,Aquifer_Petrignano
2010-10-20,-27.03,Aquifer_Petrignano
2010-10-21,-27.05,Aquifer_Petrignano
2010-10-22,-27.13,Aquifer_Petrignano
2010-10-23,-27.21,Aquifer_Petrignano
2010-10-24,-27.31,Aquifer_Petrignano
2010-10-25,-27.05,Aquifer_Petrignano
2010-10-26,-27.08,Aquifer_Petrignano
2010-10-27,-27.26,Aquifer_Petrignano
2010-10-28,-27.14,Aquifer_Petrignano
2010-10-29,-27.13,Aquifer_Petrignano
2010-10-30,-27.17,Aquifer_Petrignano
2010-10-31,-26.96,Aquifer_Petrignano
2010-11-01,-26.82,Aquifer_Petrignano
2010-11-02,-26.85,Aquifer_Petrignano
2010-11-03,-27.09,Aquifer_Petrignano
2010-11-04,-27.17,Aquifer_Petrignano
2010-11-05,-27.16,Aquifer_Petrignano
2010-11-06,-27.04,Aquifer_Petrignano
2010-11-07,-26.9,Aquifer_Petrignano
2010-11-08,-26.71,Aquifer_Petrignano
2010-11-09,-26.83,Aquifer_Petrignano
2010-11-10,-26.96,Aquifer_Petrignano
2010-11-11,-27.11,Aquifer_Petrignano
2010-11-12,-26.78,Aquifer_Petrignano
2010-11-13,-26.8,Aquifer_Petrignano
2010-11-14,-26.81,Aquifer_Petrignano
2010-11-15,-26.76,Aquifer_Petrignano
2010-11-16,-26.87,Aquifer_Petrignano
2010-11-17,-27.03,Aquifer_Petrignano
2010-11-18,-27.09,Aquifer_Petrignano
2010-11-19,-27.09,Aquifer_Petrignano
2010-11-20,-27.12,Aquifer_Petrignano
2010-11-21,-26.77,Aquifer_Petrignano
2010-11-22,-26.96,Aquifer_Petrignano
2010-11-23,-27.0,Aquifer_Petrignano
2010-11-24,-26.92,Aquifer_Petrignano
2010-11-25,-26.88,Aquifer_Petrignano
2010-11-26,-26.84,Aquifer_Petrignano
2010-11-27,-27.04,Aquifer_Petrignano
2010-11-28,-26.9,Aquifer_Petrignano
2010-11-29,-27.0,Aquifer_Petrignano
2010-11-30,-27.04,Aquifer_Petrignano
2010-12-01,-27.01,Aquifer_Petrignano
2010-12-02,-27.12,Aquifer_Petrignano
2010-12-03,-27.27,Aquifer_Petrignano
2010-12-04,-27.2,Aquifer_Petrignano
2010-12-05,-27.04,Aquifer_Petrignano
2010-12-06,-26.93,Aquifer_Petrignano
2010-12-07,-26.9,Aquifer_Petrignano
2010-12-08,-26.89,Aquifer_Petrignano
2010-12-09,-26.66,Aquifer_Petrignano
2010-12-10,-26.75,Aquifer_Petrignano
2010-12-11,-26.71,Aquifer_Petrignano
2010-12-12,-26.44,Aquifer_Petrignano
2010-12-13,-26.52,Aquifer_Petrignano
2010-12-14,-26.36,Aquifer_Petrignano
2010-12-15,-26.32,Aquifer_Petrignano
2010-12-16,-26.4,Aquifer_Petrignano
2010-12-17,-26.31,Aquifer_Petrignano
2010-12-18,-26.3,Aquifer_Petrignano
2010-12-19,-26.17,Aquifer_Petrignano
2010-12-20,-25.93,Aquifer_Petrignano
2010-12-21,-26.06,Aquifer_Petrignano
2010-12-22,-25.9,Aquifer_Petrignano
2010-12-23,-25.89,Aquifer_Petrignano
2010-12-24,-25.87,Aquifer_Petrignano
2010-12-25,-25.45,Aquifer_Petrignano
2010-12-26,-25.38,Aquifer_Petrignano
2010-12-27,-25.62,Aquifer_Petrignano
2010-12-28,-25.64,Aquifer_Petrignano
2010-12-29,-25.5,Aquifer_Petrignano
2010-12-30,-25.44,Aquifer_Petrignano
2010-12-31,-25.6,Aquifer_Petrignano
2011-01-01,-25.56,Aquifer_Petrignano
2011-01-02,-25.24,Aquifer_Petrignano
2011-01-03,-25.48,Aquifer_Petrignano
2011-01-04,-25.35,Aquifer_Petrignano
2011-01-05,-25.29,Aquifer_Petrignano
2011-01-06,-25.24,Aquifer_Petrignano
2011-01-07,-25.19,Aquifer_Petrignano
2011-01-08,-25.31,Aquifer_Petrignano
2011-01-09,-25.22,Aquifer_Petrignano
2011-01-10,-25.08,Aquifer_Petrignano
2011-01-11,-24.98,Aquifer_Petrignano
2011-01-12,-25.14,Aquifer_Petrignano
2011-01-13,-24.92,Aquifer_Petrignano
2011-01-14,-24.87,Aquifer_Petrignano
2011-01-15,-25.09,Aquifer_Petrignano
2011-01-16,-25.02,Aquifer_Petrignano
2011-01-17,-24.79,Aquifer_Petrignano
2011-01-18,-24.86,Aquifer_Petrignano
2011-01-19,-24.8,Aquifer_Petrignano
2011-01-20,-24.7,Aquifer_Petrignano
2011-01-21,-24.78,Aquifer_Petrignano
2011-01-22,-24.78,Aquifer_Petrignano
2011-01-23,-24.59,Aquifer_Petrignano
2011-01-24,-24.71,Aquifer_Petrignano
2011-01-25,-24.62,Aquifer_Petrignano
2011-01-26,-24.55,Aquifer_Petrignano
2011-01-27,-24.63,Aquifer_Petrignano
2011-01-28,-24.69,Aquifer_Petrignano
2011-01-29,-24.71,Aquifer_Petrignano
2011-01-30,-24.57,Aquifer_Petrignano
2011-01-31,-24.36,Aquifer_Petrignano
2011-02-01,-24.49,Aquifer_Petrignano
2011-02-02,-24.41,Aquifer_Petrignano
2011-02-03,-24.41,Aquifer_Petrignano
2011-02-04,-24.51,Aquifer_Petrignano
2011-02-05,-24.47,Aquifer_Petrignano
2011-02-06,-24.27,Aquifer_Petrignano
2011-02-07,-24.3,Aquifer_Petrignano
2011-02-08,-24.31,Aquifer_Petrignano
2011-02-09,-24.15,Aquifer_Petrignano
2011-02-10,-24.18,Aquifer_Petrignano
2011-02-11,-24.21,Aquifer_Petrignano
2011-02-12,-24.11,Aquifer_Petrignano
2011-02-13,-24.07,Aquifer_Petrignano
2011-02-14,-24.07,Aquifer_Petrignano
2011-02-15,-24.09,Aquifer_Petrignano
2011-02-16,-23.9,Aquifer_Petrignano
2011-02-17,-24.05,Aquifer_Petrignano
2011-02-18,-23.99,Aquifer_Petrignano
2011-02-19,-24.18,Aquifer_Petrignano
2011-02-20,-24.1,Aquifer_Petrignano
2011-02-21,-23.84,Aquifer_Petrignano
2011-02-22,-23.97,Aquifer_Petrignano
2011-02-23,-24.05,Aquifer_Petrignano
2011-02-24,-24.01,Aquifer_Petrignano
2011-02-25,-24.03,Aquifer_Petrignano
2011-02-26,-24.07,Aquifer_Petrignano
2011-02-27,-23.95,Aquifer_Petrignano
2011-02-28,-23.87,Aquifer_Petrignano
2011-03-01,-23.89,Aquifer_Petrignano
2011-03-02,-23.89,Aquifer_Petrignano
2011-03-03,-23.97,Aquifer_Petrignano
2011-03-04,-24.11,Aquifer_Petrignano
2011-03-05,-24.06,Aquifer_Petrignano
2011-03-06,-24.09,Aquifer_Petrignano
2011-03-07,-24.14,Aquifer_Petrignano
2011-03-08,-24.13,Aquifer_Petrignano
2011-03-09,-24.06,Aquifer_Petrignano
2011-03-10,-24.11,Aquifer_Petrignano
2011-03-11,-24.09,Aquifer_Petrignano
2011-03-12,-24.11,Aquifer_Petrignano
2011-03-13,-24.03,Aquifer_Petrignano
2011-03-14,-23.96,Aquifer_Petrignano
2011-03-15,-23.93,Aquifer_Petrignano
2011-03-16,-23.95,Aquifer_Petrignano
2011-03-17,-23.92,Aquifer_Petrignano
2011-03-18,-23.86,Aquifer_Petrignano
2011-03-19,-24.02,Aquifer_Petrignano
2011-03-20,-23.9,Aquifer_Petrignano
2011-03-21,-23.9,Aquifer_Petrignano
2011-03-22,-23.92,Aquifer_Petrignano
2011-03-23,-23.82,Aquifer_Petrignano
2011-03-24,-23.99,Aquifer_Petrignano
2011-03-25,-23.96,Aquifer_Petrignano
2011-03-26,-23.87,Aquifer_Petrignano
2011-03-27,-23.82,Aquifer_Petrignano
2011-03-28,-23.54,Aquifer_Petrignano
2011-03-29,-23.67,Aquifer_Petrignano
2011-03-30,-23.82,Aquifer_Petrignano
2011-03-31,-23.86,Aquifer_Petrignano
2011-04-01,-23.9,Aquifer_Petrignano
2011-04-02,-23.96,Aquifer_Petrignano
2011-04-03,-23.87,Aquifer_Petrignano
2011-04-04,-23.9,Aquifer_Petrignano
2011-04-05,-23.82,Aquifer_Petrignano
2011-04-06,-23.78,Aquifer_Petrignano
2011-04-07,-23.77,Aquifer_Petrignano
2011-04-08,-23.75,Aquifer_Petrignano
2011-04-09,-23.75,Aquifer_Petrignano
2011-04-10,-23.68,Aquifer_Petrignano
2011-04-11,-23.66,Aquifer_Petrignano
2011-04-12,-23.78,Aquifer_Petrignano
2011-04-13,-23.75,Aquifer_Petrignano
2011-04-14,-23.86,Aquifer_Petrignano
2011-04-15,-23.8,Aquifer_Petrignano
2011-04-16,-23.88,Aquifer_Petrignano
2011-04-17,-23.78,Aquifer_Petrignano
2011-04-18,-23.83,Aquifer_Petrignano
2011-04-19,-23.89,Aquifer_Petrignano
2011-04-20,-23.85,Aquifer_Petrignano
2011-04-21,-23.99,Aquifer_Petrignano
2011-04-22,-23.88,Aquifer_Petrignano
2011-04-23,-23.89,Aquifer_Petrignano
2011-04-24,-23.4,Aquifer_Petrignano
2011-04-25,-23.35,Aquifer_Petrignano
2011-04-26,-23.51,Aquifer_Petrignano
2011-04-27,-23.65,Aquifer_Petrignano
2011-04-28,-23.72,Aquifer_Petrignano
2011-04-29,-23.7,Aquifer_Petrignano
2011-04-30,-23.48,Aquifer_Petrignano
2011-05-01,-23.5,Aquifer_Petrignano
2011-05-02,-23.6,Aquifer_Petrignano
2011-05-03,-23.53,Aquifer_Petrignano
2011-05-04,-23.78,Aquifer_Petrignano
2011-05-05,-23.84,Aquifer_Petrignano
2011-05-06,-23.87,Aquifer_Petrignano
2011-05-07,-24.01,Aquifer_Petrignano
2011-05-08,-23.77,Aquifer_Petrignano
2011-05-09,-23.91,Aquifer_Petrignano
2011-05-10,-23.96,Aquifer_Petrignano
2011-05-11,-24.04,Aquifer_Petrignano
2011-05-12,-24.08,Aquifer_Petrignano
2011-05-13,-24.12,Aquifer_Petrignano
2011-05-14,-24.2,Aquifer_Petrignano
2011-05-15,-24.07,Aquifer_Petrignano
2011-05-16,-23.68,Aquifer_Petrignano
2011-05-17,-23.85,Aquifer_Petrignano
2011-05-18,-23.9,Aquifer_Petrignano
2011-05-19,-23.91,Aquifer_Petrignano
2011-05-20,-23.84,Aquifer_Petrignano
2011-05-21,-23.81,Aquifer_Petrignano
2011-05-22,-23.76,Aquifer_Petrignano
2011-05-23,-23.94,Aquifer_Petrignano
2011-05-24,-24.07,Aquifer_Petrignano
2011-05-25,-24.29,Aquifer_Petrignano
2011-05-26,-24.23,Aquifer_Petrignano
2011-05-27,-24.06,Aquifer_Petrignano
2011-05-28,-23.93,Aquifer_Petrignano
2011-05-29,-23.89,Aquifer_Petrignano
2011-05-30,-23.9,Aquifer_Petrignano
2011-05-31,-24.07,Aquifer_Petrignano
2011-06-01,-23.94,Aquifer_Petrignano
2011-06-02,-23.74,Aquifer_Petrignano
2011-06-03,-23.88,Aquifer_Petrignano
2011-06-04,-23.76,Aquifer_Petrignano
2011-06-05,-23.68,Aquifer_Petrignano
2011-06-06,-23.7,Aquifer_Petrignano
2011-06-07,-23.66,Aquifer_Petrignano
2011-06-08,-23.67,Aquifer_Petrignano
2011-06-09,-23.82,Aquifer_Petrignano
2011-06-10,-23.84,Aquifer_Petrignano
2011-06-11,-23.87,Aquifer_Petrignano
2011-06-12,-23.71,Aquifer_Petrignano
2011-06-13,-23.68,Aquifer_Petrignano
2011-06-14,-23.84,Aquifer_Petrignano
2011-06-15,-24.08,Aquifer_Petrignano
2011-06-16,-24.25,Aquifer_Petrignano
2011-06-17,-24.26,Aquifer_Petrignano
2011-06-18,-24.15,Aquifer_Petrignano
2011-06-19,-24.11,Aquifer_Petrignano
2011-06-20,-24.19,Aquifer_Petrignano
2011-06-21,-24.31,Aquifer_Petrignano
2011-06-22,-24.35,Aquifer_Petrignano
2011-06-23,-24.68,Aquifer_Petrignano
2011-06-24,-24.69,Aquifer_Petrignano
2011-06-25,-24.77,Aquifer_Petrignano
2011-06-26,-24.74,Aquifer_Petrignano
2011-06-27,-24.73,Aquifer_Petrignano
2011-06-28,-24.9,Aquifer_Petrignano
2011-06-29,-24.82,Aquifer_Petrignano
2011-06-30,-24.59,Aquifer_Petrignano
2011-07-01,-24.66,Aquifer_Petrignano
2011-07-02,-24.35,Aquifer_Petrignano
2011-07-03,-24.25,Aquifer_Petrignano
2011-07-04,-24.55,Aquifer_Petrignano
2011-07-05,-24.59,Aquifer_Petrignano
2011-07-06,-24.61,Aquifer_Petrignano
2011-07-07,-24.99,Aquifer_Petrignano
2011-07-08,-24.97,Aquifer_Petrignano
2011-07-09,-25.11,Aquifer_Petrignano
2011-07-10,-24.98,Aquifer_Petrignano
2011-07-11,-25.0,Aquifer_Petrignano
2011-07-12,-25.23,Aquifer_Petrignano
2011-07-13,-25.33,Aquifer_Petrignano
2011-07-14,-25.27,Aquifer_Petrignano
2011-07-15,-25.26,Aquifer_Petrignano
2011-07-16,-25.18,Aquifer_Petrignano
2011-07-17,-25.11,Aquifer_Petrignano
2011-07-18,-25.16,Aquifer_Petrignano
2011-07-19,-25.15,Aquifer_Petrignano
2011-07-20,-25.1,Aquifer_Petrignano
2011-07-21,-25.21,Aquifer_Petrignano
2011-07-22,-25.47,Aquifer_Petrignano
2011-07-23,-25.42,Aquifer_Petrignano
2011-07-24,-25.03,Aquifer_Petrignano
2011-07-25,-24.7,Aquifer_Petrignano
2011-07-26,-24.85,Aquifer_Petrignano
2011-07-27,-24.84,Aquifer_Petrignano
2011-07-28,-24.79,Aquifer_Petrignano
2011-07-29,-24.77,Aquifer_Petrignano
2011-07-30,-24.76,Aquifer_Petrignano
2011-07-31,-24.78,Aquifer_Petrignano
2011-08-01,-24.85,Aquifer_Petrignano
2011-08-02,-24.95,Aquifer_Petrignano
2011-08-03,-25.15,Aquifer_Petrignano
2011-08-04,-25.08,Aquifer_Petrignano
2011-08-05,-25.13,Aquifer_Petrignano
2011-08-06,-25.24,Aquifer_Petrignano
2011-08-07,-25.13,Aquifer_Petrignano
2011-08-08,-25.18,Aquifer_Petrignano
2011-08-09,-25.28,Aquifer_Petrignano
2011-08-10,-25.37,Aquifer_Petrignano
2011-08-11,-25.33,Aquifer_Petrignano
2011-08-12,-25.4,Aquifer_Petrignano
2011-08-13,-25.45,Aquifer_Petrignano
2011-08-14,-25.28,Aquifer_Petrignano
2011-08-15,-25.22,Aquifer_Petrignano
2011-08-16,-25.27,Aquifer_Petrignano
2011-08-17,-25.52,Aquifer_Petrignano
2011-08-18,-25.54,Aquifer_Petrignano
2011-08-19,-25.65,Aquifer_Petrignano
2011-08-20,-25.79,Aquifer_Petrignano
2011-08-21,-25.78,Aquifer_Petrignano
2011-08-22,-25.76,Aquifer_Petrignano
2011-08-23,-25.91,Aquifer_Petrignano
2011-08-24,-25.92,Aquifer_Petrignano
2011-08-25,-25.96,Aquifer_Petrignano
2011-08-26,-25.92,Aquifer_Petrignano
2011-08-27,-25.93,Aquifer_Petrignano
2011-08-28,-25.72,Aquifer_Petrignano
2011-08-29,-25.84,Aquifer_Petrignano
2011-08-30,-25.82,Aquifer_Petrignano
2011-08-31,-25.84,Aquifer_Petrignano
2011-09-01,-26.07,Aquifer_Petrignano
2011-09-02,-26.06,Aquifer_Petrignano
2011-09-03,-26.07,Aquifer_Petrignano
2011-09-04,-25.98,Aquifer_Petrignano
2011-09-05,-25.76,Aquifer_Petrignano
2011-09-06,-25.95,Aquifer_Petrignano
2011-09-07,-26.11,Aquifer_Petrignano
2011-09-08,-26.03,Aquifer_Petrignano
2011-09-09,-26.04,Aquifer_Petrignano
2011-09-10,-26.2,Aquifer_Petrignano
2011-09-11,-26.25,Aquifer_Petrignano
2011-09-12,-26.28,Aquifer_Petrignano
2011-09-13,-26.3,Aquifer_Petrignano
2011-09-14,-26.43,Aquifer_Petrignano
2011-09-15,-26.4,Aquifer_Petrignano
2011-09-16,-26.46,Aquifer_Petrignano
2011-09-17,-26.52,Aquifer_Petrignano
2011-09-18,-26.29,Aquifer_Petrignano
2011-09-19,-26.15,Aquifer_Petrignano
2011-09-20,-26.09,Aquifer_Petrignano
2011-09-21,-26.1,Aquifer_Petrignano
2011-09-22,-26.1,Aquifer_Petrignano
2011-09-23,-26.17,Aquifer_Petrignano
2011-09-24,-26.38,Aquifer_Petrignano
2011-09-25,-26.23,Aquifer_Petrignano
2011-09-26,-26.21,Aquifer_Petrignano
2011-09-27,-26.35,Aquifer_Petrignano
2011-09-28,-26.52,Aquifer_Petrignano
2011-09-29,-26.66,Aquifer_Petrignano
2011-09-30,-26.6,Aquifer_Petrignano
2011-10-01,-26.65,Aquifer_Petrignano
2011-10-02,-26.64,Aquifer_Petrignano
2011-10-03,-26.7,Aquifer_Petrignano
2011-10-04,-26.68,Aquifer_Petrignano
2011-10-05,-26.74,Aquifer_Petrignano
2011-10-06,-26.77,Aquifer_Petrignano
2011-10-07,-26.73,Aquifer_Petrignano
2011-10-08,-26.73,Aquifer_Petrignano
2011-10-09,-26.54,Aquifer_Petrignano
2011-10-10,-26.55,Aquifer_Petrignano
2011-10-11,-26.77,Aquifer_Petrignano
2011-10-12,-26.72,Aquifer_Petrignano
2011-10-13,-26.76,Aquifer_Petrignano
2011-10-14,-26.63,Aquifer_Petrignano
2011-10-15,-26.78,Aquifer_Petrignano
2011-10-16,-26.78,Aquifer_Petrignano
2011-10-17,-26.65,Aquifer_Petrignano
2011-10-18,-26.73,Aquifer_Petrignano
2011-10-19,-26.59,Aquifer_Petrignano
2011-10-20,-26.55,Aquifer_Petrignano
2011-10-21,-26.56,Aquifer_Petrignano
2011-10-22,-26.66,Aquifer_Petrignano
2011-10-23,-26.66,Aquifer_Petrignano
2011-10-24,-26.76,Aquifer_Petrignano
2011-10-25,-26.79,Aquifer_Petrignano
2011-10-26,-26.8,Aquifer_Petrignano
2011-10-27,-26.9,Aquifer_Petrignano
2011-10-28,-27.02,Aquifer_Petrignano
2011-10-29,-26.95,Aquifer_Petrignano
2011-10-30,-26.94,Aquifer_Petrignano
2011-10-31,-26.96,Aquifer_Petrignano
2011-11-01,-27.06,Aquifer_Petrignano
2011-11-02,-27.08,Aquifer_Petrignano
2011-11-03,-27.13,Aquifer_Petrignano
2011-11-04,-27.15,Aquifer_Petrignano
2011-11-05,-27.16,Aquifer_Petrignano
2011-11-06,-27.13,Aquifer_Petrignano
2011-11-07,-27.14,Aquifer_Petrignano
2011-11-08,-27.23,Aquifer_Petrignano
2011-11-09,-27.15,Aquifer_Petrignano
2011-11-10,-27.29,Aquifer_Petrignano
2011-11-11,-27.29,Aquifer_Petrignano
2011-11-12,-27.39,Aquifer_Petrignano
2011-11-13,-27.43,Aquifer_Petrignano
2011-11-14,-27.31,Aquifer_Petrignano
2011-11-15,-27.38,Aquifer_Petrignano
2011-11-16,-27.45,Aquifer_Petrignano
2011-11-17,-27.42,Aquifer_Petrignano
2011-11-18,-27.48,Aquifer_Petrignano
2011-11-19,-27.59,Aquifer_Petrignano
2011-11-20,-27.5,Aquifer_Petrignano
2011-11-21,-27.49,Aquifer_Petrignano
2011-11-22,-27.57,Aquifer_Petrignano
2011-11-23,-27.56,Aquifer_Petrignano
2011-11-24,-27.57,Aquifer_Petrignano
2011-11-25,-27.63,Aquifer_Petrignano
2011-11-26,-27.63,Aquifer_Petrignano
2011-11-27,-27.64,Aquifer_Petrignano
2011-11-28,-27.62,Aquifer_Petrignano
2011-11-29,-27.63,Aquifer_Petrignano
2011-11-30,-27.66,Aquifer_Petrignano
2011-12-01,-27.69,Aquifer_Petrignano
2011-12-02,-27.62,Aquifer_Petrignano
2011-12-03,-27.66,Aquifer_Petrignano
2011-12-04,-27.66,Aquifer_Petrignano
2011-12-05,-27.65,Aquifer_Petrignano
2011-12-06,-27.72,Aquifer_Petrignano
2011-12-07,-27.78,Aquifer_Petrignano
2011-12-08,-27.77,Aquifer_Petrignano
2011-12-09,-27.78,Aquifer_Petrignano
2011-12-10,-27.79,Aquifer_Petrignano
2011-12-11,-27.78,Aquifer_Petrignano
2011-12-12,-27.45,Aquifer_Petrignano
2011-12-13,-27.68,Aquifer_Petrignano
2011-12-14,-27.69,Aquifer_Petrignano
2011-12-15,-27.85,Aquifer_Petrignano
2011-12-16,-27.98,Aquifer_Petrignano
2011-12-17,-27.92,Aquifer_Petrignano
2011-12-18,-27.92,Aquifer_Petrignano
2011-12-19,-27.88,Aquifer_Petrignano
2011-12-20,-27.86,Aquifer_Petrignano
2011-12-21,-27.73,Aquifer_Petrignano
2011-12-22,-27.82,Aquifer_Petrignano
2011-12-23,-27.91,Aquifer_Petrignano
2011-12-24,-28.04,Aquifer_Petrignano
2011-12-25,-27.84,Aquifer_Petrignano
2011-12-26,-27.7,Aquifer_Petrignano
2011-12-27,-27.74,Aquifer_Petrignano
2011-12-28,-27.78,Aquifer_Petrignano
2011-12-29,-27.85,Aquifer_Petrignano
2011-12-30,-27.9,Aquifer_Petrignano
2011-12-31,-28.12,Aquifer_Petrignano
2012-01-01,-27.97,Aquifer_Petrignano
2012-01-02,-27.82,Aquifer_Petrignano
2012-01-03,-27.83,Aquifer_Petrignano
2012-01-04,-27.86,Aquifer_Petrignano
2012-01-05,-27.82,Aquifer_Petrignano
2012-01-06,-28.04,Aquifer_Petrignano
2012-01-07,-28.13,Aquifer_Petrignano
2012-01-08,-28.12,Aquifer_Petrignano
2012-01-09,-28.12,Aquifer_Petrignano
2012-01-10,-28.22,Aquifer_Petrignano
2012-01-11,-28.25,Aquifer_Petrignano
2012-01-12,-28.29,Aquifer_Petrignano
2012-01-13,-28.19,Aquifer_Petrignano
2012-01-14,-28.26,Aquifer_Petrignano
2012-01-15,-28.29,Aquifer_Petrignano
2012-01-16,-28.3,Aquifer_Petrignano
2012-01-17,-28.35,Aquifer_Petrignano
2012-01-18,-28.4,Aquifer_Petrignano
2012-01-19,-28.39,Aquifer_Petrignano
2012-01-20,-28.28,Aquifer_Petrignano
2012-01-21,-28.42,Aquifer_Petrignano
2012-01-22,-28.43,Aquifer_Petrignano
2012-01-23,-28.44,Aquifer_Petrignano
2012-01-24,-28.44,Aquifer_Petrignano
2012-01-25,-28.51,Aquifer_Petrignano
2012-01-26,-28.53,Aquifer_Petrignano
2012-01-27,-28.58,Aquifer_Petrignano
2012-01-28,-28.58,Aquifer_Petrignano
2012-01-29,-28.52,Aquifer_Petrignano
2012-01-30,-28.57,Aquifer_Petrignano
2012-01-31,-28.58,Aquifer_Petrignano
2012-02-01,-28.53,Aquifer_Petrignano
2012-02-02,-28.57,Aquifer_Petrignano
2012-02-03,-28.65,Aquifer_Petrignano
2012-02-04,-28.73,Aquifer_Petrignano
2012-02-05,-28.75,Aquifer_Petrignano
2012-02-06,-28.74,Aquifer_Petrignano
2012-02-07,-28.57,Aquifer_Petrignano
2012-02-08,-28.75,Aquifer_Petrignano
2012-02-09,-28.84,Aquifer_Petrignano
2012-02-10,-28.77,Aquifer_Petrignano
2012-02-11,-28.68,Aquifer_Petrignano
2012-02-12,-28.71,Aquifer_Petrignano
2012-02-13,-28.85,Aquifer_Petrignano
2012-02-14,-28.9,Aquifer_Petrignano
2012-02-15,-28.95,Aquifer_Petrignano
2012-02-16,-28.99,Aquifer_Petrignano
2012-02-17,-29.09,Aquifer_Petrignano
2012-02-18,-29.09,Aquifer_Petrignano
2012-02-19,-29.07,Aquifer_Petrignano
2012-02-20,-29.02,Aquifer_Petrignano
2012-02-21,-29.09,Aquifer_Petrignano
2012-02-22,-29.15,Aquifer_Petrignano
2012-02-23,-29.15,Aquifer_Petrignano
2012-02-24,-29.17,Aquifer_Petrignano
2012-02-25,-29.23,Aquifer_Petrignano
2012-02-26,-29.16,Aquifer_Petrignano
2012-02-27,-29.05,Aquifer_Petrignano
2012-02-28,-28.89,Aquifer_Petrignano
2012-02-29,-28.85,Aquifer_Petrignano
2012-03-01,-28.95,Aquifer_Petrignano
2012-03-02,-29.09,Aquifer_Petrignano
2012-03-03,-29.15,Aquifer_Petrignano
2012-03-04,-29.12,Aquifer_Petrignano
2012-03-05,-29.1,Aquifer_Petrignano
2012-03-06,-29.09,Aquifer_Petrignano
2012-03-07,-29.15,Aquifer_Petrignano
2012-03-08,-29.12,Aquifer_Petrignano
2012-03-09,-29.25,Aquifer_Petrignano
2012-03-10,-29.23,Aquifer_Petrignano
2012-03-11,-29.09,Aquifer_Petrignano
2012-03-12,-29.14,Aquifer_Petrignano
2012-03-13,-29.17,Aquifer_Petrignano
2012-03-14,-29.17,Aquifer_Petrignano
2012-03-15,-29.22,Aquifer_Petrignano
2012-03-16,-29.24,Aquifer_Petrignano
2012-03-17,-29.3,Aquifer_Petrignano
2012-03-18,-29.32,Aquifer_Petrignano
2012-03-19,-29.25,Aquifer_Petrignano
2012-03-20,-29.27,Aquifer_Petrignano
2012-03-21,-29.23,Aquifer_Petrignano
2012-03-22,-29.26,Aquifer_Petrignano
2012-03-23,-29.31,Aquifer_Petrignano
2012-03-24,-29.45,Aquifer_Petrignano
2012-03-25,-29.54,Aquifer_Petrignano
2012-03-26,-29.49,Aquifer_Petrignano
2012-03-27,-29.52,Aquifer_Petrignano
2012-03-28,-29.55,Aquifer_Petrignano
2012-03-29,-29.56,Aquifer_Petrignano
2012-03-30,-29.6,Aquifer_Petrignano
2012-03-31,-29.67,Aquifer_Petrignano
2012-04-01,-29.68,Aquifer_Petrignano
2012-04-02,-29.62,Aquifer_Petrignano
2012-04-03,-29.58,Aquifer_Petrignano
2012-04-04,-29.6,Aquifer_Petrignano
2012-04-05,-29.57,Aquifer_Petrignano
2012-04-06,-29.6,Aquifer_Petrignano
2012-04-07,-29.58,Aquifer_Petrignano
2012-04-08,-29.53,Aquifer_Petrignano
2012-04-09,-29.54,Aquifer_Petrignano
2012-04-10,-29.56,Aquifer_Petrignano
2012-04-11,-29.57,Aquifer_Petrignano
2012-04-12,-29.6,Aquifer_Petrignano
2012-04-13,-29.57,Aquifer_Petrignano
2012-04-14,-29.6,Aquifer_Petrignano
2012-04-15,-29.62,Aquifer_Petrignano
2012-04-16,-29.65,Aquifer_Petrignano
2012-04-17,-29.72,Aquifer_Petrignano
2012-04-18,-29.66,Aquifer_Petrignano
2012-04-19,-29.66,Aquifer_Petrignano
2012-04-20,-29.67,Aquifer_Petrignano
2012-04-21,-29.75,Aquifer_Petrignano
2012-04-22,-29.65,Aquifer_Petrignano
2012-04-23,-29.55,Aquifer_Petrignano
2012-04-24,-29.56,Aquifer_Petrignano
2012-04-25,-29.52,Aquifer_Petrignano
2012-04-26,-29.33,Aquifer_Petrignano
2012-04-27,-29.35,Aquifer_Petrignano
2012-04-28,-29.66,Aquifer_Petrignano
2012-04-29,-29.49,Aquifer_Petrignano
2012-04-30,-29.36,Aquifer_Petrignano
2012-05-01,-29.3,Aquifer_Petrignano
2012-05-02,-29.45,Aquifer_Petrignano
2012-05-03,-29.54,Aquifer_Petrignano
2012-05-04,-29.53,Aquifer_Petrignano
2012-05-05,-29.66,Aquifer_Petrignano
2012-05-06,-29.1,Aquifer_Petrignano
2012-05-07,-29.17,Aquifer_Petrignano
2012-05-08,-29.25,Aquifer_Petrignano
2012-05-09,-29.28,Aquifer_Petrignano
2012-05-10,-29.38,Aquifer_Petrignano
2012-05-11,-29.57,Aquifer_Petrignano
2012-05-12,-29.65,Aquifer_Petrignano
2012-05-13,-29.5,Aquifer_Petrignano
2012-05-14,-29.16,Aquifer_Petrignano
2012-05-15,-29.32,Aquifer_Petrignano
2012-05-16,-29.56,Aquifer_Petrignano
2012-05-17,-29.51,Aquifer_Petrignano
2012-05-18,-29.49,Aquifer_Petrignano
2012-05-19,-29.6,Aquifer_Petrignano
2012-05-20,-29.36,Aquifer_Petrignano
2012-05-21,-29.13,Aquifer_Petrignano
2012-05-22,-29.14,Aquifer_Petrignano
2012-05-23,-29.18,Aquifer_Petrignano
2012-05-24,-29.32,Aquifer_Petrignano
2012-05-25,-29.41,Aquifer_Petrignano
2012-05-26,-29.5,Aquifer_Petrignano
2012-05-27,-29.39,Aquifer_Petrignano
2012-05-28,-29.4,Aquifer_Petrignano
2012-05-29,-29.19,Aquifer_Petrignano
2012-05-30,-29.36,Aquifer_Petrignano
2012-05-31,-29.4,Aquifer_Petrignano
2012-06-01,-29.44,Aquifer_Petrignano
2012-06-02,-29.46,Aquifer_Petrignano
2012-06-03,-29.44,Aquifer_Petrignano
2012-06-04,-29.35,Aquifer_Petrignano
2012-06-05,-29.31,Aquifer_Petrignano
2012-06-06,-29.42,Aquifer_Petrignano
2012-06-07,-29.47,Aquifer_Petrignano
2012-06-08,-29.53,Aquifer_Petrignano
2012-06-09,-29.37,Aquifer_Petrignano
2012-06-10,-29.46,Aquifer_Petrignano
2012-06-11,-29.31,Aquifer_Petrignano
2012-06-12,-29.27,Aquifer_Petrignano
2012-06-13,-29.31,Aquifer_Petrignano
2012-06-14,-29.38,Aquifer_Petrignano
2012-06-15,-29.56,Aquifer_Petrignano
2012-06-16,-29.68,Aquifer_Petrignano
2012-06-17,-29.75,Aquifer_Petrignano
2012-06-18,-29.86,Aquifer_Petrignano
2012-06-19,-29.98,Aquifer_Petrignano
2012-06-20,-30.09,Aquifer_Petrignano
2012-06-21,-30.25,Aquifer_Petrignano
2012-06-22,-30.28,Aquifer_Petrignano
2012-06-23,-30.23,Aquifer_Petrignano
2012-06-24,-30.2,Aquifer_Petrignano
2012-06-25,-30.16,Aquifer_Petrignano
2012-07-03,-30.7,Aquifer_Petrignano
2012-07-04,-30.89,Aquifer_Petrignano
2012-07-05,-31.1,Aquifer_Petrignano
2012-07-06,-31.16,Aquifer_Petrignano
2012-07-07,-31.23,Aquifer_Petrignano
2012-07-08,-31.33,Aquifer_Petrignano
2012-07-09,-31.41,Aquifer_Petrignano
2012-07-10,-31.67,Aquifer_Petrignano
2012-07-11,-31.79,Aquifer_Petrignano
2012-07-12,-31.87,Aquifer_Petrignano
2012-07-13,-31.94,Aquifer_Petrignano
2012-07-14,-32.02,Aquifer_Petrignano
2012-07-15,-32.09,Aquifer_Petrignano
2012-07-16,-32.13,Aquifer_Petrignano
2012-07-17,-32.17,Aquifer_Petrignano
2012-07-18,-32.25,Aquifer_Petrignano
2012-07-19,-32.31,Aquifer_Petrignano
2012-07-20,-32.34,Aquifer_Petrignano
2012-07-21,-32.42,Aquifer_Petrignano
2012-07-22,-32.18,Aquifer_Petrignano
2012-07-23,-32.17,Aquifer_Petrignano
2012-07-24,-32.15,Aquifer_Petrignano
2012-07-25,-32.21,Aquifer_Petrignano
2012-07-26,-32.28,Aquifer_Petrignano
2012-07-27,-32.49,Aquifer_Petrignano
2012-07-28,-32.62,Aquifer_Petrignano
2012-07-29,-32.67,Aquifer_Petrignano
2012-07-30,-32.72,Aquifer_Petrignano
2012-07-31,-32.85,Aquifer_Petrignano
2012-08-01,-32.93,Aquifer_Petrignano
2012-08-02,-32.99,Aquifer_Petrignano
2012-08-03,-33.08,Aquifer_Petrignano
2012-08-04,-33.15,Aquifer_Petrignano
2012-08-05,-33.26,Aquifer_Petrignano
2012-08-06,-33.29,Aquifer_Petrignano
2012-08-07,-33.36,Aquifer_Petrignano
2012-08-08,-33.43,Aquifer_Petrignano
2012-08-09,-33.46,Aquifer_Petrignano
2012-08-10,-33.51,Aquifer_Petrignano
2012-08-11,-33.56,Aquifer_Petrignano
2012-08-12,-33.53,Aquifer_Petrignano
2012-08-13,-33.55,Aquifer_Petrignano
2012-08-14,-33.62,Aquifer_Petrignano
2012-08-15,-33.57,Aquifer_Petrignano
2012-08-16,-33.56,Aquifer_Petrignano
2012-08-17,-33.7,Aquifer_Petrignano
2012-08-18,-33.71,Aquifer_Petrignano
2012-08-19,-33.73,Aquifer_Petrignano
2012-08-20,-33.78,Aquifer_Petrignano
2012-08-21,-33.82,Aquifer_Petrignano
2012-08-22,-33.88,Aquifer_Petrignano
2012-08-23,-33.89,Aquifer_Petrignano
2012-08-24,-33.93,Aquifer_Petrignano
2012-08-25,-33.96,Aquifer_Petrignano
2012-08-26,-33.96,Aquifer_Petrignano
2012-08-27,-33.92,Aquifer_Petrignano
2012-08-28,-33.83,Aquifer_Petrignano
2012-08-29,-34.0,Aquifer_Petrignano
2012-08-30,-34.02,Aquifer_Petrignano
2012-08-31,-34.02,Aquifer_Petrignano
2012-09-01,-33.97,Aquifer_Petrignano
2012-09-02,-33.8,Aquifer_Petrignano
2012-09-03,-33.76,Aquifer_Petrignano
2012-09-04,-33.73,Aquifer_Petrignano
2012-09-05,-33.73,Aquifer_Petrignano
2012-09-06,-33.81,Aquifer_Petrignano
2012-09-07,-33.86,Aquifer_Petrignano
2012-09-08,-33.87,Aquifer_Petrignano
2012-09-09,-34.0,Aquifer_Petrignano
2012-09-10,-34.02,Aquifer_Petrignano
2012-09-11,-34.05,Aquifer_Petrignano
2012-09-12,-34.04,Aquifer_Petrignano
2012-09-13,-33.84,Aquifer_Petrignano
2012-09-14,-33.79,Aquifer_Petrignano
2012-09-15,-34.01,Aquifer_Petrignano
2012-09-16,-34.02,Aquifer_Petrignano
2012-09-17,-33.75,Aquifer_Petrignano
2012-09-18,-33.75,Aquifer_Petrignano
2012-09-19,-33.77,Aquifer_Petrignano
2012-09-20,-33.84,Aquifer_Petrignano
2012-09-21,-33.97,Aquifer_Petrignano
2012-09-22,-34.01,Aquifer_Petrignano
2012-09-23,-33.96,Aquifer_Petrignano
2012-09-24,-33.98,Aquifer_Petrignano
2012-09-25,-34.06,Aquifer_Petrignano
2012-09-26,-34.1,Aquifer_Petrignano
2012-09-27,-34.14,Aquifer_Petrignano
2012-09-28,-34.17,Aquifer_Petrignano
2012-09-29,-34.16,Aquifer_Petrignano
2012-09-30,-34.15,Aquifer_Petrignano
2012-10-01,-34.11,Aquifer_Petrignano
2012-10-02,-34.18,Aquifer_Petrignano
2012-10-03,-34.2,Aquifer_Petrignano
2012-10-04,-34.19,Aquifer_Petrignano
2012-10-05,-34.24,Aquifer_Petrignano
2012-10-06,-34.29,Aquifer_Petrignano
2012-10-07,-34.28,Aquifer_Petrignano
2012-10-08,-34.24,Aquifer_Petrignano
2012-10-09,-34.31,Aquifer_Petrignano
2012-10-10,-34.3,Aquifer_Petrignano
2012-10-11,-34.3,Aquifer_Petrignano
2012-10-12,-34.3,Aquifer_Petrignano
2012-10-13,-34.35,Aquifer_Petrignano
2012-10-14,-34.33,Aquifer_Petrignano
2012-10-15,-34.29,Aquifer_Petrignano
2012-10-16,-34.14,Aquifer_Petrignano
2012-10-17,-34.32,Aquifer_Petrignano
2012-10-18,-34.32,Aquifer_Petrignano
2012-10-19,-34.32,Aquifer_Petrignano
2012-10-20,-34.33,Aquifer_Petrignano
2012-10-21,-34.37,Aquifer_Petrignano
2012-10-22,-34.33,Aquifer_Petrignano
2012-10-23,-34.43,Aquifer_Petrignano
2012-10-24,-34.45,Aquifer_Petrignano
2012-10-25,-34.44,Aquifer_Petrignano
2012-10-26,-34.39,Aquifer_Petrignano
2012-10-27,-34.42,Aquifer_Petrignano
2012-10-28,-34.44,Aquifer_Petrignano
2012-10-29,-34.42,Aquifer_Petrignano
2012-10-30,-34.39,Aquifer_Petrignano
2012-10-31,-34.4,Aquifer_Petrignano
2012-11-01,-34.4,Aquifer_Petrignano
2012-11-02,-34.43,Aquifer_Petrignano
2012-11-03,-34.47,Aquifer_Petrignano
2012-11-04,-34.39,Aquifer_Petrignano
2012-11-05,-34.32,Aquifer_Petrignano
2012-11-06,-34.35,Aquifer_Petrignano
2012-11-07,-34.46,Aquifer_Petrignano
2012-11-08,-34.41,Aquifer_Petrignano
2012-11-09,-34.44,Aquifer_Petrignano
2012-11-10,-34.44,Aquifer_Petrignano
2012-11-11,-34.42,Aquifer_Petrignano
2012-11-12,-34.43,Aquifer_Petrignano
2012-11-13,-34.47,Aquifer_Petrignano
2012-11-14,-34.47,Aquifer_Petrignano
2012-11-15,-34.43,Aquifer_Petrignano
2012-11-16,-34.29,Aquifer_Petrignano
2012-11-17,-34.24,Aquifer_Petrignano
2012-11-18,-34.16,Aquifer_Petrignano
2012-11-19,-34.13,Aquifer_Petrignano
2012-11-20,-34.02,Aquifer_Petrignano
2012-11-21,-34.01,Aquifer_Petrignano
2012-11-22,-33.99,Aquifer_Petrignano
2012-11-23,-33.8,Aquifer_Petrignano
2012-11-24,-33.88,Aquifer_Petrignano
2012-11-25,-33.86,Aquifer_Petrignano
2012-11-26,-33.67,Aquifer_Petrignano
2012-11-27,-33.73,Aquifer_Petrignano
2012-11-28,-33.43,Aquifer_Petrignano
2012-11-29,-33.44,Aquifer_Petrignano
2012-11-30,-33.58,Aquifer_Petrignano
2012-12-01,-33.55,Aquifer_Petrignano
2012-12-02,-33.51,Aquifer_Petrignano
2012-12-03,-33.44,Aquifer_Petrignano
2012-12-04,-33.32,Aquifer_Petrignano
2012-12-05,-33.25,Aquifer_Petrignano
2012-12-06,-33.31,Aquifer_Petrignano
2012-12-07,-33.24,Aquifer_Petrignano
2012-12-08,-33.22,Aquifer_Petrignano
2012-12-09,-33.16,Aquifer_Petrignano
2012-12-10,-33.09,Aquifer_Petrignano
2012-12-11,-33.02,Aquifer_Petrignano
2012-12-12,-33.03,Aquifer_Petrignano
2012-12-13,-33.08,Aquifer_Petrignano
2012-12-14,-32.94,Aquifer_Petrignano
2012-12-15,-32.8,Aquifer_Petrignano
2012-12-16,-32.81,Aquifer_Petrignano
2012-12-17,-32.68,Aquifer_Petrignano
2012-12-18,-32.78,Aquifer_Petrignano
2012-12-19,-32.73,Aquifer_Petrignano
2012-12-20,-32.66,Aquifer_Petrignano
2012-12-21,-32.53,Aquifer_Petrignano
2012-12-22,-32.51,Aquifer_Petrignano
2012-12-23,-32.4,Aquifer_Petrignano
2012-12-24,-32.35,Aquifer_Petrignano
2012-12-25,-32.23,Aquifer_Petrignano
2012-12-26,-31.89,Aquifer_Petrignano
2012-12-27,-31.95,Aquifer_Petrignano
2012-12-28,-31.92,Aquifer_Petrignano
2012-12-29,-31.99,Aquifer_Petrignano
2012-12-30,-31.93,Aquifer_Petrignano
2012-12-31,-32.01,Aquifer_Petrignano
2013-01-01,-31.84,Aquifer_Petrignano
2013-01-02,-31.7,Aquifer_Petrignano
2013-01-03,-31.79,Aquifer_Petrignano
2013-01-04,-31.66,Aquifer_Petrignano
2013-01-05,-31.61,Aquifer_Petrignano
2013-01-06,-31.54,Aquifer_Petrignano
2013-01-07,-31.39,Aquifer_Petrignano
2013-01-08,-31.15,Aquifer_Petrignano
2013-01-09,-31.17,Aquifer_Petrignano
2013-01-10,-31.06,Aquifer_Petrignano
2013-01-11,-31.14,Aquifer_Petrignano
2013-01-12,-31.22,Aquifer_Petrignano
2013-01-13,-31.09,Aquifer_Petrignano
2013-01-14,-31.0,Aquifer_Petrignano
2013-01-15,-31.01,Aquifer_Petrignano
2013-01-16,-30.79,Aquifer_Petrignano
2013-01-17,-30.86,Aquifer_Petrignano
2013-01-18,-30.82,Aquifer_Petrignano
2013-01-19,-30.82,Aquifer_Petrignano
2013-01-20,-30.67,Aquifer_Petrignano
2013-01-21,-30.66,Aquifer_Petrignano
2013-01-22,-30.68,Aquifer_Petrignano
2013-01-23,-30.61,Aquifer_Petrignano
2013-01-24,-30.51,Aquifer_Petrignano
2013-01-25,-30.5,Aquifer_Petrignano
2013-01-26,-30.5,Aquifer_Petrignano
2013-01-27,-30.43,Aquifer_Petrignano
2013-01-28,-30.32,Aquifer_Petrignano
2013-01-29,-30.27,Aquifer_Petrignano
2013-01-30,-30.28,Aquifer_Petrignano
2013-01-31,-30.17,Aquifer_Petrignano
2013-02-01,-30.08,Aquifer_Petrignano
2013-02-02,-29.95,Aquifer_Petrignano
2013-02-03,-29.99,Aquifer_Petrignano
2013-02-04,-29.93,Aquifer_Petrignano
2013-02-05,-29.88,Aquifer_Petrignano
2013-02-06,-29.67,Aquifer_Petrignano
2013-02-07,-29.68,Aquifer_Petrignano
2013-02-08,-29.58,Aquifer_Petrignano
2013-02-09,-29.58,Aquifer_Petrignano
2013-02-10,-29.48,Aquifer_Petrignano
2013-02-11,-29.3,Aquifer_Petrignano
2013-02-12,-29.3,Aquifer_Petrignano
2013-02-13,-29.25,Aquifer_Petrignano
2013-02-14,-29.17,Aquifer_Petrignano
2013-02-15,-29.06,Aquifer_Petrignano
2013-02-16,-29.06,Aquifer_Petrignano
2013-02-17,-28.92,Aquifer_Petrignano
2013-02-18,-28.83,Aquifer_Petrignano
2013-02-19,-28.67,Aquifer_Petrignano
2013-02-20,-28.66,Aquifer_Petrignano
2013-02-21,-28.46,Aquifer_Petrignano
2013-02-22,-28.48,Aquifer_Petrignano
2013-02-23,-28.43,Aquifer_Petrignano
2013-02-24,-28.37,Aquifer_Petrignano
2013-02-25,-28.28,Aquifer_Petrignano
2013-02-26,-28.28,Aquifer_Petrignano
2013-02-27,-28.22,Aquifer_Petrignano
2013-02-28,-28.2,Aquifer_Petrignano
2013-03-01,-28.14,Aquifer_Petrignano
2013-03-02,-28.04,Aquifer_Petrignano
2013-03-03,-27.94,Aquifer_Petrignano
2013-03-04,-27.93,Aquifer_Petrignano
2013-03-05,-27.82,Aquifer_Petrignano
2013-03-06,-27.68,Aquifer_Petrignano
2013-03-07,-27.66,Aquifer_Petrignano
2013-03-08,-27.6,Aquifer_Petrignano
2013-03-09,-27.58,Aquifer_Petrignano
2013-03-10,-27.49,Aquifer_Petrignano
2013-03-11,-27.41,Aquifer_Petrignano
2013-03-12,-27.38,Aquifer_Petrignano
2013-04-03,-26.01,Aquifer_Petrignano
2013-04-04,-25.98,Aquifer_Petrignano
2013-04-05,-25.92,Aquifer_Petrignano
2013-04-06,-25.96,Aquifer_Petrignano
2013-04-07,-25.99,Aquifer_Petrignano
2013-04-08,-25.76,Aquifer_Petrignano
2013-04-09,-25.79,Aquifer_Petrignano
2013-04-10,-25.84,Aquifer_Petrignano
2013-04-11,-25.83,Aquifer_Petrignano
2013-04-12,-25.85,Aquifer_Petrignano
2013-04-13,-25.77,Aquifer_Petrignano
2013-04-14,-25.71,Aquifer_Petrignano
2013-04-15,-26.1,Aquifer_Petrignano
2013-04-16,-25.51,Aquifer_Petrignano
2013-04-17,-25.57,Aquifer_Petrignano
2013-04-18,-25.44,Aquifer_Petrignano
2013-04-19,-25.33,Aquifer_Petrignano
2013-04-20,-25.32,Aquifer_Petrignano
2013-04-21,-25.12,Aquifer_Petrignano
2013-04-22,-25.08,Aquifer_Petrignano
2013-04-23,-25.25,Aquifer_Petrignano
2013-04-24,-25.04,Aquifer_Petrignano
2013-04-25,-25.03,Aquifer_Petrignano
2013-04-26,-25.0,Aquifer_Petrignano
2013-04-27,-24.98,Aquifer_Petrignano
2013-04-28,-24.94,Aquifer_Petrignano
2013-04-29,-24.81,Aquifer_Petrignano
2013-04-30,-24.84,Aquifer_Petrignano
2013-05-01,-24.77,Aquifer_Petrignano
2013-05-02,-24.58,Aquifer_Petrignano
2013-05-03,-24.57,Aquifer_Petrignano
2013-05-04,-24.67,Aquifer_Petrignano
2013-05-05,-24.5,Aquifer_Petrignano
2013-05-06,-24.24,Aquifer_Petrignano
2013-05-07,-24.36,Aquifer_Petrignano
2013-05-08,-24.23,Aquifer_Petrignano
2013-05-09,-24.41,Aquifer_Petrignano
2013-05-10,-24.29,Aquifer_Petrignano
2013-05-11,-24.35,Aquifer_Petrignano
2013-05-12,-24.21,Aquifer_Petrignano
2013-05-13,-24.25,Aquifer_Petrignano
2013-05-14,-24.5,Aquifer_Petrignano
2013-05-15,-24.44,Aquifer_Petrignano
2013-05-16,-24.21,Aquifer_Petrignano
2013-05-17,-24.0,Aquifer_Petrignano
2013-05-18,-24.2,Aquifer_Petrignano
2013-05-19,-24.23,Aquifer_Petrignano
2013-05-20,-24.19,Aquifer_Petrignano
2013-05-21,-24.25,Aquifer_Petrignano
2013-05-22,-24.06,Aquifer_Petrignano
2013-05-23,-24.08,Aquifer_Petrignano
2013-05-24,-24.02,Aquifer_Petrignano
2013-05-25,-23.95,Aquifer_Petrignano
2013-05-26,-23.8,Aquifer_Petrignano
2013-05-27,-23.74,Aquifer_Petrignano
2013-05-28,-23.6,Aquifer_Petrignano
2013-05-29,-23.72,Aquifer_Petrignano
2013-05-30,-23.82,Aquifer_Petrignano
2013-05-31,-23.63,Aquifer_Petrignano
2013-06-01,-23.71,Aquifer_Petrignano
2013-06-02,-23.67,Aquifer_Petrignano
2013-06-03,-23.54,Aquifer_Petrignano
2013-06-04,-23.47,Aquifer_Petrignano
2013-06-05,-23.59,Aquifer_Petrignano
2013-06-06,-23.63,Aquifer_Petrignano
2013-06-07,-23.53,Aquifer_Petrignano
2013-06-08,-23.64,Aquifer_Petrignano
2013-06-09,-23.32,Aquifer_Petrignano
2013-06-10,-23.31,Aquifer_Petrignano
2013-06-11,-23.23,Aquifer_Petrignano
2013-06-12,-23.18,Aquifer_Petrignano
2013-06-13,-23.47,Aquifer_Petrignano
2013-06-14,-23.37,Aquifer_Petrignano
2013-06-15,-23.37,Aquifer_Petrignano
2013-06-16,-23.35,Aquifer_Petrignano
2013-06-17,-23.28,Aquifer_Petrignano
2013-06-18,-23.58,Aquifer_Petrignano
2013-06-19,-23.47,Aquifer_Petrignano
2013-06-20,-23.41,Aquifer_Petrignano
2013-06-21,-23.44,Aquifer_Petrignano
2013-06-22,-23.41,Aquifer_Petrignano
2013-06-23,-23.08,Aquifer_Petrignano
2013-06-24,-23.13,Aquifer_Petrignano
2013-06-25,-22.88,Aquifer_Petrignano
2013-06-26,-22.94,Aquifer_Petrignano
2013-06-27,-22.75,Aquifer_Petrignano
2013-06-28,-22.82,Aquifer_Petrignano
2013-06-29,-22.59,Aquifer_Petrignano
2013-06-30,-22.56,Aquifer_Petrignano
2013-07-01,-22.6,Aquifer_Petrignano
2013-07-02,-22.92,Aquifer_Petrignano
2013-07-03,-22.91,Aquifer_Petrignano
2013-07-04,-22.89,Aquifer_Petrignano
2013-07-05,-22.64,Aquifer_Petrignano
2013-07-06,-23.01,Aquifer_Petrignano
2013-07-07,-23.03,Aquifer_Petrignano
2013-07-08,-23.14,Aquifer_Petrignano
2013-07-09,-23.02,Aquifer_Petrignano
2013-07-10,-23.07,Aquifer_Petrignano
2013-07-11,-22.99,Aquifer_Petrignano
2013-07-12,-22.75,Aquifer_Petrignano
2013-07-13,-22.8,Aquifer_Petrignano
2013-07-14,-22.8,Aquifer_Petrignano
2013-07-15,-22.78,Aquifer_Petrignano
2013-07-16,-22.87,Aquifer_Petrignano
2013-07-17,-22.93,Aquifer_Petrignano
2013-07-18,-22.94,Aquifer_Petrignano
2013-07-19,-22.76,Aquifer_Petrignano
2013-07-20,-22.36,Aquifer_Petrignano
2013-07-21,-22.19,Aquifer_Petrignano
2013-07-22,-22.66,Aquifer_Petrignano
2013-07-23,-22.75,Aquifer_Petrignano
2013-07-24,-22.93,Aquifer_Petrignano
2013-07-25,-22.92,Aquifer_Petrignano
2013-07-26,-23.06,Aquifer_Petrignano
2013-07-27,-23.24,Aquifer_Petrignano
2013-07-28,-23.09,Aquifer_Petrignano
2013-07-29,-23.06,Aquifer_Petrignano
2013-07-30,-22.99,Aquifer_Petrignano
2013-07-31,-23.05,Aquifer_Petrignano
2013-08-01,-23.17,Aquifer_Petrignano
2013-08-02,-23.17,Aquifer_Petrignano
2013-08-03,-23.28,Aquifer_Petrignano
2013-08-04,-23.36,Aquifer_Petrignano
2013-08-05,-23.26,Aquifer_Petrignano
2013-08-06,-23.53,Aquifer_Petrignano
2013-08-07,-23.59,Aquifer_Petrignano
2013-08-08,-23.47,Aquifer_Petrignano
2013-08-09,-23.44,Aquifer_Petrignano
2013-08-10,-23.34,Aquifer_Petrignano
2013-08-11,-23.25,Aquifer_Petrignano
2013-08-12,-23.31,Aquifer_Petrignano
2013-08-13,-23.34,Aquifer_Petrignano
2013-08-14,-23.44,Aquifer_Petrignano
2013-08-15,-23.06,Aquifer_Petrignano
2013-08-16,-23.15,Aquifer_Petrignano
2013-08-17,-23.41,Aquifer_Petrignano
2013-08-18,-23.35,Aquifer_Petrignano
2013-08-19,-23.43,Aquifer_Petrignano
2013-08-20,-23.16,Aquifer_Petrignano
2013-08-21,-23.37,Aquifer_Petrignano
2013-08-22,-23.39,Aquifer_Petrignano
2013-08-23,-23.59,Aquifer_Petrignano
2013-08-24,-23.49,Aquifer_Petrignano
2013-08-25,-23.14,Aquifer_Petrignano
2013-08-26,-23.11,Aquifer_Petrignano
2013-08-27,-23.38,Aquifer_Petrignano
2013-08-28,-23.3,Aquifer_Petrignano
2013-08-29,-23.46,Aquifer_Petrignano
2013-08-30,-23.52,Aquifer_Petrignano
2013-08-31,-23.59,Aquifer_Petrignano
2013-09-01,-23.53,Aquifer_Petrignano
2013-09-02,-23.52,Aquifer_Petrignano
2013-09-03,-23.64,Aquifer_Petrignano
2013-09-04,-23.64,Aquifer_Petrignano
2013-09-05,-23.61,Aquifer_Petrignano
2013-09-06,-23.59,Aquifer_Petrignano
2013-09-07,-23.6,Aquifer_Petrignano
2013-09-08,-23.37,Aquifer_Petrignano
2013-09-09,-23.33,Aquifer_Petrignano
2013-09-10,-23.27,Aquifer_Petrignano
2013-09-11,-23.31,Aquifer_Petrignano
2013-09-12,-23.32,Aquifer_Petrignano
2013-09-13,-23.28,Aquifer_Petrignano
2013-09-14,-23.4,Aquifer_Petrignano
2013-09-15,-23.28,Aquifer_Petrignano
2013-09-16,-23.25,Aquifer_Petrignano
2013-09-17,-23.2,Aquifer_Petrignano
2013-09-18,-23.31,Aquifer_Petrignano
2013-09-19,-23.37,Aquifer_Petrignano
2013-09-20,-23.51,Aquifer_Petrignano
2013-09-21,-23.59,Aquifer_Petrignano
2013-09-22,-23.54,Aquifer_Petrignano
2013-09-23,-23.57,Aquifer_Petrignano
2013-09-24,-23.56,Aquifer_Petrignano
2013-09-25,-23.5,Aquifer_Petrignano
2013-09-26,-23.52,Aquifer_Petrignano
2013-09-27,-23.5,Aquifer_Petrignano
2013-09-28,-23.51,Aquifer_Petrignano
2013-09-29,-23.39,Aquifer_Petrignano
2013-09-30,-23.22,Aquifer_Petrignano
2013-10-01,-23.26,Aquifer_Petrignano
2013-10-02,-23.41,Aquifer_Petrignano
2013-10-03,-23.48,Aquifer_Petrignano
2013-10-04,-23.38,Aquifer_Petrignano
2013-10-05,-23.33,Aquifer_Petrignano
2013-10-06,-23.31,Aquifer_Petrignano
2013-10-07,-23.19,Aquifer_Petrignano
2013-10-08,-23.17,Aquifer_Petrignano
2013-10-09,-23.14,Aquifer_Petrignano
2013-10-10,-23.15,Aquifer_Petrignano
2013-10-11,-23.17,Aquifer_Petrignano
2013-10-12,-23.19,Aquifer_Petrignano
2013-10-13,-23.11,Aquifer_Petrignano
2013-10-14,-23.05,Aquifer_Petrignano
2013-10-15,-23.07,Aquifer_Petrignano
2013-10-16,-23.03,Aquifer_Petrignano
2013-10-17,-23.47,Aquifer_Petrignano
2013-10-18,-23.17,Aquifer_Petrignano
2013-10-19,-23.32,Aquifer_Petrignano
2013-10-20,-23.31,Aquifer_Petrignano
2013-10-21,-23.27,Aquifer_Petrignano
2013-10-22,-23.24,Aquifer_Petrignano
2013-10-23,-23.25,Aquifer_Petrignano
2013-10-24,-23.26,Aquifer_Petrignano
2013-10-25,-23.2,Aquifer_Petrignano
2013-10-26,-23.26,Aquifer_Petrignano
2013-10-27,-23.24,Aquifer_Petrignano
2013-10-28,-23.27,Aquifer_Petrignano
2013-10-29,-23.48,Aquifer_Petrignano
2013-10-30,-23.37,Aquifer_Petrignano
2013-10-31,-23.32,Aquifer_Petrignano
2013-11-01,-23.38,Aquifer_Petrignano
2013-11-02,-23.25,Aquifer_Petrignano
2013-11-03,-23.21,Aquifer_Petrignano
2013-11-04,-23.14,Aquifer_Petrignano
2013-11-05,-23.17,Aquifer_Petrignano
2013-11-06,-23.36,Aquifer_Petrignano
2013-11-07,-23.47,Aquifer_Petrignano
2013-11-08,-23.39,Aquifer_Petrignano
2013-11-09,-23.18,Aquifer_Petrignano
2013-11-10,-23.13,Aquifer_Petrignano
2013-11-11,-23.37,Aquifer_Petrignano
2013-11-12,-23.48,Aquifer_Petrignano
2013-11-13,-23.53,Aquifer_Petrignano
2013-11-14,-23.49,Aquifer_Petrignano
2013-11-15,-23.45,Aquifer_Petrignano
2013-11-16,-23.47,Aquifer_Petrignano
2013-11-17,-23.35,Aquifer_Petrignano
2013-11-18,-23.28,Aquifer_Petrignano
2013-11-19,-23.05,Aquifer_Petrignano
2013-11-20,-23.16,Aquifer_Petrignano
2013-11-21,-22.99,Aquifer_Petrignano
2013-11-22,-22.93,Aquifer_Petrignano
2013-11-23,-23.03,Aquifer_Petrignano
2013-11-24,-22.97,Aquifer_Petrignano
2013-11-25,-23.0,Aquifer_Petrignano
2013-11-26,-22.99,Aquifer_Petrignano
2013-11-27,-22.95,Aquifer_Petrignano
2013-11-28,-22.95,Aquifer_Petrignano
2013-11-29,-22.79,Aquifer_Petrignano
2013-11-30,-22.87,Aquifer_Petrignano
2013-12-01,-22.68,Aquifer_Petrignano
2013-12-02,-22.5,Aquifer_Petrignano
2013-12-03,-22.82,Aquifer_Petrignano
2013-12-04,-23.28,Aquifer_Petrignano
2013-12-05,-23.05,Aquifer_Petrignano
2013-12-06,-22.95,Aquifer_Petrignano
2013-12-07,-23.14,Aquifer_Petrignano
2013-12-08,-22.96,Aquifer_Petrignano
2013-12-09,-22.9,Aquifer_Petrignano
2013-12-10,-22.92,Aquifer_Petrignano
2013-12-11,-22.98,Aquifer_Petrignano
2013-12-12,-22.83,Aquifer_Petrignano
2013-12-13,-22.86,Aquifer_Petrignano
2013-12-14,-22.86,Aquifer_Petrignano
2013-12-15,-22.67,Aquifer_Petrignano
2013-12-16,-22.63,Aquifer_Petrignano
2013-12-17,-22.74,Aquifer_Petrignano
2013-12-18,-22.65,Aquifer_Petrignano
2013-12-19,-22.73,Aquifer_Petrignano
2013-12-20,-22.73,Aquifer_Petrignano
2013-12-21,-22.78,Aquifer_Petrignano
2013-12-22,-22.58,Aquifer_Petrignano
2013-12-23,-22.48,Aquifer_Petrignano
2013-12-24,-22.49,Aquifer_Petrignano
2013-12-25,-22.29,Aquifer_Petrignano
2013-12-26,-21.94,Aquifer_Petrignano
2013-12-27,-22.31,Aquifer_Petrignano
2013-12-28,-22.38,Aquifer_Petrignano
2013-12-29,-22.31,Aquifer_Petrignano
2013-12-30,-22.32,Aquifer_Petrignano
2013-12-31,-22.43,Aquifer_Petrignano
2014-01-01,-22.28,Aquifer_Petrignano
2014-01-02,-22.23,Aquifer_Petrignano
2014-01-03,-22.33,Aquifer_Petrignano
2014-01-04,-22.34,Aquifer_Petrignano
2014-01-05,-22.22,Aquifer_Petrignano
2014-01-06,-22.29,Aquifer_Petrignano
2014-01-07,-22.41,Aquifer_Petrignano
2014-01-08,-22.39,Aquifer_Petrignano
2014-01-09,-22.33,Aquifer_Petrignano
2014-01-10,-22.23,Aquifer_Petrignano
2014-01-11,-22.29,Aquifer_Petrignano
2014-01-12,-22.27,Aquifer_Petrignano
2014-01-13,-22.3,Aquifer_Petrignano
2014-01-14,-22.15,Aquifer_Petrignano
2014-01-15,-22.23,Aquifer_Petrignano
2014-01-16,-22.31,Aquifer_Petrignano
2014-01-17,-22.39,Aquifer_Petrignano
2014-01-18,-22.42,Aquifer_Petrignano
2014-01-19,-22.17,Aquifer_Petrignano
2014-01-20,-22.05,Aquifer_Petrignano
2014-01-21,-22.02,Aquifer_Petrignano
2014-01-22,-22.11,Aquifer_Petrignano
2014-01-23,-22.17,Aquifer_Petrignano
2014-01-24,-22.07,Aquifer_Petrignano
2014-01-25,-22.13,Aquifer_Petrignano
2014-01-26,-22.06,Aquifer_Petrignano
2014-01-27,-22.02,Aquifer_Petrignano
2014-01-28,-22.02,Aquifer_Petrignano
2014-01-29,-22.09,Aquifer_Petrignano
2014-01-30,-22.16,Aquifer_Petrignano
2014-01-31,-22.42,Aquifer_Petrignano
2014-02-01,-22.29,Aquifer_Petrignano
2014-02-02,-22.28,Aquifer_Petrignano
2014-02-03,-22.14,Aquifer_Petrignano
2014-02-04,-22.11,Aquifer_Petrignano
2014-02-05,-22.14,Aquifer_Petrignano
2014-02-06,-22.1,Aquifer_Petrignano
2014-02-07,-22.22,Aquifer_Petrignano
2014-02-08,-22.24,Aquifer_Petrignano
2014-02-09,-22.18,Aquifer_Petrignano
2014-02-10,-22.12,Aquifer_Petrignano
2014-02-11,-21.97,Aquifer_Petrignano
2014-02-12,-22.02,Aquifer_Petrignano
2014-02-13,-21.94,Aquifer_Petrignano
2014-02-14,-21.84,Aquifer_Petrignano
2014-02-15,-21.89,Aquifer_Petrignano
2014-02-16,-22.04,Aquifer_Petrignano
2014-02-17,-21.93,Aquifer_Petrignano
2014-02-18,-21.65,Aquifer_Petrignano
2014-02-19,-21.21,Aquifer_Petrignano
2014-02-20,-21.04,Aquifer_Petrignano
2014-02-21,-20.98,Aquifer_Petrignano
2014-02-22,-20.89,Aquifer_Petrignano
2014-02-23,-20.81,Aquifer_Petrignano
2014-02-24,-20.72,Aquifer_Petrignano
2014-02-25,-20.66,Aquifer_Petrignano
2014-02-26,-20.77,Aquifer_Petrignano
2014-02-27,-20.7,Aquifer_Petrignano
2014-02-28,-20.63,Aquifer_Petrignano
2014-03-01,-20.59,Aquifer_Petrignano
2014-03-02,-20.41,Aquifer_Petrignano
2014-03-03,-20.43,Aquifer_Petrignano
2014-03-04,-20.46,Aquifer_Petrignano
2014-03-05,-20.92,Aquifer_Petrignano
2014-03-06,-20.82,Aquifer_Petrignano
2014-03-07,-20.68,Aquifer_Petrignano
2014-03-08,-20.67,Aquifer_Petrignano
2014-03-09,-20.53,Aquifer_Petrignano
2014-03-10,-20.78,Aquifer_Petrignano
2014-03-11,-20.48,Aquifer_Petrignano
2014-03-12,-20.47,Aquifer_Petrignano
2014-03-13,-20.46,Aquifer_Petrignano
2014-03-14,-20.63,Aquifer_Petrignano
2014-03-15,-20.56,Aquifer_Petrignano
2014-03-16,-20.49,Aquifer_Petrignano
2014-03-17,-20.22,Aquifer_Petrignano
2014-03-18,-20.08,Aquifer_Petrignano
2014-03-19,-19.99,Aquifer_Petrignano
2014-03-20,-20.29,Aquifer_Petrignano
2014-03-21,-20.36,Aquifer_Petrignano
2014-03-22,-20.38,Aquifer_Petrignano
2014-03-23,-20.06,Aquifer_Petrignano
2014-03-24,-19.94,Aquifer_Petrignano
2014-03-25,-20.12,Aquifer_Petrignano
2014-03-26,-20.12,Aquifer_Petrignano
2014-03-27,-20.27,Aquifer_Petrignano
2014-03-28,-20.22,Aquifer_Petrignano
2014-03-29,-20.33,Aquifer_Petrignano
2014-03-30,-20.24,Aquifer_Petrignano
2014-03-31,-20.22,Aquifer_Petrignano
2014-04-01,-20.28,Aquifer_Petrignano
2014-04-02,-20.38,Aquifer_Petrignano
2014-04-03,-20.38,Aquifer_Petrignano
2014-04-04,-20.15,Aquifer_Petrignano
2014-04-05,-20.13,Aquifer_Petrignano
2014-04-06,-20.17,Aquifer_Petrignano
2014-04-07,-20.18,Aquifer_Petrignano
2014-04-08,-20.06,Aquifer_Petrignano
2014-04-09,-20.07,Aquifer_Petrignano
2014-04-10,-20.21,Aquifer_Petrignano
2014-04-11,-20.24,Aquifer_Petrignano
2014-04-12,-20.29,Aquifer_Petrignano
2014-04-13,-20.28,Aquifer_Petrignano
2014-04-14,-20.08,Aquifer_Petrignano
2014-04-15,-20.26,Aquifer_Petrignano
2014-04-16,-20.15,Aquifer_Petrignano
2014-04-17,-19.97,Aquifer_Petrignano
2014-04-18,-20.02,Aquifer_Petrignano
2014-04-19,-20.08,Aquifer_Petrignano
2014-04-20,-19.74,Aquifer_Petrignano
2014-04-21,-19.66,Aquifer_Petrignano
2014-04-22,-20.03,Aquifer_Petrignano
2014-04-23,-19.93,Aquifer_Petrignano
2014-04-24,-20.13,Aquifer_Petrignano
2014-04-25,-20.09,Aquifer_Petrignano
2014-04-26,-19.99,Aquifer_Petrignano
2014-04-27,-19.71,Aquifer_Petrignano
2014-04-28,-19.8,Aquifer_Petrignano
2014-04-29,-19.91,Aquifer_Petrignano
2014-04-30,-19.99,Aquifer_Petrignano
2014-05-01,-19.86,Aquifer_Petrignano
2014-05-02,-19.8,Aquifer_Petrignano
2014-05-03,-19.8,Aquifer_Petrignano
2014-05-04,-19.86,Aquifer_Petrignano
2014-05-05,-20.13,Aquifer_Petrignano
2014-05-06,-20.06,Aquifer_Petrignano
2014-05-07,-20.06,Aquifer_Petrignano
2014-05-08,-20.04,Aquifer_Petrignano
2014-05-09,-20.14,Aquifer_Petrignano
2014-05-10,-20.21,Aquifer_Petrignano
2014-05-11,-20.11,Aquifer_Petrignano
2014-05-12,-20.08,Aquifer_Petrignano
2014-05-13,-20.06,Aquifer_Petrignano
2014-05-14,-20.07,Aquifer_Petrignano
2014-05-15,-20.18,Aquifer_Petrignano
2014-05-16,-20.19,Aquifer_Petrignano
2014-05-17,-20.23,Aquifer_Petrignano
2014-05-18,-20.19,Aquifer_Petrignano
2014-05-19,-20.22,Aquifer_Petrignano
2014-05-20,-20.16,Aquifer_Petrignano
2014-05-21,-20.16,Aquifer_Petrignano
2014-05-22,-20.22,Aquifer_Petrignano
2014-05-23,-20.16,Aquifer_Petrignano
2014-05-24,-20.32,Aquifer_Petrignano
2014-05-25,-20.26,Aquifer_Petrignano
2014-05-26,-20.02,Aquifer_Petrignano
2014-05-27,-20.29,Aquifer_Petrignano
2014-05-28,-20.21,Aquifer_Petrignano
2014-05-29,-20.37,Aquifer_Petrignano
2014-05-30,-20.32,Aquifer_Petrignano
2014-05-31,-20.3,Aquifer_Petrignano
2014-06-01,-20.29,Aquifer_Petrignano
2014-06-02,-20.27,Aquifer_Petrignano
2014-06-03,-20.29,Aquifer_Petrignano
2014-06-04,-20.51,Aquifer_Petrignano
2014-06-05,-20.43,Aquifer_Petrignano
2014-06-06,-20.6,Aquifer_Petrignano
2014-06-07,-20.66,Aquifer_Petrignano
2014-06-08,-20.78,Aquifer_Petrignano
2014-06-09,-20.68,Aquifer_Petrignano
2014-06-10,-20.75,Aquifer_Petrignano
2014-06-11,-20.8,Aquifer_Petrignano
2014-06-12,-20.91,Aquifer_Petrignano
2014-06-13,-20.7,Aquifer_Petrignano
2014-06-14,-20.6,Aquifer_Petrignano
2014-06-15,-20.41,Aquifer_Petrignano
2014-06-16,-20.44,Aquifer_Petrignano
2014-06-17,-20.19,Aquifer_Petrignano
2014-06-18,-20.33,Aquifer_Petrignano
2014-06-19,-20.37,Aquifer_Petrignano
2014-06-20,-20.37,Aquifer_Petrignano
2014-06-21,-20.68,Aquifer_Petrignano
2014-06-22,-20.94,Aquifer_Petrignano
2014-06-23,-21.02,Aquifer_Petrignano
2014-06-24,-20.99,Aquifer_Petrignano
2014-06-25,-20.89,Aquifer_Petrignano
2014-06-26,-20.86,Aquifer_Petrignano
2014-06-27,-20.83,Aquifer_Petrignano
2014-06-28,-21.23,Aquifer_Petrignano
2014-06-29,-21.16,Aquifer_Petrignano
2014-06-30,-21.15,Aquifer_Petrignano
2014-07-01,-21.03,Aquifer_Petrignano
2014-07-02,-21.17,Aquifer_Petrignano
2014-07-03,-21.27,Aquifer_Petrignano
2014-07-04,-21.33,Aquifer_Petrignano
2014-07-05,-21.4,Aquifer_Petrignano
2014-07-06,-21.36,Aquifer_Petrignano
2014-07-07,-21.45,Aquifer_Petrignano
2014-07-08,-21.22,Aquifer_Petrignano
2014-07-09,-21.16,Aquifer_Petrignano
2014-07-10,-20.88,Aquifer_Petrignano
2014-07-11,-20.94,Aquifer_Petrignano
2014-07-12,-21.16,Aquifer_Petrignano
2014-07-13,-21.17,Aquifer_Petrignano
2014-07-14,-21.02,Aquifer_Petrignano
2014-07-15,-20.98,Aquifer_Petrignano
2014-07-16,-21.17,Aquifer_Petrignano
2014-07-17,-21.32,Aquifer_Petrignano
2014-07-18,-21.4,Aquifer_Petrignano
2014-07-19,-21.49,Aquifer_Petrignano
2014-07-20,-21.51,Aquifer_Petrignano
2014-07-21,-21.4,Aquifer_Petrignano
2014-07-22,-21.11,Aquifer_Petrignano
2014-07-23,-21.17,Aquifer_Petrignano
2014-07-24,-21.13,Aquifer_Petrignano
2014-07-25,-21.07,Aquifer_Petrignano
2014-07-26,-21.12,Aquifer_Petrignano
2014-07-27,-20.7,Aquifer_Petrignano
2014-07-28,-21.11,Aquifer_Petrignano
2014-07-29,-21.14,Aquifer_Petrignano
2014-07-30,-21.28,Aquifer_Petrignano
2014-07-31,-20.97,Aquifer_Petrignano
2014-08-01,-21.34,Aquifer_Petrignano
2014-08-02,-21.37,Aquifer_Petrignano
2014-08-03,-21.26,Aquifer_Petrignano
2014-08-04,-21.33,Aquifer_Petrignano
2014-08-05,-21.42,Aquifer_Petrignano
2014-08-06,-21.16,Aquifer_Petrignano
2014-08-07,-21.19,Aquifer_Petrignano
2014-08-08,-21.5,Aquifer_Petrignano
2014-08-09,-21.55,Aquifer_Petrignano
2014-08-10,-21.48,Aquifer_Petrignano
2014-08-11,-21.65,Aquifer_Petrignano
2014-08-12,-21.63,Aquifer_Petrignano
2014-08-13,-21.69,Aquifer_Petrignano
2014-08-14,-21.71,Aquifer_Petrignano
2014-08-15,-21.42,Aquifer_Petrignano
2014-08-16,-21.64,Aquifer_Petrignano
2014-08-17,-21.61,Aquifer_Petrignano
2014-08-18,-21.68,Aquifer_Petrignano
2014-08-19,-21.74,Aquifer_Petrignano
2014-08-20,-21.7,Aquifer_Petrignano
2014-08-21,-21.59,Aquifer_Petrignano
2014-08-22,-21.76,Aquifer_Petrignano
2014-08-23,-21.86,Aquifer_Petrignano
2014-08-24,-21.47,Aquifer_Petrignano
2014-08-25,-21.5,Aquifer_Petrignano
2014-08-26,-21.49,Aquifer_Petrignano
2014-08-27,-21.55,Aquifer_Petrignano
2014-08-28,-21.61,Aquifer_Petrignano
2014-08-29,-21.77,Aquifer_Petrignano
2014-08-30,-21.88,Aquifer_Petrignano
2014-08-31,-21.72,Aquifer_Petrignano
2014-09-01,-21.59,Aquifer_Petrignano
2014-09-02,-21.68,Aquifer_Petrignano
2014-09-03,-21.72,Aquifer_Petrignano
2014-09-04,-21.57,Aquifer_Petrignano
2014-09-05,-21.79,Aquifer_Petrignano
2014-09-06,-21.75,Aquifer_Petrignano
2014-09-07,-21.64,Aquifer_Petrignano
2014-09-08,-21.62,Aquifer_Petrignano
2014-09-09,-21.81,Aquifer_Petrignano
2014-09-10,-21.92,Aquifer_Petrignano
2014-09-11,-21.72,Aquifer_Petrignano
2014-09-12,-21.77,Aquifer_Petrignano
2014-09-13,-21.75,Aquifer_Petrignano
2014-09-14,-21.74,Aquifer_Petrignano
2014-09-15,-21.72,Aquifer_Petrignano
2014-09-16,-21.87,Aquifer_Petrignano
2014-09-17,-21.88,Aquifer_Petrignano
2014-09-18,-21.87,Aquifer_Petrignano
2014-09-19,-22.12,Aquifer_Petrignano
2014-09-20,-21.9,Aquifer_Petrignano
2014-09-21,-21.85,Aquifer_Petrignano
2014-09-22,-21.83,Aquifer_Petrignano
2014-09-23,-21.86,Aquifer_Petrignano
2014-09-24,-21.94,Aquifer_Petrignano
2014-09-25,-21.83,Aquifer_Petrignano
2014-09-26,-21.81,Aquifer_Petrignano
2014-09-27,-22.03,Aquifer_Petrignano
2014-09-28,-22.03,Aquifer_Petrignano
2014-09-29,-21.96,Aquifer_Petrignano
2014-09-30,-21.88,Aquifer_Petrignano
2014-10-01,-22.02,Aquifer_Petrignano
2014-10-02,-21.74,Aquifer_Petrignano
2014-10-03,-21.89,Aquifer_Petrignano
2014-10-04,-21.99,Aquifer_Petrignano
2014-10-05,-21.96,Aquifer_Petrignano
2014-10-06,-21.92,Aquifer_Petrignano
2014-10-07,-21.99,Aquifer_Petrignano
2014-10-08,-21.99,Aquifer_Petrignano
2014-10-09,-22.09,Aquifer_Petrignano
2014-10-10,-22.04,Aquifer_Petrignano
2014-10-11,-22.16,Aquifer_Petrignano
2014-10-12,-22.01,Aquifer_Petrignano
2014-10-13,-22.01,Aquifer_Petrignano
2014-10-14,-21.92,Aquifer_Petrignano
2014-10-15,-21.76,Aquifer_Petrignano
2014-10-16,-21.8,Aquifer_Petrignano
2014-10-17,-21.84,Aquifer_Petrignano
2014-10-18,-21.85,Aquifer_Petrignano
2014-10-19,-21.97,Aquifer_Petrignano
2014-10-20,-21.95,Aquifer_Petrignano
2014-10-21,-21.85,Aquifer_Petrignano
2014-10-22,-21.85,Aquifer_Petrignano
2014-10-23,-21.95,Aquifer_Petrignano
2014-10-24,-21.88,Aquifer_Petrignano
2014-10-25,-21.99,Aquifer_Petrignano
2014-10-26,-22.04,Aquifer_Petrignano
2014-10-27,-22.06,Aquifer_Petrignano
2014-10-28,-22.01,Aquifer_Petrignano
2014-10-29,-21.97,Aquifer_Petrignano
2014-10-30,-22.02,Aquifer_Petrignano
2014-10-31,-22.04,Aquifer_Petrignano
2014-11-01,-22.07,Aquifer_Petrignano
2014-11-02,-22.06,Aquifer_Petrignano
2014-11-03,-22.06,Aquifer_Petrignano
2014-11-04,-22.05,Aquifer_Petrignano
2014-11-05,-21.98,Aquifer_Petrignano
2014-11-06,-22.12,Aquifer_Petrignano
2014-11-07,-22.02,Aquifer_Petrignano
2014-11-08,-22.07,Aquifer_Petrignano
2014-11-09,-22.05,Aquifer_Petrignano
2014-11-10,-22.0,Aquifer_Petrignano
2014-11-11,-21.82,Aquifer_Petrignano
2014-11-12,-21.81,Aquifer_Petrignano
2014-11-13,-21.84,Aquifer_Petrignano
2014-11-14,-21.98,Aquifer_Petrignano
2014-11-15,-21.96,Aquifer_Petrignano
2014-11-16,-21.81,Aquifer_Petrignano
2014-11-17,-21.83,Aquifer_Petrignano
2014-11-18,-21.94,Aquifer_Petrignano
2014-11-19,-21.81,Aquifer_Petrignano
2014-11-20,-21.96,Aquifer_Petrignano
2014-11-21,-21.91,Aquifer_Petrignano
2014-11-22,-21.88,Aquifer_Petrignano
2014-11-23,-21.9,Aquifer_Petrignano
2014-11-24,-21.88,Aquifer_Petrignano
2014-11-25,-21.9,Aquifer_Petrignano
2014-11-26,-21.99,Aquifer_Petrignano
2014-11-27,-21.85,Aquifer_Petrignano
2014-11-28,-21.93,Aquifer_Petrignano
2014-11-29,-22.05,Aquifer_Petrignano
2014-11-30,-21.95,Aquifer_Petrignano
2014-12-01,-21.81,Aquifer_Petrignano
2014-12-02,-21.84,Aquifer_Petrignano
2014-12-03,-21.8,Aquifer_Petrignano
2014-12-04,-21.83,Aquifer_Petrignano
2014-12-05,-21.91,Aquifer_Petrignano
2014-12-06,-21.89,Aquifer_Petrignano
2014-12-07,-21.84,Aquifer_Petrignano
2014-12-08,-21.84,Aquifer_Petrignano
2014-12-09,-21.84,Aquifer_Petrignano
2014-12-10,-21.88,Aquifer_Petrignano
2014-12-11,-21.88,Aquifer_Petrignano
2014-12-12,-21.83,Aquifer_Petrignano
2014-12-13,-21.81,Aquifer_Petrignano
2014-12-14,-21.77,Aquifer_Petrignano
2014-12-15,-21.79,Aquifer_Petrignano
2014-12-16,-21.71,Aquifer_Petrignano
2014-12-17,-21.73,Aquifer_Petrignano
2014-12-18,-21.78,Aquifer_Petrignano
2014-12-19,-21.78,Aquifer_Petrignano
2014-12-20,-21.81,Aquifer_Petrignano
2014-12-21,-21.75,Aquifer_Petrignano
2014-12-22,-21.73,Aquifer_Petrignano
2014-12-23,-21.76,Aquifer_Petrignano
2014-12-24,-21.74,Aquifer_Petrignano
2014-12-25,-21.41,Aquifer_Petrignano
2014-12-26,-21.42,Aquifer_Petrignano
2014-12-27,-21.61,Aquifer_Petrignano
2014-12-28,-21.43,Aquifer_Petrignano
2014-12-29,-21.63,Aquifer_Petrignano
2014-12-30,-21.67,Aquifer_Petrignano
2014-12-31,-21.83,Aquifer_Petrignano
2015-01-01,-21.72,Aquifer_Petrignano
2015-01-02,-21.62,Aquifer_Petrignano
2015-01-03,-21.72,Aquifer_Petrignano
2015-01-04,-21.55,Aquifer_Petrignano
2015-01-05,-21.69,Aquifer_Petrignano
2015-01-06,-21.49,Aquifer_Petrignano
2015-01-07,-21.59,Aquifer_Petrignano
2015-01-08,-21.64,Aquifer_Petrignano
2015-01-09,-21.62,Aquifer_Petrignano
2015-01-10,-21.61,Aquifer_Petrignano
2015-01-11,-21.45,Aquifer_Petrignano
2015-01-12,-21.63,Aquifer_Petrignano
2015-01-13,-21.68,Aquifer_Petrignano
2015-01-14,-21.55,Aquifer_Petrignano
2015-01-15,-21.52,Aquifer_Petrignano
2015-01-16,-21.52,Aquifer_Petrignano
2015-01-17,-21.52,Aquifer_Petrignano
2015-01-18,-21.52,Aquifer_Petrignano
2015-01-19,-21.51,Aquifer_Petrignano
2015-01-20,-21.45,Aquifer_Petrignano
2015-01-21,-21.49,Aquifer_Petrignano
2015-01-22,-21.48,Aquifer_Petrignano
2015-01-23,-21.55,Aquifer_Petrignano
2015-01-24,-21.54,Aquifer_Petrignano
2015-01-25,-21.57,Aquifer_Petrignano
2015-01-26,-21.61,Aquifer_Petrignano
2015-01-27,-21.61,Aquifer_Petrignano
2015-01-28,-21.58,Aquifer_Petrignano
2015-01-29,-21.43,Aquifer_Petrignano
2015-01-30,-21.37,Aquifer_Petrignano
2015-01-31,-21.51,Aquifer_Petrignano
2015-02-01,-21.57,Aquifer_Petrignano
2015-02-02,-21.59,Aquifer_Petrignano
2015-02-03,-21.45,Aquifer_Petrignano
2015-02-04,-21.39,Aquifer_Petrignano
2015-02-05,-21.33,Aquifer_Petrignano
2015-02-06,-21.4,Aquifer_Petrignano
2015-02-07,-21.78,Aquifer_Petrignano
2015-02-08,-21.49,Aquifer_Petrignano
2015-02-09,-21.56,Aquifer_Petrignano
2015-02-10,-21.5,Aquifer_Petrignano
2015-02-11,-21.43,Aquifer_Petrignano
2015-02-12,-21.47,Aquifer_Petrignano
2015-02-13,-21.43,Aquifer_Petrignano
2015-02-14,-21.42,Aquifer_Petrignano
2015-02-15,-21.37,Aquifer_Petrignano
2015-02-16,-21.35,Aquifer_Petrignano
2015-02-17,-21.43,Aquifer_Petrignano
2015-02-18,-21.64,Aquifer_Petrignano
2015-02-19,-21.57,Aquifer_Petrignano
2015-02-20,-21.57,Aquifer_Petrignano
2015-02-21,-21.38,Aquifer_Petrignano
2015-02-22,-21.28,Aquifer_Petrignano
2015-02-23,-21.27,Aquifer_Petrignano
2015-02-24,-21.2,Aquifer_Petrignano
2015-02-25,-21.29,Aquifer_Petrignano
2015-02-26,-21.33,Aquifer_Petrignano
2015-02-27,-21.26,Aquifer_Petrignano
2015-02-28,-21.44,Aquifer_Petrignano
2015-03-01,-21.3,Aquifer_Petrignano
2015-03-02,-21.26,Aquifer_Petrignano
2015-03-03,-21.11,Aquifer_Petrignano
2015-03-04,-21.28,Aquifer_Petrignano
2015-03-05,-21.18,Aquifer_Petrignano
2015-03-06,-21.25,Aquifer_Petrignano
2015-03-07,-21.31,Aquifer_Petrignano
2015-03-08,-21.15,Aquifer_Petrignano
2015-03-09,-21.09,Aquifer_Petrignano
2015-03-10,-21.24,Aquifer_Petrignano
2015-03-11,-21.23,Aquifer_Petrignano
2015-03-12,-21.14,Aquifer_Petrignano
2015-03-13,-21.04,Aquifer_Petrignano
2015-03-14,-21.16,Aquifer_Petrignano
2015-03-15,-21.04,Aquifer_Petrignano
2015-03-16,-21.02,Aquifer_Petrignano
2015-03-17,-20.84,Aquifer_Petrignano
2015-03-18,-21.06,Aquifer_Petrignano
2015-03-19,-20.92,Aquifer_Petrignano
2015-03-20,-21.04,Aquifer_Petrignano
2015-03-21,-21.01,Aquifer_Petrignano
2015-03-22,-20.84,Aquifer_Petrignano
2015-03-23,-20.8,Aquifer_Petrignano
2015-03-24,-20.95,Aquifer_Petrignano
2015-03-25,-20.63,Aquifer_Petrignano
2015-03-26,-20.93,Aquifer_Petrignano
2015-03-27,-20.98,Aquifer_Petrignano
2015-03-28,-21.03,Aquifer_Petrignano
2015-03-29,-20.84,Aquifer_Petrignano
2015-03-30,-20.74,Aquifer_Petrignano
2015-03-31,-20.73,Aquifer_Petrignano
2015-04-01,-20.9,Aquifer_Petrignano
2015-04-02,-20.72,Aquifer_Petrignano
2015-04-03,-20.98,Aquifer_Petrignano
2015-04-04,-20.78,Aquifer_Petrignano
2015-04-05,-20.59,Aquifer_Petrignano
2015-04-06,-20.52,Aquifer_Petrignano
2015-04-07,-20.75,Aquifer_Petrignano
2015-04-08,-20.62,Aquifer_Petrignano
2015-04-09,-20.75,Aquifer_Petrignano
2015-04-10,-20.73,Aquifer_Petrignano
2015-04-11,-20.8,Aquifer_Petrignano
2015-04-12,-20.66,Aquifer_Petrignano
2015-04-13,-20.71,Aquifer_Petrignano
2015-04-14,-20.75,Aquifer_Petrignano
2015-04-15,-20.77,Aquifer_Petrignano
2015-04-16,-20.82,Aquifer_Petrignano
2015-04-17,-20.78,Aquifer_Petrignano
2015-04-18,-20.58,Aquifer_Petrignano
2015-04-19,-20.69,Aquifer_Petrignano
2015-04-20,-20.52,Aquifer_Petrignano
2015-04-21,-20.8,Aquifer_Petrignano
2015-04-22,-20.98,Aquifer_Petrignano
2015-04-23,-20.66,Aquifer_Petrignano
2015-04-24,-20.47,Aquifer_Petrignano
2015-04-25,-20.55,Aquifer_Petrignano
2015-04-26,-20.49,Aquifer_Petrignano
2015-04-27,-20.38,Aquifer_Petrignano
2015-04-28,-20.33,Aquifer_Petrignano
2015-04-29,-20.36,Aquifer_Petrignano
2015-04-30,-20.4,Aquifer_Petrignano
2015-05-01,-20.37,Aquifer_Petrignano
2015-05-02,-20.23,Aquifer_Petrignano
2015-05-03,-20.28,Aquifer_Petrignano
2015-05-04,-20.37,Aquifer_Petrignano
2015-05-05,-20.4,Aquifer_Petrignano
2015-05-06,-20.46,Aquifer_Petrignano
2015-05-07,-20.37,Aquifer_Petrignano
2015-05-08,-20.49,Aquifer_Petrignano
2015-05-09,-20.51,Aquifer_Petrignano
2015-05-10,-20.52,Aquifer_Petrignano
2015-05-11,-20.45,Aquifer_Petrignano
2015-05-12,-20.57,Aquifer_Petrignano
2015-05-13,-20.62,Aquifer_Petrignano
2015-05-14,-20.54,Aquifer_Petrignano
2015-05-15,-20.56,Aquifer_Petrignano
2015-05-16,-20.6,Aquifer_Petrignano
2015-05-17,-20.51,Aquifer_Petrignano
2015-05-18,-20.6,Aquifer_Petrignano
2015-05-19,-20.69,Aquifer_Petrignano
2015-05-20,-20.67,Aquifer_Petrignano
2015-05-21,-20.59,Aquifer_Petrignano
2015-05-22,-20.55,Aquifer_Petrignano
2015-05-23,-20.46,Aquifer_Petrignano
2015-05-24,-20.37,Aquifer_Petrignano
2015-05-25,-20.37,Aquifer_Petrignano
2015-05-26,-20.44,Aquifer_Petrignano
2015-05-27,-20.44,Aquifer_Petrignano
2015-05-28,-20.48,Aquifer_Petrignano
2015-05-29,-20.55,Aquifer_Petrignano
2015-05-30,-20.48,Aquifer_Petrignano
2015-05-31,-20.42,Aquifer_Petrignano
2015-06-01,-20.46,Aquifer_Petrignano
2015-06-02,-20.54,Aquifer_Petrignano
2015-06-03,-20.7,Aquifer_Petrignano
2015-06-04,-20.86,Aquifer_Petrignano
2015-06-05,-20.75,Aquifer_Petrignano
2015-06-06,-20.81,Aquifer_Petrignano
2015-06-07,-20.9,Aquifer_Petrignano
2015-06-08,-20.86,Aquifer_Petrignano
2015-06-09,-20.81,Aquifer_Petrignano
2015-06-10,-20.8,Aquifer_Petrignano
2015-06-11,-21.01,Aquifer_Petrignano
2015-06-12,-20.95,Aquifer_Petrignano
2015-06-13,-21.06,Aquifer_Petrignano
2015-06-14,-20.83,Aquifer_Petrignano
2015-06-15,-20.69,Aquifer_Petrignano
2015-06-16,-20.75,Aquifer_Petrignano
2015-06-17,-20.74,Aquifer_Petrignano
2015-06-18,-20.86,Aquifer_Petrignano
2015-06-19,-20.84,Aquifer_Petrignano
2015-06-20,-20.78,Aquifer_Petrignano
2015-06-21,-20.79,Aquifer_Petrignano
2015-06-22,-20.84,Aquifer_Petrignano
2015-06-23,-20.86,Aquifer_Petrignano
2015-06-24,-20.87,Aquifer_Petrignano
2015-06-25,-20.8,Aquifer_Petrignano
2015-06-26,-20.95,Aquifer_Petrignano
2015-06-27,-20.99,Aquifer_Petrignano
2015-06-28,-21.0,Aquifer_Petrignano
2015-06-29,-21.17,Aquifer_Petrignano
2015-06-30,-21.18,Aquifer_Petrignano
2015-07-01,-21.26,Aquifer_Petrignano
2015-07-02,-21.33,Aquifer_Petrignano
2015-07-03,-21.42,Aquifer_Petrignano
2015-07-04,-21.49,Aquifer_Petrignano
2015-07-05,-21.49,Aquifer_Petrignano
2015-07-06,-21.57,Aquifer_Petrignano
2015-07-07,-21.64,Aquifer_Petrignano
2015-07-08,-21.73,Aquifer_Petrignano
2015-07-09,-21.8,Aquifer_Petrignano
2015-07-10,-21.8,Aquifer_Petrignano
2015-07-11,-21.8,Aquifer_Petrignano
2015-07-12,-21.78,Aquifer_Petrignano
2015-07-13,-21.76,Aquifer_Petrignano
2015-07-14,-21.89,Aquifer_Petrignano
2015-07-15,-22.03,Aquifer_Petrignano
2015-07-16,-22.1,Aquifer_Petrignano
2015-07-17,-22.21,Aquifer_Petrignano
2015-07-18,-22.45,Aquifer_Petrignano
2015-07-19,-22.44,Aquifer_Petrignano
2015-07-20,-22.42,Aquifer_Petrignano
2015-07-21,-22.49,Aquifer_Petrignano
2015-07-22,-22.35,Aquifer_Petrignano
2015-07-23,-21.97,Aquifer_Petrignano
2015-07-24,-22.3,Aquifer_Petrignano
2015-07-25,-22.23,Aquifer_Petrignano
2015-07-26,-21.89,Aquifer_Petrignano
2015-07-27,-22.24,Aquifer_Petrignano
2015-07-28,-22.32,Aquifer_Petrignano
2015-07-29,-22.41,Aquifer_Petrignano
2015-07-30,-22.43,Aquifer_Petrignano
2015-07-31,-22.38,Aquifer_Petrignano
2015-08-01,-22.4,Aquifer_Petrignano
2015-08-02,-22.42,Aquifer_Petrignano
2015-08-03,-22.23,Aquifer_Petrignano
2015-08-04,-22.44,Aquifer_Petrignano
2015-08-05,-22.49,Aquifer_Petrignano
2015-08-06,-22.55,Aquifer_Petrignano
2015-08-07,-22.59,Aquifer_Petrignano
2015-08-08,-22.73,Aquifer_Petrignano
2015-08-09,-22.56,Aquifer_Petrignano
2015-08-10,-22.32,Aquifer_Petrignano
2015-08-11,-22.44,Aquifer_Petrignano
2015-08-12,-22.47,Aquifer_Petrignano
2015-08-13,-22.55,Aquifer_Petrignano
2015-08-14,-22.58,Aquifer_Petrignano
2015-08-15,-22.56,Aquifer_Petrignano
2015-08-16,-22.18,Aquifer_Petrignano
2015-08-17,-22.36,Aquifer_Petrignano
2015-08-18,-22.46,Aquifer_Petrignano
2015-08-19,-22.48,Aquifer_Petrignano
2015-08-20,-23.26,Aquifer_Petrignano
2015-08-21,-22.74,Aquifer_Petrignano
2015-08-22,-22.66,Aquifer_Petrignano
2015-08-23,-22.68,Aquifer_Petrignano
2015-08-24,-22.66,Aquifer_Petrignano
2015-08-25,-22.62,Aquifer_Petrignano
2015-08-26,-22.59,Aquifer_Petrignano
2015-08-27,-22.67,Aquifer_Petrignano
2015-08-28,-22.8,Aquifer_Petrignano
2015-08-29,-22.84,Aquifer_Petrignano
2015-08-30,-22.89,Aquifer_Petrignano
2015-08-31,-22.9,Aquifer_Petrignano
2015-09-01,-22.92,Aquifer_Petrignano
2015-09-02,-22.95,Aquifer_Petrignano
2015-09-03,-22.97,Aquifer_Petrignano
2015-09-04,-22.79,Aquifer_Petrignano
2015-09-05,-22.74,Aquifer_Petrignano
2015-09-06,-22.75,Aquifer_Petrignano
2015-09-07,-22.78,Aquifer_Petrignano
2015-09-08,-22.82,Aquifer_Petrignano
2015-09-09,-22.81,Aquifer_Petrignano
2015-09-10,-22.77,Aquifer_Petrignano
2015-09-11,-22.86,Aquifer_Petrignano
2015-09-12,-22.96,Aquifer_Petrignano
2015-09-13,-22.88,Aquifer_Petrignano
2015-09-14,-22.74,Aquifer_Petrignano
2015-09-15,-22.69,Aquifer_Petrignano
2015-09-16,-22.78,Aquifer_Petrignano
2015-09-17,-22.86,Aquifer_Petrignano
2015-09-18,-22.96,Aquifer_Petrignano
2015-09-19,-23.09,Aquifer_Petrignano
2015-09-20,-22.99,Aquifer_Petrignano
2015-09-21,-22.94,Aquifer_Petrignano
2015-09-22,-22.99,Aquifer_Petrignano
2015-09-23,-23.01,Aquifer_Petrignano
2015-09-24,-22.98,Aquifer_Petrignano
2015-09-25,-22.93,Aquifer_Petrignano
2015-09-26,-22.96,Aquifer_Petrignano
2015-09-27,-22.97,Aquifer_Petrignano
2015-09-28,-22.96,Aquifer_Petrignano
2015-09-29,-22.96,Aquifer_Petrignano
2015-09-30,-23.03,Aquifer_Petrignano
2015-10-01,-22.92,Aquifer_Petrignano
2015-10-02,-22.88,Aquifer_Petrignano
2015-10-03,-22.92,Aquifer_Petrignano
2015-10-04,-22.98,Aquifer_Petrignano
2015-10-05,-22.86,Aquifer_Petrignano
2015-10-06,-22.93,Aquifer_Petrignano
2015-10-07,-22.98,Aquifer_Petrignano
2015-10-08,-23.02,Aquifer_Petrignano
2015-10-09,-23.14,Aquifer_Petrignano
2015-10-10,-22.97,Aquifer_Petrignano
2015-10-11,-22.91,Aquifer_Petrignano
2015-10-12,-23.04,Aquifer_Petrignano
2015-10-13,-22.95,Aquifer_Petrignano
2015-10-14,-22.71,Aquifer_Petrignano
2015-10-15,-22.94,Aquifer_Petrignano
2015-10-16,-23.06,Aquifer_Petrignano
2015-10-17,-23.08,Aquifer_Petrignano
2015-10-18,-22.99,Aquifer_Petrignano
2015-10-19,-22.83,Aquifer_Petrignano
2015-10-20,-22.91,Aquifer_Petrignano
2015-10-21,-23.02,Aquifer_Petrignano
2015-10-22,-23.11,Aquifer_Petrignano
2015-10-23,-23.1,Aquifer_Petrignano
2015-10-24,-23.12,Aquifer_Petrignano
2015-10-25,-23.02,Aquifer_Petrignano
2015-10-26,-23.01,Aquifer_Petrignano
2015-10-27,-22.88,Aquifer_Petrignano
2015-10-28,-23.03,Aquifer_Petrignano
2015-10-29,-23.1,Aquifer_Petrignano
2015-10-30,-23.24,Aquifer_Petrignano
2015-10-31,-23.47,Aquifer_Petrignano
2015-11-01,-23.5,Aquifer_Petrignano
2015-11-02,-23.54,Aquifer_Petrignano
2015-11-03,-23.43,Aquifer_Petrignano
2015-11-04,-23.25,Aquifer_Petrignano
2015-11-05,-23.27,Aquifer_Petrignano
2015-11-06,-23.35,Aquifer_Petrignano
2015-11-07,-23.4,Aquifer_Petrignano
2015-11-08,-23.42,Aquifer_Petrignano
2015-11-09,-23.37,Aquifer_Petrignano
2015-11-10,-23.4,Aquifer_Petrignano
2015-11-11,-23.42,Aquifer_Petrignano
2015-11-12,-23.4,Aquifer_Petrignano
2015-11-13,-23.44,Aquifer_Petrignano
2015-11-14,-23.44,Aquifer_Petrignano
2015-11-15,-23.34,Aquifer_Petrignano
2015-11-16,-23.42,Aquifer_Petrignano
2015-11-17,-23.49,Aquifer_Petrignano
2015-11-18,-23.34,Aquifer_Petrignano
2015-11-19,-23.48,Aquifer_Petrignano
2015-11-20,-23.44,Aquifer_Petrignano
2015-11-21,-23.31,Aquifer_Petrignano
2015-11-22,-23.73,Aquifer_Petrignano
2015-11-23,-23.59,Aquifer_Petrignano
2015-11-24,-23.5,Aquifer_Petrignano
2015-11-25,-23.35,Aquifer_Petrignano
2015-11-26,-23.27,Aquifer_Petrignano
2015-11-27,-23.43,Aquifer_Petrignano
2015-11-28,-23.59,Aquifer_Petrignano
2015-11-29,-23.61,Aquifer_Petrignano
2015-11-30,-23.6,Aquifer_Petrignano
2015-12-01,-23.58,Aquifer_Petrignano
2015-12-02,-23.57,Aquifer_Petrignano
2015-12-03,-23.52,Aquifer_Petrignano
2015-12-04,-23.63,Aquifer_Petrignano
2015-12-05,-23.71,Aquifer_Petrignano
2015-12-06,-23.66,Aquifer_Petrignano
2015-12-07,-23.71,Aquifer_Petrignano
2015-12-08,-23.64,Aquifer_Petrignano
2015-12-09,-23.65,Aquifer_Petrignano
2015-12-10,-23.69,Aquifer_Petrignano
2015-12-11,-23.71,Aquifer_Petrignano
2015-12-12,-23.73,Aquifer_Petrignano
2015-12-13,-23.68,Aquifer_Petrignano
2015-12-14,-23.71,Aquifer_Petrignano
2015-12-15,-23.8,Aquifer_Petrignano
2015-12-16,-23.79,Aquifer_Petrignano
2015-12-17,-23.79,Aquifer_Petrignano
2015-12-18,-23.78,Aquifer_Petrignano
2015-12-19,-23.61,Aquifer_Petrignano
2015-12-20,-23.56,Aquifer_Petrignano
2015-12-21,-23.59,Aquifer_Petrignano
2015-12-22,-23.62,Aquifer_Petrignano
2015-12-23,-23.64,Aquifer_Petrignano
2015-12-24,-23.69,Aquifer_Petrignano
2015-12-25,-23.63,Aquifer_Petrignano
2015-12-26,-23.64,Aquifer_Petrignano
2015-12-27,-23.6,Aquifer_Petrignano
2015-12-28,-23.67,Aquifer_Petrignano
2015-12-29,-23.68,Aquifer_Petrignano
2015-12-30,-23.75,Aquifer_Petrignano
2015-12-31,-23.71,Aquifer_Petrignano
2016-01-01,-23.69,Aquifer_Petrignano
2016-01-02,-23.66,Aquifer_Petrignano
2016-01-03,-23.5,Aquifer_Petrignano
2016-01-04,-23.7,Aquifer_Petrignano
2016-01-05,-23.69,Aquifer_Petrignano
2016-01-06,-23.68,Aquifer_Petrignano
2016-01-07,-23.72,Aquifer_Petrignano
2016-01-08,-23.71,Aquifer_Petrignano
2016-01-09,-23.77,Aquifer_Petrignano
2016-01-10,-23.78,Aquifer_Petrignano
2016-01-11,-23.8,Aquifer_Petrignano
2016-01-12,-23.86,Aquifer_Petrignano
2016-01-13,-23.94,Aquifer_Petrignano
2016-01-14,-23.9,Aquifer_Petrignano
2016-01-15,-23.95,Aquifer_Petrignano
2016-01-16,-24.07,Aquifer_Petrignano
2016-01-17,-23.99,Aquifer_Petrignano
2016-01-18,-24.01,Aquifer_Petrignano
2016-01-19,-24.04,Aquifer_Petrignano
2016-01-20,-24.06,Aquifer_Petrignano
2016-01-21,-24.07,Aquifer_Petrignano
2016-01-22,-24.14,Aquifer_Petrignano
2016-01-23,-24.24,Aquifer_Petrignano
2016-01-24,-24.22,Aquifer_Petrignano
2016-01-25,-24.23,Aquifer_Petrignano
2016-01-26,-24.15,Aquifer_Petrignano
2016-01-27,-24.1,Aquifer_Petrignano
2016-01-28,-24.11,Aquifer_Petrignano
2016-01-29,-24.14,Aquifer_Petrignano
2016-01-30,-24.15,Aquifer_Petrignano
2016-01-31,-24.06,Aquifer_Petrignano
2016-02-01,-24.08,Aquifer_Petrignano
2016-02-02,-24.18,Aquifer_Petrignano
2016-02-03,-24.13,Aquifer_Petrignano
2016-02-04,-24.38,Aquifer_Petrignano
2016-02-05,-24.49,Aquifer_Petrignano
2016-02-06,-24.53,Aquifer_Petrignano
2016-02-07,-24.45,Aquifer_Petrignano
2016-02-08,-24.37,Aquifer_Petrignano
2016-02-09,-24.38,Aquifer_Petrignano
2016-02-10,-24.45,Aquifer_Petrignano
2016-02-11,-24.38,Aquifer_Petrignano
2016-02-12,-24.24,Aquifer_Petrignano
2016-02-13,-24.28,Aquifer_Petrignano
2016-02-14,-24.29,Aquifer_Petrignano
2016-02-15,-24.5,Aquifer_Petrignano
2016-02-16,-24.47,Aquifer_Petrignano
2016-02-17,-24.38,Aquifer_Petrignano
2016-02-18,-24.24,Aquifer_Petrignano
2016-02-19,-24.43,Aquifer_Petrignano
2016-02-20,-24.47,Aquifer_Petrignano
2016-02-21,-24.37,Aquifer_Petrignano
2016-02-22,-24.27,Aquifer_Petrignano
2016-02-23,-24.15,Aquifer_Petrignano
2016-02-24,-24.26,Aquifer_Petrignano
2016-02-25,-24.26,Aquifer_Petrignano
2016-02-26,-24.28,Aquifer_Petrignano
2016-02-27,-24.18,Aquifer_Petrignano
2016-02-28,-24.14,Aquifer_Petrignano
2016-02-29,-24.12,Aquifer_Petrignano
2016-03-01,-24.32,Aquifer_Petrignano
2016-03-02,-24.35,Aquifer_Petrignano
2016-03-03,-24.26,Aquifer_Petrignano
2016-03-04,-24.31,Aquifer_Petrignano
2016-03-05,-24.36,Aquifer_Petrignano
2016-03-06,-24.3,Aquifer_Petrignano
2016-03-07,-24.27,Aquifer_Petrignano
2016-03-08,-24.31,Aquifer_Petrignano
2016-03-09,-24.28,Aquifer_Petrignano
2016-03-10,-24.26,Aquifer_Petrignano
2016-03-11,-24.36,Aquifer_Petrignano
2016-03-12,-24.47,Aquifer_Petrignano
2016-03-13,-24.32,Aquifer_Petrignano
2016-03-14,-24.34,Aquifer_Petrignano
2016-03-15,-24.36,Aquifer_Petrignano
2016-03-16,-24.37,Aquifer_Petrignano
2016-03-17,-24.25,Aquifer_Petrignano
2016-03-18,-24.32,Aquifer_Petrignano
2016-03-19,-24.71,Aquifer_Petrignano
2016-03-20,-24.68,Aquifer_Petrignano
2016-03-21,-24.6,Aquifer_Petrignano
2016-03-22,-24.5,Aquifer_Petrignano
2016-03-23,-24.41,Aquifer_Petrignano
2016-03-24,-24.48,Aquifer_Petrignano
2016-03-25,-24.5,Aquifer_Petrignano
2016-03-26,-24.53,Aquifer_Petrignano
2016-03-27,-24.38,Aquifer_Petrignano
2016-03-28,-24.24,Aquifer_Petrignano
2016-03-29,-24.25,Aquifer_Petrignano
2016-03-30,-24.37,Aquifer_Petrignano
2016-03-31,-24.39,Aquifer_Petrignano
2016-04-01,-24.4,Aquifer_Petrignano
2016-04-02,-24.5,Aquifer_Petrignano
2016-04-03,-24.34,Aquifer_Petrignano
2016-04-04,-24.42,Aquifer_Petrignano
2016-04-05,-24.52,Aquifer_Petrignano
2016-04-06,-24.55,Aquifer_Petrignano
2016-04-07,-24.53,Aquifer_Petrignano
2016-04-08,-24.51,Aquifer_Petrignano
2016-04-09,-24.46,Aquifer_Petrignano
2016-04-10,-24.35,Aquifer_Petrignano
2016-04-11,-24.42,Aquifer_Petrignano
2016-04-12,-24.51,Aquifer_Petrignano
2016-04-13,-24.46,Aquifer_Petrignano
2016-04-14,-24.53,Aquifer_Petrignano
2016-04-15,-24.6,Aquifer_Petrignano
2016-04-16,-24.69,Aquifer_Petrignano
2016-04-17,-24.72,Aquifer_Petrignano
2016-04-18,-24.73,Aquifer_Petrignano
2016-04-19,-24.73,Aquifer_Petrignano
2016-04-20,-24.72,Aquifer_Petrignano
2016-04-21,-24.7,Aquifer_Petrignano
2016-04-22,-24.71,Aquifer_Petrignano
2016-04-23,-24.7,Aquifer_Petrignano
2016-04-24,-24.34,Aquifer_Petrignano
2016-04-25,-24.41,Aquifer_Petrignano
2016-04-26,-24.4,Aquifer_Petrignano
2016-04-27,-24.45,Aquifer_Petrignano
2016-04-28,-24.44,Aquifer_Petrignano
2016-04-29,-24.78,Aquifer_Petrignano
2016-04-30,-24.64,Aquifer_Petrignano
2016-05-01,-24.48,Aquifer_Petrignano
2016-05-02,-24.42,Aquifer_Petrignano
2016-05-03,-24.39,Aquifer_Petrignano
2016-05-04,-24.51,Aquifer_Petrignano
2016-05-05,-24.52,Aquifer_Petrignano
2016-05-06,-24.59,Aquifer_Petrignano
2016-05-07,-24.62,Aquifer_Petrignano
2016-05-08,-24.48,Aquifer_Petrignano
2016-05-09,-24.49,Aquifer_Petrignano
2016-05-10,-24.51,Aquifer_Petrignano
2016-05-11,-24.53,Aquifer_Petrignano
2016-05-12,-24.7,Aquifer_Petrignano
2016-05-13,-24.53,Aquifer_Petrignano
2016-05-14,-24.53,Aquifer_Petrignano
2016-05-15,-24.41,Aquifer_Petrignano
2016-05-16,-24.56,Aquifer_Petrignano
2016-05-17,-24.41,Aquifer_Petrignano
2016-05-18,-24.54,Aquifer_Petrignano
2016-05-19,-24.38,Aquifer_Petrignano
2016-05-20,-24.37,Aquifer_Petrignano
2016-05-21,-24.48,Aquifer_Petrignano
2016-05-22,-24.38,Aquifer_Petrignano
2016-05-23,-24.4,Aquifer_Petrignano
2016-05-24,-24.31,Aquifer_Petrignano
2016-05-25,-24.37,Aquifer_Petrignano
2016-05-26,-24.25,Aquifer_Petrignano
2016-05-27,-24.29,Aquifer_Petrignano
2016-05-28,-24.42,Aquifer_Petrignano
2016-05-29,-24.08,Aquifer_Petrignano
2016-05-30,-24.06,Aquifer_Petrignano
2016-05-31,-23.97,Aquifer_Petrignano
2016-06-01,-24.03,Aquifer_Petrignano
2016-06-02,-23.74,Aquifer_Petrignano
2016-06-03,-23.8,Aquifer_Petrignano
2016-06-04,-23.92,Aquifer_Petrignano
2016-06-05,-23.87,Aquifer_Petrignano
2016-06-06,-23.96,Aquifer_Petrignano
2016-06-07,-24.09,Aquifer_Petrignano
2016-06-08,-24.12,Aquifer_Petrignano
2016-06-09,-24.12,Aquifer_Petrignano
2016-06-10,-24.0,Aquifer_Petrignano
2016-06-11,-24.05,Aquifer_Petrignano
2016-06-12,-24.02,Aquifer_Petrignano
2016-06-13,-23.91,Aquifer_Petrignano
2016-06-14,-23.98,Aquifer_Petrignano
2016-06-15,-24.05,Aquifer_Petrignano
2016-06-16,-24.01,Aquifer_Petrignano
2016-06-17,-24.11,Aquifer_Petrignano
2016-06-18,-24.21,Aquifer_Petrignano
2016-06-19,-24.09,Aquifer_Petrignano
2016-06-20,-23.71,Aquifer_Petrignano
2016-06-21,-23.83,Aquifer_Petrignano
2016-06-22,-23.89,Aquifer_Petrignano
2016-06-23,-23.97,Aquifer_Petrignano
2016-06-24,-24.0,Aquifer_Petrignano
2016-06-25,-24.25,Aquifer_Petrignano
2016-06-26,-24.1,Aquifer_Petrignano
2016-06-27,-24.01,Aquifer_Petrignano
2016-06-28,-24.02,Aquifer_Petrignano
2016-06-29,-24.22,Aquifer_Petrignano
2016-06-30,-24.29,Aquifer_Petrignano
2016-07-01,-24.35,Aquifer_Petrignano
2016-07-02,-24.39,Aquifer_Petrignano
2016-07-03,-24.45,Aquifer_Petrignano
2016-07-04,-24.41,Aquifer_Petrignano
2016-07-05,-24.51,Aquifer_Petrignano
2016-07-06,-24.53,Aquifer_Petrignano
2016-07-07,-24.47,Aquifer_Petrignano
2016-07-08,-24.54,Aquifer_Petrignano
2016-07-09,-24.55,Aquifer_Petrignano
2016-07-10,-24.56,Aquifer_Petrignano
2016-07-11,-24.58,Aquifer_Petrignano
2016-07-12,-24.71,Aquifer_Petrignano
2016-07-13,-24.59,Aquifer_Petrignano
2016-07-14,-24.59,Aquifer_Petrignano
2016-07-15,-24.15,Aquifer_Petrignano
2016-07-16,-24.07,Aquifer_Petrignano
2016-07-17,-24.18,Aquifer_Petrignano
2016-07-18,-24.24,Aquifer_Petrignano
2016-07-19,-24.36,Aquifer_Petrignano
2016-07-20,-24.52,Aquifer_Petrignano
2016-07-21,-24.61,Aquifer_Petrignano
2016-07-22,-24.68,Aquifer_Petrignano
2016-07-23,-24.71,Aquifer_Petrignano
2016-07-24,-24.21,Aquifer_Petrignano
2016-07-25,-24.03,Aquifer_Petrignano
2016-07-26,-24.27,Aquifer_Petrignano
2016-07-27,-24.27,Aquifer_Petrignano
2016-07-28,-24.33,Aquifer_Petrignano
2016-07-29,-24.68,Aquifer_Petrignano
2016-07-30,-25.23,Aquifer_Petrignano
2016-07-31,-25.02,Aquifer_Petrignano
2016-08-01,-25.0,Aquifer_Petrignano
2016-08-02,-24.81,Aquifer_Petrignano
2016-08-03,-24.84,Aquifer_Petrignano
2016-08-04,-24.88,Aquifer_Petrignano
2016-08-05,-24.92,Aquifer_Petrignano
2016-08-06,-24.77,Aquifer_Petrignano
2016-08-07,-24.55,Aquifer_Petrignano
2016-08-08,-24.82,Aquifer_Petrignano
2016-08-09,-24.78,Aquifer_Petrignano
2016-08-10,-24.85,Aquifer_Petrignano
2016-08-11,-24.73,Aquifer_Petrignano
2016-08-12,-24.97,Aquifer_Petrignano
2016-08-13,-24.99,Aquifer_Petrignano
2016-08-14,-24.89,Aquifer_Petrignano
2016-08-15,-24.77,Aquifer_Petrignano
2016-08-16,-24.87,Aquifer_Petrignano
2016-08-17,-25.1,Aquifer_Petrignano
2016-08-18,-25.06,Aquifer_Petrignano
2016-08-19,-25.08,Aquifer_Petrignano
2016-08-20,-25.04,Aquifer_Petrignano
2016-08-21,-25.08,Aquifer_Petrignano
2016-08-22,-25.24,Aquifer_Petrignano
2016-08-23,-25.14,Aquifer_Petrignano
2016-08-24,-25.17,Aquifer_Petrignano
2016-08-25,-25.1,Aquifer_Petrignano
2016-08-26,-24.96,Aquifer_Petrignano
2016-08-27,-25.0,Aquifer_Petrignano
2016-08-28,-24.92,Aquifer_Petrignano
2016-08-29,-24.84,Aquifer_Petrignano
2016-08-30,-24.91,Aquifer_Petrignano
2016-08-31,-24.57,Aquifer_Petrignano
2016-09-01,-24.68,Aquifer_Petrignano
2016-09-02,-24.72,Aquifer_Petrignano
2016-09-03,-24.77,Aquifer_Petrignano
2016-09-04,-24.68,Aquifer_Petrignano
2016-09-05,-24.72,Aquifer_Petrignano
2016-09-06,-24.74,Aquifer_Petrignano
2016-09-07,-24.8,Aquifer_Petrignano
2016-09-08,-25.01,Aquifer_Petrignano
2016-09-09,-25.22,Aquifer_Petrignano
2016-09-10,-25.07,Aquifer_Petrignano
2016-09-11,-25.16,Aquifer_Petrignano
2016-09-12,-25.09,Aquifer_Petrignano
2016-09-13,-25.26,Aquifer_Petrignano
2016-09-14,-25.09,Aquifer_Petrignano
2016-09-15,-24.97,Aquifer_Petrignano
2016-09-16,-24.75,Aquifer_Petrignano
2016-09-17,-24.61,Aquifer_Petrignano
2016-09-18,-24.65,Aquifer_Petrignano
2016-09-19,-24.43,Aquifer_Petrignano
2016-09-20,-24.41,Aquifer_Petrignano
2016-09-21,-24.36,Aquifer_Petrignano
2016-09-22,-24.39,Aquifer_Petrignano
2016-09-23,-24.54,Aquifer_Petrignano
2016-09-24,-24.47,Aquifer_Petrignano
2016-09-25,-24.46,Aquifer_Petrignano
2016-09-26,-24.48,Aquifer_Petrignano
2016-09-27,-24.59,Aquifer_Petrignano
2016-09-28,-24.6,Aquifer_Petrignano
2016-09-29,-24.77,Aquifer_Petrignano
2016-09-30,-24.74,Aquifer_Petrignano
2016-10-01,-24.67,Aquifer_Petrignano
2016-10-02,-24.54,Aquifer_Petrignano
2016-10-03,-24.54,Aquifer_Petrignano
2016-10-04,-24.62,Aquifer_Petrignano
2016-10-05,-24.56,Aquifer_Petrignano
2016-10-06,-24.51,Aquifer_Petrignano
2016-10-07,-24.44,Aquifer_Petrignano
2016-10-08,-24.68,Aquifer_Petrignano
2016-10-09,-24.59,Aquifer_Petrignano
2016-10-10,-24.46,Aquifer_Petrignano
2016-10-11,-24.35,Aquifer_Petrignano
2016-10-12,-24.56,Aquifer_Petrignano
2016-10-13,-24.62,Aquifer_Petrignano
2016-10-14,-24.53,Aquifer_Petrignano
2016-10-15,-24.6,Aquifer_Petrignano
2016-10-16,-24.65,Aquifer_Petrignano
2016-10-17,-24.64,Aquifer_Petrignano
2016-10-18,-24.51,Aquifer_Petrignano
2016-10-19,-24.48,Aquifer_Petrignano
2016-10-20,-24.45,Aquifer_Petrignano
2016-10-21,-24.44,Aquifer_Petrignano
2016-10-22,-24.47,Aquifer_Petrignano
2016-10-23,-24.33,Aquifer_Petrignano
2016-10-24,-24.44,Aquifer_Petrignano
2016-10-25,-24.44,Aquifer_Petrignano
2016-10-26,-24.55,Aquifer_Petrignano
2016-10-27,-24.58,Aquifer_Petrignano
2016-10-28,-24.51,Aquifer_Petrignano
2016-10-29,-24.49,Aquifer_Petrignano
2016-10-30,-24.36,Aquifer_Petrignano
2016-10-31,-24.47,Aquifer_Petrignano
2016-11-01,-24.49,Aquifer_Petrignano
2016-11-02,-24.38,Aquifer_Petrignano
2016-11-03,-24.46,Aquifer_Petrignano
2016-11-04,-24.46,Aquifer_Petrignano
2016-11-05,-24.41,Aquifer_Petrignano
2016-11-06,-24.41,Aquifer_Petrignano
2016-11-07,-24.43,Aquifer_Petrignano
2016-11-08,-24.24,Aquifer_Petrignano
2016-11-09,-24.39,Aquifer_Petrignano
2016-11-10,-24.23,Aquifer_Petrignano
2016-11-11,-24.23,Aquifer_Petrignano
2016-11-12,-24.27,Aquifer_Petrignano
2016-11-13,-24.29,Aquifer_Petrignano
2016-11-14,-24.27,Aquifer_Petrignano
2016-11-15,-24.29,Aquifer_Petrignano
2016-11-16,-24.23,Aquifer_Petrignano
2016-11-17,-24.17,Aquifer_Petrignano
2016-11-18,-24.11,Aquifer_Petrignano
2016-11-19,-23.97,Aquifer_Petrignano
2016-11-20,-23.98,Aquifer_Petrignano
2016-11-21,-24.16,Aquifer_Petrignano
2016-11-22,-24.13,Aquifer_Petrignano
2016-11-23,-24.0,Aquifer_Petrignano
2016-11-24,-23.98,Aquifer_Petrignano
2016-11-25,-23.82,Aquifer_Petrignano
2016-11-26,-24.08,Aquifer_Petrignano
2016-11-27,-24.0,Aquifer_Petrignano
2016-11-28,-23.96,Aquifer_Petrignano
2016-11-29,-23.93,Aquifer_Petrignano
2016-11-30,-24.04,Aquifer_Petrignano
2016-12-01,-23.88,Aquifer_Petrignano
2016-12-02,-23.98,Aquifer_Petrignano
2016-12-03,-23.81,Aquifer_Petrignano
2016-12-04,-23.8,Aquifer_Petrignano
2016-12-05,-24.11,Aquifer_Petrignano
2016-12-06,-24.02,Aquifer_Petrignano
2016-12-07,-23.84,Aquifer_Petrignano
2016-12-08,-23.81,Aquifer_Petrignano
2016-12-09,-23.82,Aquifer_Petrignano
2016-12-10,-23.78,Aquifer_Petrignano
2016-12-11,-23.66,Aquifer_Petrignano
2016-12-12,-23.54,Aquifer_Petrignano
2016-12-13,-24.2,Aquifer_Petrignano
2016-12-14,-23.87,Aquifer_Petrignano
2016-12-15,-23.79,Aquifer_Petrignano
2016-12-16,-23.74,Aquifer_Petrignano
2016-12-17,-23.87,Aquifer_Petrignano
2016-12-18,-23.77,Aquifer_Petrignano
2016-12-19,-23.68,Aquifer_Petrignano
2016-12-20,-23.55,Aquifer_Petrignano
2016-12-21,-23.73,Aquifer_Petrignano
2016-12-22,-23.83,Aquifer_Petrignano
2016-12-23,-23.71,Aquifer_Petrignano
2016-12-24,-23.83,Aquifer_Petrignano
2016-12-25,-23.6,Aquifer_Petrignano
2016-12-26,-23.41,Aquifer_Petrignano
2016-12-27,-23.63,Aquifer_Petrignano
2016-12-28,-23.69,Aquifer_Petrignano
2016-12-29,-23.72,Aquifer_Petrignano
2016-12-30,-23.7,Aquifer_Petrignano
2016-12-31,-23.74,Aquifer_Petrignano
2017-01-01,-23.68,Aquifer_Petrignano
2017-01-02,-23.7,Aquifer_Petrignano
2017-01-03,-23.71,Aquifer_Petrignano
2017-01-04,-23.73,Aquifer_Petrignano
2017-01-05,-23.74,Aquifer_Petrignano
2017-01-06,-23.78,Aquifer_Petrignano
2017-01-07,-23.81,Aquifer_Petrignano
2017-01-08,-23.89,Aquifer_Petrignano
2017-01-09,-24.06,Aquifer_Petrignano
2017-01-10,-24.11,Aquifer_Petrignano
2017-01-11,-24.18,Aquifer_Petrignano
2017-01-12,-24.17,Aquifer_Petrignano
2017-01-13,-24.09,Aquifer_Petrignano
2017-01-14,-24.2,Aquifer_Petrignano
2017-01-15,-24.16,Aquifer_Petrignano
2017-01-16,-23.95,Aquifer_Petrignano
2017-01-17,-23.81,Aquifer_Petrignano
2017-01-18,-23.8,Aquifer_Petrignano
2017-01-19,-23.87,Aquifer_Petrignano
2017-01-20,-23.9,Aquifer_Petrignano
2017-01-21,-23.96,Aquifer_Petrignano
2017-01-22,-23.85,Aquifer_Petrignano
2017-01-23,-23.85,Aquifer_Petrignano
2017-01-24,-23.67,Aquifer_Petrignano
2017-01-25,-23.66,Aquifer_Petrignano
2017-01-26,-23.75,Aquifer_Petrignano
2017-01-27,-23.7,Aquifer_Petrignano
2017-01-28,-23.67,Aquifer_Petrignano
2017-01-29,-23.7,Aquifer_Petrignano
2017-01-30,-23.71,Aquifer_Petrignano
2017-01-31,-23.64,Aquifer_Petrignano
2017-02-01,-23.71,Aquifer_Petrignano
2017-02-02,-23.71,Aquifer_Petrignano
2017-02-03,-23.55,Aquifer_Petrignano
2017-02-04,-23.62,Aquifer_Petrignano
2017-02-05,-23.53,Aquifer_Petrignano
2017-02-06,-23.49,Aquifer_Petrignano
2017-02-07,-23.67,Aquifer_Petrignano
2017-02-08,-23.69,Aquifer_Petrignano
2017-02-09,-23.66,Aquifer_Petrignano
2017-02-10,-23.74,Aquifer_Petrignano
2017-02-11,-23.74,Aquifer_Petrignano
2017-02-12,-23.61,Aquifer_Petrignano
2017-02-13,-23.58,Aquifer_Petrignano
2017-02-14,-23.67,Aquifer_Petrignano
2017-02-15,-23.7,Aquifer_Petrignano
2017-02-16,-23.66,Aquifer_Petrignano
2017-02-17,-23.62,Aquifer_Petrignano
2017-02-18,-23.57,Aquifer_Petrignano
2017-02-19,-23.62,Aquifer_Petrignano
2017-02-20,-23.6,Aquifer_Petrignano
2017-02-21,-23.51,Aquifer_Petrignano
2017-02-22,-23.42,Aquifer_Petrignano
2017-02-23,-23.29,Aquifer_Petrignano
2017-02-24,-23.37,Aquifer_Petrignano
2017-02-25,-23.39,Aquifer_Petrignano
2017-02-26,-23.44,Aquifer_Petrignano
2017-02-27,-23.36,Aquifer_Petrignano
2017-02-28,-23.19,Aquifer_Petrignano
2017-03-01,-23.23,Aquifer_Petrignano
2017-03-02,-23.16,Aquifer_Petrignano
2017-03-03,-23.28,Aquifer_Petrignano
2017-03-04,-23.54,Aquifer_Petrignano
2017-03-05,-23.4,Aquifer_Petrignano
2017-03-06,-23.23,Aquifer_Petrignano
2017-03-07,-23.33,Aquifer_Petrignano
2017-03-08,-23.45,Aquifer_Petrignano
2017-03-09,-23.45,Aquifer_Petrignano
2017-03-10,-23.44,Aquifer_Petrignano
2017-03-11,-23.42,Aquifer_Petrignano
2017-03-12,-23.38,Aquifer_Petrignano
2017-03-13,-23.34,Aquifer_Petrignano
2017-03-14,-23.38,Aquifer_Petrignano
2017-03-15,-23.35,Aquifer_Petrignano
2017-03-16,-23.47,Aquifer_Petrignano
2017-03-17,-23.47,Aquifer_Petrignano
2017-03-18,-23.44,Aquifer_Petrignano
2017-03-19,-23.45,Aquifer_Petrignano
2017-03-20,-23.38,Aquifer_Petrignano
2017-03-21,-23.37,Aquifer_Petrignano
2017-03-22,-23.53,Aquifer_Petrignano
2017-03-23,-23.38,Aquifer_Petrignano
2017-03-24,-23.46,Aquifer_Petrignano
2017-03-25,-23.49,Aquifer_Petrignano
2017-03-26,-23.52,Aquifer_Petrignano
2017-03-27,-23.32,Aquifer_Petrignano
2017-03-28,-23.31,Aquifer_Petrignano
2017-03-29,-23.31,Aquifer_Petrignano
2017-03-30,-23.42,Aquifer_Petrignano
2017-03-31,-23.42,Aquifer_Petrignano
2017-04-01,-23.5,Aquifer_Petrignano
2017-04-02,-23.31,Aquifer_Petrignano
2017-04-03,-23.26,Aquifer_Petrignano
2017-04-04,-23.44,Aquifer_Petrignano
2017-04-05,-23.52,Aquifer_Petrignano
2017-04-06,-23.48,Aquifer_Petrignano
2017-04-07,-23.47,Aquifer_Petrignano
2017-04-08,-23.6,Aquifer_Petrignano
2017-04-09,-23.6,Aquifer_Petrignano
2017-04-10,-23.6,Aquifer_Petrignano
2017-04-11,-23.58,Aquifer_Petrignano
2017-04-12,-23.54,Aquifer_Petrignano
2017-04-13,-23.56,Aquifer_Petrignano
2017-04-14,-23.64,Aquifer_Petrignano
2017-04-15,-23.64,Aquifer_Petrignano
2017-04-16,-23.47,Aquifer_Petrignano
2017-04-17,-23.47,Aquifer_Petrignano
2017-04-18,-23.27,Aquifer_Petrignano
2017-04-19,-23.3,Aquifer_Petrignano
2017-04-20,-23.27,Aquifer_Petrignano
2017-04-21,-23.19,Aquifer_Petrignano
2017-04-22,-23.27,Aquifer_Petrignano
2017-04-23,-23.22,Aquifer_Petrignano
2017-04-24,-23.18,Aquifer_Petrignano
2017-04-25,-23.25,Aquifer_Petrignano
2017-04-26,-23.13,Aquifer_Petrignano
2017-04-27,-23.33,Aquifer_Petrignano
2017-04-28,-23.22,Aquifer_Petrignano
2017-04-29,-23.29,Aquifer_Petrignano
2017-04-30,-23.18,Aquifer_Petrignano
2017-05-01,-23.18,Aquifer_Petrignano
2017-05-02,-23.07,Aquifer_Petrignano
2017-05-03,-23.32,Aquifer_Petrignano
2017-05-04,-23.28,Aquifer_Petrignano
2017-05-05,-23.32,Aquifer_Petrignano
2017-05-06,-23.33,Aquifer_Petrignano
2017-05-07,-23.1,Aquifer_Petrignano
2017-05-08,-23.0,Aquifer_Petrignano
2017-05-09,-23.11,Aquifer_Petrignano
2017-05-10,-23.17,Aquifer_Petrignano
2017-05-11,-23.19,Aquifer_Petrignano
2017-05-12,-23.15,Aquifer_Petrignano
2017-05-13,-23.32,Aquifer_Petrignano
2017-05-14,-23.44,Aquifer_Petrignano
2017-05-15,-23.39,Aquifer_Petrignano
2017-05-16,-23.44,Aquifer_Petrignano
2017-05-17,-23.44,Aquifer_Petrignano
2017-05-18,-23.4,Aquifer_Petrignano
2017-05-19,-23.42,Aquifer_Petrignano
2017-05-20,-23.57,Aquifer_Petrignano
2017-05-21,-23.42,Aquifer_Petrignano
2017-05-22,-23.36,Aquifer_Petrignano
2017-05-23,-23.56,Aquifer_Petrignano
2017-05-24,-23.69,Aquifer_Petrignano
2017-05-25,-23.7,Aquifer_Petrignano
2017-05-26,-23.74,Aquifer_Petrignano
2017-05-27,-24.07,Aquifer_Petrignano
2017-05-28,-24.16,Aquifer_Petrignano
2017-05-29,-24.09,Aquifer_Petrignano
2017-05-30,-24.13,Aquifer_Petrignano
2017-05-31,-24.2,Aquifer_Petrignano
2017-06-01,-24.27,Aquifer_Petrignano
2017-06-02,-24.2,Aquifer_Petrignano
2017-06-03,-24.26,Aquifer_Petrignano
2017-06-04,-24.3,Aquifer_Petrignano
2017-06-05,-24.39,Aquifer_Petrignano
2017-06-06,-24.46,Aquifer_Petrignano
2017-06-07,-24.38,Aquifer_Petrignano
2017-06-08,-24.55,Aquifer_Petrignano
2017-06-09,-24.55,Aquifer_Petrignano
2017-06-10,-24.62,Aquifer_Petrignano
2017-06-11,-24.77,Aquifer_Petrignano
2017-06-12,-24.76,Aquifer_Petrignano
2017-06-13,-24.77,Aquifer_Petrignano
2017-06-14,-25.08,Aquifer_Petrignano
2017-06-15,-25.08,Aquifer_Petrignano
2017-06-16,-25.05,Aquifer_Petrignano
2017-06-17,-25.12,Aquifer_Petrignano
2017-06-18,-25.12,Aquifer_Petrignano
2017-06-19,-24.98,Aquifer_Petrignano
2017-06-20,-25.06,Aquifer_Petrignano
2017-06-21,-25.19,Aquifer_Petrignano
2017-06-22,-25.25,Aquifer_Petrignano
2017-06-23,-25.37,Aquifer_Petrignano
2017-06-24,-25.52,Aquifer_Petrignano
2017-06-25,-25.44,Aquifer_Petrignano
2017-06-26,-25.55,Aquifer_Petrignano
2017-06-27,-25.63,Aquifer_Petrignano
2017-06-28,-25.6,Aquifer_Petrignano
2017-06-29,-25.12,Aquifer_Petrignano
2017-06-30,-24.81,Aquifer_Petrignano
2017-07-01,-24.66,Aquifer_Petrignano
2017-07-02,-24.73,Aquifer_Petrignano
2017-07-03,-24.86,Aquifer_Petrignano
2017-07-04,-24.9,Aquifer_Petrignano
2017-07-05,-25.29,Aquifer_Petrignano
2017-07-06,-25.61,Aquifer_Petrignano
2017-07-07,-25.79,Aquifer_Petrignano
2017-07-08,-25.85,Aquifer_Petrignano
2017-07-09,-25.92,Aquifer_Petrignano
2017-07-10,-25.9,Aquifer_Petrignano
2017-07-11,-25.9,Aquifer_Petrignano
2017-07-12,-25.98,Aquifer_Petrignano
2017-07-13,-26.06,Aquifer_Petrignano
2017-07-14,-26.11,Aquifer_Petrignano
2017-07-15,-26.17,Aquifer_Petrignano
2017-07-16,-26.1,Aquifer_Petrignano
2017-07-17,-26.17,Aquifer_Petrignano
2017-07-18,-26.2,Aquifer_Petrignano
2017-07-19,-26.32,Aquifer_Petrignano
2017-07-20,-26.46,Aquifer_Petrignano
2017-07-21,-26.35,Aquifer_Petrignano
2017-07-22,-26.45,Aquifer_Petrignano
2017-07-23,-26.41,Aquifer_Petrignano
2017-07-24,-26.43,Aquifer_Petrignano
2017-07-25,-25.93,Aquifer_Petrignano
2017-07-26,-25.89,Aquifer_Petrignano
2017-07-27,-25.71,Aquifer_Petrignano
2017-07-28,-25.98,Aquifer_Petrignano
2017-07-29,-26.25,Aquifer_Petrignano
2017-07-30,-26.29,Aquifer_Petrignano
2017-07-31,-26.38,Aquifer_Petrignano
2017-08-01,-26.76,Aquifer_Petrignano
2017-08-02,-26.81,Aquifer_Petrignano
2017-08-03,-27.0,Aquifer_Petrignano
2017-08-04,-26.99,Aquifer_Petrignano
2017-08-05,-27.11,Aquifer_Petrignano
2017-08-06,-27.08,Aquifer_Petrignano
2017-08-07,-27.04,Aquifer_Petrignano
2017-08-08,-26.87,Aquifer_Petrignano
2017-08-09,-26.87,Aquifer_Petrignano
2017-08-10,-26.94,Aquifer_Petrignano
2017-08-11,-27.0,Aquifer_Petrignano
2017-08-12,-26.48,Aquifer_Petrignano
2017-08-13,-26.23,Aquifer_Petrignano
2017-08-14,-26.26,Aquifer_Petrignano
2017-08-15,-26.35,Aquifer_Petrignano
2017-08-16,-26.58,Aquifer_Petrignano
2017-08-17,-26.8,Aquifer_Petrignano
2017-08-18,-26.85,Aquifer_Petrignano
2017-08-19,-27.01,Aquifer_Petrignano
2017-08-20,-26.91,Aquifer_Petrignano
2017-08-21,-27.01,Aquifer_Petrignano
2017-08-22,-26.97,Aquifer_Petrignano
2017-08-23,-26.96,Aquifer_Petrignano
2017-08-24,-27.01,Aquifer_Petrignano
2017-08-25,-27.13,Aquifer_Petrignano
2017-08-26,-27.18,Aquifer_Petrignano
2017-08-27,-27.16,Aquifer_Petrignano
2017-08-28,-27.2,Aquifer_Petrignano
2017-08-29,-27.28,Aquifer_Petrignano
2017-08-30,-27.31,Aquifer_Petrignano
2017-08-31,-27.32,Aquifer_Petrignano
2017-09-01,-27.21,Aquifer_Petrignano
2017-09-02,-27.06,Aquifer_Petrignano
2017-09-03,-27.03,Aquifer_Petrignano
2017-09-04,-27.36,Aquifer_Petrignano
2017-09-05,-27.08,Aquifer_Petrignano
2017-09-06,-27.23,Aquifer_Petrignano
2017-09-07,-27.16,Aquifer_Petrignano
2017-09-08,-27.16,Aquifer_Petrignano
2017-09-09,-27.13,Aquifer_Petrignano
2017-09-10,-26.96,Aquifer_Petrignano
2017-09-11,-26.83,Aquifer_Petrignano
2017-09-12,-27.07,Aquifer_Petrignano
2017-09-13,-26.94,Aquifer_Petrignano
2017-09-14,-27.09,Aquifer_Petrignano
2017-09-15,-27.08,Aquifer_Petrignano
2017-09-16,-27.04,Aquifer_Petrignano
2017-09-17,-27.18,Aquifer_Petrignano
2017-09-18,-27.16,Aquifer_Petrignano
2017-09-19,-27.05,Aquifer_Petrignano
2017-09-20,-27.02,Aquifer_Petrignano
2017-09-21,-27.17,Aquifer_Petrignano
2017-09-22,-27.22,Aquifer_Petrignano
2017-09-23,-27.25,Aquifer_Petrignano
2017-09-24,-27.17,Aquifer_Petrignano
2017-09-25,-27.24,Aquifer_Petrignano
2017-09-26,-27.2,Aquifer_Petrignano
2017-09-27,-27.23,Aquifer_Petrignano
2017-09-28,-27.18,Aquifer_Petrignano
2017-09-29,-27.26,Aquifer_Petrignano
2017-09-30,-27.35,Aquifer_Petrignano
2017-10-01,-27.27,Aquifer_Petrignano
2017-10-02,-27.34,Aquifer_Petrignano
2017-10-03,-27.31,Aquifer_Petrignano
2017-10-04,-27.37,Aquifer_Petrignano
2017-10-05,-27.41,Aquifer_Petrignano
2017-10-06,-27.45,Aquifer_Petrignano
2017-10-07,-27.47,Aquifer_Petrignano
2017-10-08,-27.48,Aquifer_Petrignano
2017-10-09,-27.43,Aquifer_Petrignano
2017-10-10,-27.51,Aquifer_Petrignano
2017-10-11,-27.58,Aquifer_Petrignano
2017-10-12,-27.59,Aquifer_Petrignano
2017-10-13,-27.63,Aquifer_Petrignano
2017-10-14,-27.62,Aquifer_Petrignano
2017-10-15,-27.64,Aquifer_Petrignano
2017-10-16,-27.58,Aquifer_Petrignano
2017-10-17,-27.64,Aquifer_Petrignano
2017-10-18,-27.64,Aquifer_Petrignano
2017-10-19,-27.6,Aquifer_Petrignano
2017-10-20,-27.65,Aquifer_Petrignano
2017-10-21,-27.61,Aquifer_Petrignano
2017-10-22,-27.43,Aquifer_Petrignano
2017-10-23,-27.5,Aquifer_Petrignano
2017-10-24,-27.7,Aquifer_Petrignano
2017-10-25,-27.69,Aquifer_Petrignano
2017-10-26,-27.73,Aquifer_Petrignano
2017-10-27,-27.68,Aquifer_Petrignano
2017-10-28,-27.64,Aquifer_Petrignano
2017-10-29,-27.64,Aquifer_Petrignano
2017-10-30,-27.79,Aquifer_Petrignano
2017-10-31,-27.9,Aquifer_Petrignano
2017-11-01,-27.94,Aquifer_Petrignano
2017-11-02,-27.88,Aquifer_Petrignano
2017-11-03,-27.85,Aquifer_Petrignano
2017-11-04,-27.78,Aquifer_Petrignano
2017-11-05,-27.71,Aquifer_Petrignano
2017-11-06,-27.85,Aquifer_Petrignano
2017-11-07,-28.11,Aquifer_Petrignano
2017-11-08,-28.05,Aquifer_Petrignano
2017-11-09,-27.99,Aquifer_Petrignano
2017-11-10,-27.84,Aquifer_Petrignano
2017-11-11,-27.92,Aquifer_Petrignano
2017-11-12,-27.92,Aquifer_Petrignano
2017-11-13,-27.9,Aquifer_Petrignano
2017-11-14,-27.77,Aquifer_Petrignano
2017-11-15,-27.91,Aquifer_Petrignano
2017-11-16,-27.94,Aquifer_Petrignano
2017-11-17,-28.04,Aquifer_Petrignano
2017-11-18,-27.99,Aquifer_Petrignano
2017-11-19,-28.07,Aquifer_Petrignano
2017-11-20,-28.12,Aquifer_Petrignano
2017-11-21,-27.94,Aquifer_Petrignano
2017-11-22,-27.9,Aquifer_Petrignano
2017-11-23,-27.95,Aquifer_Petrignano
2017-11-24,-27.96,Aquifer_Petrignano
2017-11-25,-27.94,Aquifer_Petrignano
2017-11-26,-27.87,Aquifer_Petrignano
2017-11-27,-27.97,Aquifer_Petrignano
2017-11-28,-27.98,Aquifer_Petrignano
2017-11-29,-27.94,Aquifer_Petrignano
2017-11-30,-27.95,Aquifer_Petrignano
2017-12-01,-28.01,Aquifer_Petrignano
2017-12-02,-28.08,Aquifer_Petrignano
2017-12-03,-28.03,Aquifer_Petrignano
2017-12-04,-28.14,Aquifer_Petrignano
2017-12-05,-28.32,Aquifer_Petrignano
2017-12-06,-28.16,Aquifer_Petrignano
2017-12-07,-28.11,Aquifer_Petrignano
2017-12-08,-27.95,Aquifer_Petrignano
2017-12-09,-27.96,Aquifer_Petrignano
2017-12-10,-27.99,Aquifer_Petrignano
2017-12-11,-28.02,Aquifer_Petrignano
2017-12-12,-28.04,Aquifer_Petrignano
2017-12-13,-28.09,Aquifer_Petrignano
2017-12-14,-28.12,Aquifer_Petrignano
2017-12-15,-28.04,Aquifer_Petrignano
2017-12-16,-28.09,Aquifer_Petrignano
2017-12-17,-28.04,Aquifer_Petrignano
2017-12-18,-28.1,Aquifer_Petrignano
2017-12-19,-28.09,Aquifer_Petrignano
2017-12-20,-28.01,Aquifer_Petrignano
2017-12-21,-27.93,Aquifer_Petrignano
2017-12-22,-27.87,Aquifer_Petrignano
2017-12-23,-27.84,Aquifer_Petrignano
2017-12-24,-27.66,Aquifer_Petrignano
2017-12-25,-27.39,Aquifer_Petrignano
2017-12-26,-27.0,Aquifer_Petrignano
2017-12-27,-27.24,Aquifer_Petrignano
2017-12-28,-27.6,Aquifer_Petrignano
2017-12-29,-27.51,Aquifer_Petrignano
2017-12-30,-27.42,Aquifer_Petrignano
2017-12-31,-27.64,Aquifer_Petrignano
2018-01-01,-27.3,Aquifer_Petrignano
2018-01-02,-27.42,Aquifer_Petrignano
2018-01-03,-27.39,Aquifer_Petrignano
2018-01-04,-27.22,Aquifer_Petrignano
2018-01-05,-27.7,Aquifer_Petrignano
2018-01-06,-27.69,Aquifer_Petrignano
2018-01-07,-27.63,Aquifer_Petrignano
2018-01-08,-27.84,Aquifer_Petrignano
2018-01-09,-27.62,Aquifer_Petrignano
2018-01-10,-27.85,Aquifer_Petrignano
2018-01-11,-27.75,Aquifer_Petrignano
2018-01-12,-27.9,Aquifer_Petrignano
2018-01-13,-27.76,Aquifer_Petrignano
2018-01-14,-27.57,Aquifer_Petrignano
2018-01-15,-27.83,Aquifer_Petrignano
2018-01-16,-27.66,Aquifer_Petrignano
2018-01-17,-27.54,Aquifer_Petrignano
2018-01-18,-27.61,Aquifer_Petrignano
2018-01-19,-27.67,Aquifer_Petrignano
2018-01-20,-27.73,Aquifer_Petrignano
2018-01-21,-27.6,Aquifer_Petrignano
2018-01-22,-27.76,Aquifer_Petrignano
2018-01-23,-27.7,Aquifer_Petrignano
2018-01-24,-27.82,Aquifer_Petrignano
2018-01-25,-27.82,Aquifer_Petrignano
2018-01-26,-27.69,Aquifer_Petrignano
2018-01-27,-27.73,Aquifer_Petrignano
2018-01-28,-27.62,Aquifer_Petrignano
2018-01-29,-27.44,Aquifer_Petrignano
2018-01-30,-27.54,Aquifer_Petrignano
2018-01-31,-27.49,Aquifer_Petrignano
2018-02-01,-27.32,Aquifer_Petrignano
2018-02-02,-27.21,Aquifer_Petrignano
2018-02-03,-27.52,Aquifer_Petrignano
2018-02-04,-27.52,Aquifer_Petrignano
2018-02-05,-27.62,Aquifer_Petrignano
2018-02-06,-27.55,Aquifer_Petrignano
2018-02-07,-27.68,Aquifer_Petrignano
2018-02-08,-27.57,Aquifer_Petrignano
2018-02-09,-27.43,Aquifer_Petrignano
2018-02-10,-27.45,Aquifer_Petrignano
2018-02-11,-27.41,Aquifer_Petrignano
2018-02-12,-27.27,Aquifer_Petrignano
2018-02-13,-27.42,Aquifer_Petrignano
2018-02-14,-27.31,Aquifer_Petrignano
2018-02-15,-27.32,Aquifer_Petrignano
2018-02-16,-27.34,Aquifer_Petrignano
2018-02-17,-27.37,Aquifer_Petrignano
2018-02-18,-27.24,Aquifer_Petrignano
2018-02-19,-27.47,Aquifer_Petrignano
2018-02-20,-27.28,Aquifer_Petrignano
2018-02-21,-27.36,Aquifer_Petrignano
2018-02-22,-27.29,Aquifer_Petrignano
2018-02-23,-27.48,Aquifer_Petrignano
2018-02-24,-27.2,Aquifer_Petrignano
2018-02-25,-26.93,Aquifer_Petrignano
2018-02-26,-26.87,Aquifer_Petrignano
2018-02-27,-27.23,Aquifer_Petrignano
2018-02-28,-27.51,Aquifer_Petrignano
2018-03-01,-27.48,Aquifer_Petrignano
2018-03-02,-27.46,Aquifer_Petrignano
2018-03-03,-27.52,Aquifer_Petrignano
2018-03-04,-27.14,Aquifer_Petrignano
2018-03-05,-26.73,Aquifer_Petrignano
2018-03-06,-26.75,Aquifer_Petrignano
2018-03-07,-27.02,Aquifer_Petrignano
2018-03-08,-27.02,Aquifer_Petrignano
2018-03-09,-26.98,Aquifer_Petrignano
2018-03-10,-26.82,Aquifer_Petrignano
2018-03-11,-26.69,Aquifer_Petrignano
2018-03-12,-26.51,Aquifer_Petrignano
2018-03-13,-26.79,Aquifer_Petrignano
2018-03-14,-26.89,Aquifer_Petrignano
2018-03-15,-26.65,Aquifer_Petrignano
2018-03-16,-26.65,Aquifer_Petrignano
2018-03-17,-26.83,Aquifer_Petrignano
2018-03-18,-26.42,Aquifer_Petrignano
2018-03-19,-26.41,Aquifer_Petrignano
2018-03-20,-26.39,Aquifer_Petrignano
2018-03-21,-26.53,Aquifer_Petrignano
2018-03-22,-26.34,Aquifer_Petrignano
2018-03-23,-26.27,Aquifer_Petrignano
2018-03-24,-26.39,Aquifer_Petrignano
2018-03-25,-26.27,Aquifer_Petrignano
2018-03-26,-26.24,Aquifer_Petrignano
2018-03-27,-25.98,Aquifer_Petrignano
2018-03-28,-25.86,Aquifer_Petrignano
2018-03-29,-25.99,Aquifer_Petrignano
2018-03-30,-25.89,Aquifer_Petrignano
2018-03-31,-25.92,Aquifer_Petrignano
2018-04-01,-25.71,Aquifer_Petrignano
2018-04-02,-25.53,Aquifer_Petrignano
2018-04-03,-25.65,Aquifer_Petrignano
2018-04-04,-25.57,Aquifer_Petrignano
2018-04-05,-25.61,Aquifer_Petrignano
2018-04-06,-25.64,Aquifer_Petrignano
2018-04-07,-25.71,Aquifer_Petrignano
2018-04-08,-25.65,Aquifer_Petrignano
2018-04-09,-25.34,Aquifer_Petrignano
2018-04-10,-25.26,Aquifer_Petrignano
2018-04-11,-25.08,Aquifer_Petrignano
2018-04-12,-25.02,Aquifer_Petrignano
2018-04-13,-25.04,Aquifer_Petrignano
2018-04-14,-25.14,Aquifer_Petrignano
2018-04-15,-24.95,Aquifer_Petrignano
2018-04-16,-24.82,Aquifer_Petrignano
2018-04-17,-25.23,Aquifer_Petrignano
2018-04-18,-24.99,Aquifer_Petrignano
2018-04-19,-24.99,Aquifer_Petrignano
2018-04-20,-24.98,Aquifer_Petrignano
2018-04-21,-24.94,Aquifer_Petrignano
2018-04-22,-24.98,Aquifer_Petrignano
2018-04-23,-25.03,Aquifer_Petrignano
2018-04-24,-25.05,Aquifer_Petrignano
2018-04-25,-24.8,Aquifer_Petrignano
2018-04-26,-24.88,Aquifer_Petrignano
2018-04-27,-24.78,Aquifer_Petrignano
2018-04-28,-24.81,Aquifer_Petrignano
2018-04-29,-24.67,Aquifer_Petrignano
2018-04-30,-24.7,Aquifer_Petrignano
2018-05-01,-24.34,Aquifer_Petrignano
2018-05-02,-24.38,Aquifer_Petrignano
2018-05-03,-24.31,Aquifer_Petrignano
2018-05-04,-24.46,Aquifer_Petrignano
2018-05-05,-24.44,Aquifer_Petrignano
2018-05-06,-24.3,Aquifer_Petrignano
2018-05-07,-24.31,Aquifer_Petrignano
2018-05-08,-24.28,Aquifer_Petrignano
2018-05-09,-24.13,Aquifer_Petrignano
2018-05-10,-24.64,Aquifer_Petrignano
2018-05-11,-24.59,Aquifer_Petrignano
2018-05-12,-24.44,Aquifer_Petrignano
2018-05-13,-24.18,Aquifer_Petrignano
2018-05-14,-24.13,Aquifer_Petrignano
2018-05-15,-23.83,Aquifer_Petrignano
2018-05-16,-24.0,Aquifer_Petrignano
2018-05-17,-23.93,Aquifer_Petrignano
2018-05-18,-23.95,Aquifer_Petrignano
2018-05-19,-24.17,Aquifer_Petrignano
2018-05-20,-24.0,Aquifer_Petrignano
2018-05-21,-24.11,Aquifer_Petrignano
2018-05-22,-24.02,Aquifer_Petrignano
2018-05-23,-23.8,Aquifer_Petrignano
2018-05-24,-23.73,Aquifer_Petrignano
2018-05-25,-23.8,Aquifer_Petrignano
2018-05-26,-23.79,Aquifer_Petrignano
2018-05-27,-23.75,Aquifer_Petrignano
2018-05-28,-23.77,Aquifer_Petrignano
2018-05-29,-23.74,Aquifer_Petrignano
2018-05-30,-23.82,Aquifer_Petrignano
2018-05-31,-23.73,Aquifer_Petrignano
2018-06-01,-23.88,Aquifer_Petrignano
2018-06-02,-23.92,Aquifer_Petrignano
2018-06-03,-23.92,Aquifer_Petrignano
2018-06-04,-23.93,Aquifer_Petrignano
2018-06-05,-23.94,Aquifer_Petrignano
2018-06-06,-24.05,Aquifer_Petrignano
2018-06-07,-24.08,Aquifer_Petrignano
2018-06-08,-23.85,Aquifer_Petrignano
2018-06-09,-23.75,Aquifer_Petrignano
2018-06-10,-23.68,Aquifer_Petrignano
2018-06-11,-23.86,Aquifer_Petrignano
2018-06-12,-23.96,Aquifer_Petrignano
2018-06-13,-23.75,Aquifer_Petrignano
2018-06-14,-23.58,Aquifer_Petrignano
2018-06-15,-23.61,Aquifer_Petrignano
2018-06-16,-23.64,Aquifer_Petrignano
2018-06-17,-23.65,Aquifer_Petrignano
2018-06-18,-23.86,Aquifer_Petrignano
2018-06-19,-23.88,Aquifer_Petrignano
2018-06-20,-23.92,Aquifer_Petrignano
2018-06-21,-23.99,Aquifer_Petrignano
2018-06-22,-24.07,Aquifer_Petrignano
2018-06-23,-23.86,Aquifer_Petrignano
2018-06-24,-23.77,Aquifer_Petrignano
2018-06-25,-23.78,Aquifer_Petrignano
2018-06-26,-23.79,Aquifer_Petrignano
2018-06-27,-23.96,Aquifer_Petrignano
2018-06-28,-24.06,Aquifer_Petrignano
2018-06-29,-24.03,Aquifer_Petrignano
2018-06-30,-24.05,Aquifer_Petrignano
2018-07-01,-24.26,Aquifer_Petrignano
2018-07-02,-24.32,Aquifer_Petrignano
2018-07-03,-24.5,Aquifer_Petrignano
2018-07-04,-24.64,Aquifer_Petrignano
2018-07-05,-24.72,Aquifer_Petrignano
2018-07-06,-24.85,Aquifer_Petrignano
2018-07-07,-24.7,Aquifer_Petrignano
2018-07-08,-24.48,Aquifer_Petrignano
2018-07-09,-24.69,Aquifer_Petrignano
2018-07-10,-24.76,Aquifer_Petrignano
2018-07-11,-24.76,Aquifer_Petrignano
2018-07-12,-24.78,Aquifer_Petrignano
2018-07-13,-24.91,Aquifer_Petrignano
2018-07-14,-24.88,Aquifer_Petrignano
2018-07-15,-24.87,Aquifer_Petrignano
2018-07-16,-24.96,Aquifer_Petrignano
2018-07-17,-25.0,Aquifer_Petrignano
2018-07-18,-24.86,Aquifer_Petrignano
2018-07-19,-24.97,Aquifer_Petrignano
2018-07-20,-24.99,Aquifer_Petrignano
2018-07-21,-25.06,Aquifer_Petrignano
2018-07-22,-25.1,Aquifer_Petrignano
2018-07-23,-25.14,Aquifer_Petrignano
2018-07-24,-25.12,Aquifer_Petrignano
2018-07-25,-25.2,Aquifer_Petrignano
2018-07-26,-25.32,Aquifer_Petrignano
2018-07-27,-25.27,Aquifer_Petrignano
2018-07-28,-25.31,Aquifer_Petrignano
2018-07-29,-25.3,Aquifer_Petrignano
2018-07-30,-25.43,Aquifer_Petrignano
2018-07-31,-25.49,Aquifer_Petrignano
2018-08-01,-25.56,Aquifer_Petrignano
2018-08-02,-25.69,Aquifer_Petrignano
2018-08-03,-25.95,Aquifer_Petrignano
2018-08-04,-25.91,Aquifer_Petrignano
2018-08-05,-25.59,Aquifer_Petrignano
2018-08-06,-25.55,Aquifer_Petrignano
2018-08-07,-25.55,Aquifer_Petrignano
2018-08-08,-25.64,Aquifer_Petrignano
2018-08-09,-25.44,Aquifer_Petrignano
2018-08-10,-25.54,Aquifer_Petrignano
2018-08-11,-25.68,Aquifer_Petrignano
2018-08-12,-25.46,Aquifer_Petrignano
2018-08-13,-25.39,Aquifer_Petrignano
2018-08-14,-25.1,Aquifer_Petrignano
2018-08-15,-24.76,Aquifer_Petrignano
2018-08-16,-25.08,Aquifer_Petrignano
2018-08-17,-25.31,Aquifer_Petrignano
2018-08-18,-25.41,Aquifer_Petrignano
2018-08-19,-25.2,Aquifer_Petrignano
2018-08-20,-25.42,Aquifer_Petrignano
2018-08-21,-25.48,Aquifer_Petrignano
2018-08-22,-25.5,Aquifer_Petrignano
2018-08-23,-25.42,Aquifer_Petrignano
2018-08-24,-25.38,Aquifer_Petrignano
2018-08-25,-25.43,Aquifer_Petrignano
2018-08-26,-25.38,Aquifer_Petrignano
2018-08-27,-25.2,Aquifer_Petrignano
2018-08-28,-25.21,Aquifer_Petrignano
2018-08-29,-25.34,Aquifer_Petrignano
2018-08-30,-25.43,Aquifer_Petrignano
2018-08-31,-25.47,Aquifer_Petrignano
2018-09-01,-25.31,Aquifer_Petrignano
2018-09-02,-25.26,Aquifer_Petrignano
2018-09-03,-25.39,Aquifer_Petrignano
2018-09-04,-25.53,Aquifer_Petrignano
2018-09-05,-25.56,Aquifer_Petrignano
2018-09-06,-25.54,Aquifer_Petrignano
2018-09-07,-25.51,Aquifer_Petrignano
2018-09-08,-25.53,Aquifer_Petrignano
2018-09-09,-25.53,Aquifer_Petrignano
2018-09-10,-25.57,Aquifer_Petrignano
2018-09-11,-25.61,Aquifer_Petrignano
2018-09-12,-25.81,Aquifer_Petrignano
2018-09-13,-25.67,Aquifer_Petrignano
2018-09-14,-25.65,Aquifer_Petrignano
2018-09-15,-25.93,Aquifer_Petrignano
2018-09-16,-25.78,Aquifer_Petrignano
2018-09-17,-25.74,Aquifer_Petrignano
2018-09-18,-25.78,Aquifer_Petrignano
2018-09-19,-25.9,Aquifer_Petrignano
2018-09-20,-25.65,Aquifer_Petrignano
2018-09-21,-25.7,Aquifer_Petrignano
2018-09-22,-25.92,Aquifer_Petrignano
2018-09-23,-25.8,Aquifer_Petrignano
2018-09-24,-25.68,Aquifer_Petrignano
2018-09-25,-25.78,Aquifer_Petrignano
2018-09-26,-25.78,Aquifer_Petrignano
2018-09-27,-25.82,Aquifer_Petrignano
2018-09-28,-25.98,Aquifer_Petrignano
2018-09-29,-26.06,Aquifer_Petrignano
2018-09-30,-26.09,Aquifer_Petrignano
2018-10-01,-25.95,Aquifer_Petrignano
2018-10-02,-26.03,Aquifer_Petrignano
2018-10-03,-26.13,Aquifer_Petrignano
2018-10-04,-26.2,Aquifer_Petrignano
2018-10-05,-26.18,Aquifer_Petrignano
2018-10-06,-26.19,Aquifer_Petrignano
2018-10-07,-26.19,Aquifer_Petrignano
2018-10-08,-26.23,Aquifer_Petrignano
2018-10-09,-26.21,Aquifer_Petrignano
2018-10-10,-26.25,Aquifer_Petrignano
2018-10-11,-26.1,Aquifer_Petrignano
2018-10-12,-26.11,Aquifer_Petrignano
2018-10-13,-26.28,Aquifer_Petrignano
2018-10-14,-26.24,Aquifer_Petrignano
2018-10-15,-26.24,Aquifer_Petrignano
2018-10-16,-26.13,Aquifer_Petrignano
2018-10-17,-26.08,Aquifer_Petrignano
2018-10-18,-26.05,Aquifer_Petrignano
2018-10-19,-26.0,Aquifer_Petrignano
2018-10-20,-26.1,Aquifer_Petrignano
2018-10-21,-26.05,Aquifer_Petrignano
2018-10-22,-26.07,Aquifer_Petrignano
2018-10-23,-25.97,Aquifer_Petrignano
2018-10-24,-25.96,Aquifer_Petrignano
2018-10-25,-26.06,Aquifer_Petrignano
2018-10-26,-25.99,Aquifer_Petrignano
2018-10-27,-25.87,Aquifer_Petrignano
2018-10-28,-25.8,Aquifer_Petrignano
2018-10-29,-25.82,Aquifer_Petrignano
2018-10-30,-25.87,Aquifer_Petrignano
2018-10-31,-25.88,Aquifer_Petrignano
2018-11-01,-25.71,Aquifer_Petrignano
2018-11-02,-25.69,Aquifer_Petrignano
2018-11-03,-25.78,Aquifer_Petrignano
2018-11-04,-25.82,Aquifer_Petrignano
2018-11-05,-25.78,Aquifer_Petrignano
2018-11-06,-25.89,Aquifer_Petrignano
2018-11-07,-25.85,Aquifer_Petrignano
2018-11-08,-25.91,Aquifer_Petrignano
2018-11-09,-25.91,Aquifer_Petrignano
2018-11-10,-26.03,Aquifer_Petrignano
2018-11-11,-25.9,Aquifer_Petrignano
2018-11-12,-25.97,Aquifer_Petrignano
2018-11-13,-26.03,Aquifer_Petrignano
2018-11-14,-26.16,Aquifer_Petrignano
2018-11-15,-26.2,Aquifer_Petrignano
2018-11-16,-26.28,Aquifer_Petrignano
2018-11-17,-26.31,Aquifer_Petrignano
2018-11-18,-26.27,Aquifer_Petrignano
2018-11-19,-26.17,Aquifer_Petrignano
2018-11-20,-26.27,Aquifer_Petrignano
2018-11-21,-26.36,Aquifer_Petrignano
2018-11-22,-26.33,Aquifer_Petrignano
2018-11-23,-26.32,Aquifer_Petrignano
2018-11-24,-26.25,Aquifer_Petrignano
2018-11-25,-26.26,Aquifer_Petrignano
2018-11-26,-26.29,Aquifer_Petrignano
2018-11-27,-26.41,Aquifer_Petrignano
2018-11-28,-26.66,Aquifer_Petrignano
2018-11-29,-26.52,Aquifer_Petrignano
2018-11-30,-26.51,Aquifer_Petrignano
2018-12-01,-26.37,Aquifer_Petrignano
2018-12-02,-26.41,Aquifer_Petrignano
2018-12-03,-26.34,Aquifer_Petrignano
2018-12-04,-26.59,Aquifer_Petrignano
2018-12-05,-26.8,Aquifer_Petrignano
2018-12-06,-26.8,Aquifer_Petrignano
2018-12-07,-26.57,Aquifer_Petrignano
2018-12-08,-26.39,Aquifer_Petrignano
2018-12-09,-26.37,Aquifer_Petrignano
2018-12-10,-26.46,Aquifer_Petrignano
2018-12-11,-26.46,Aquifer_Petrignano
2018-12-12,-26.53,Aquifer_Petrignano
2018-12-13,-26.46,Aquifer_Petrignano
2018-12-14,-26.54,Aquifer_Petrignano
2018-12-15,-26.53,Aquifer_Petrignano
2018-12-16,-26.56,Aquifer_Petrignano
2018-12-17,-26.48,Aquifer_Petrignano
2018-12-18,-26.83,Aquifer_Petrignano
2018-12-19,-26.64,Aquifer_Petrignano
2018-12-20,-26.57,Aquifer_Petrignano
2018-12-21,-26.7,Aquifer_Petrignano
2018-12-22,-26.63,Aquifer_Petrignano
2018-12-23,-26.56,Aquifer_Petrignano
2018-12-24,-26.73,Aquifer_Petrignano
2018-12-25,-26.57,Aquifer_Petrignano
2018-12-26,-26.54,Aquifer_Petrignano
2018-12-27,-26.66,Aquifer_Petrignano
2018-12-28,-26.68,Aquifer_Petrignano
2018-12-29,-26.67,Aquifer_Petrignano
2018-12-30,-26.84,Aquifer_Petrignano
2018-12-31,-26.89,Aquifer_Petrignano
2019-01-01,-26.66,Aquifer_Petrignano
2019-01-02,-26.58,Aquifer_Petrignano
2019-01-03,-26.86,Aquifer_Petrignano
2019-01-04,-26.83,Aquifer_Petrignano
2019-01-05,-26.91,Aquifer_Petrignano
2019-01-06,-26.73,Aquifer_Petrignano
2019-01-07,-26.85,Aquifer_Petrignano
2019-01-08,-26.78,Aquifer_Petrignano
2019-01-09,-26.71,Aquifer_Petrignano
2019-01-10,-26.74,Aquifer_Petrignano
2019-01-11,-26.87,Aquifer_Petrignano
2019-01-12,-26.94,Aquifer_Petrignano
2019-01-13,-26.89,Aquifer_Petrignano
2019-01-14,-26.8,Aquifer_Petrignano
2019-01-15,-26.78,Aquifer_Petrignano
2019-01-16,-27.14,Aquifer_Petrignano
2019-01-17,-26.86,Aquifer_Petrignano
2019-01-18,-26.89,Aquifer_Petrignano
2019-01-19,-26.96,Aquifer_Petrignano
2019-01-20,-26.8,Aquifer_Petrignano
2019-01-21,-26.88,Aquifer_Petrignano
2019-01-22,-26.78,Aquifer_Petrignano
2019-01-23,-26.74,Aquifer_Petrignano
2019-01-24,-26.83,Aquifer_Petrignano
2019-01-25,-26.83,Aquifer_Petrignano
2019-01-26,-26.87,Aquifer_Petrignano
2019-01-27,-26.84,Aquifer_Petrignano
2019-01-28,-26.69,Aquifer_Petrignano
2019-01-29,-26.81,Aquifer_Petrignano
2019-01-30,-26.75,Aquifer_Petrignano
2019-01-31,-26.8,Aquifer_Petrignano
2019-02-01,-26.75,Aquifer_Petrignano
2019-02-02,-26.74,Aquifer_Petrignano
2019-02-03,-26.79,Aquifer_Petrignano
2019-02-04,-27.03,Aquifer_Petrignano
2019-02-05,-26.88,Aquifer_Petrignano
2019-02-06,-26.79,Aquifer_Petrignano
2019-02-07,-26.55,Aquifer_Petrignano
2019-02-08,-26.52,Aquifer_Petrignano
2019-02-09,-26.56,Aquifer_Petrignano
2019-02-10,-26.46,Aquifer_Petrignano
2019-02-11,-26.49,Aquifer_Petrignano
2019-02-12,-26.48,Aquifer_Petrignano
2019-02-13,-26.5,Aquifer_Petrignano
2019-02-14,-26.52,Aquifer_Petrignano
2019-02-15,-26.45,Aquifer_Petrignano
2019-02-16,-26.56,Aquifer_Petrignano
2019-02-17,-26.42,Aquifer_Petrignano
2019-02-18,-26.41,Aquifer_Petrignano
2019-02-19,-26.33,Aquifer_Petrignano
2019-02-20,-26.37,Aquifer_Petrignano
2019-02-21,-26.49,Aquifer_Petrignano
2019-02-22,-26.47,Aquifer_Petrignano
2019-02-23,-26.4,Aquifer_Petrignano
2019-02-24,-26.36,Aquifer_Petrignano
2019-02-25,-26.28,Aquifer_Petrignano
2019-02-26,-26.27,Aquifer_Petrignano
2019-02-27,-26.21,Aquifer_Petrignano
2019-02-28,-26.23,Aquifer_Petrignano
2019-03-01,-26.13,Aquifer_Petrignano
2019-03-02,-26.21,Aquifer_Petrignano
2019-03-03,-26.18,Aquifer_Petrignano
2019-03-04,-26.13,Aquifer_Petrignano
2019-03-05,-26.12,Aquifer_Petrignano
2019-03-06,-26.21,Aquifer_Petrignano
2019-03-07,-26.11,Aquifer_Petrignano
2019-03-08,-26.19,Aquifer_Petrignano
2019-03-09,-26.24,Aquifer_Petrignano
2019-03-10,-26.18,Aquifer_Petrignano
2019-03-11,-26.06,Aquifer_Petrignano
2019-03-12,-26.15,Aquifer_Petrignano
2019-03-13,-26.13,Aquifer_Petrignano
2019-03-14,-26.32,Aquifer_Petrignano
2019-03-15,-26.11,Aquifer_Petrignano
2019-03-16,-26.1,Aquifer_Petrignano
2019-03-17,-25.94,Aquifer_Petrignano
2019-03-25,-25.96,Aquifer_Petrignano
2019-03-26,-25.85,Aquifer_Petrignano
2019-03-27,-25.89,Aquifer_Petrignano
2019-03-28,-26.1,Aquifer_Petrignano
2019-03-29,-25.96,Aquifer_Petrignano
2019-03-30,-25.96,Aquifer_Petrignano
2019-03-31,-25.85,Aquifer_Petrignano
2019-04-01,-25.89,Aquifer_Petrignano
2019-04-02,-25.76,Aquifer_Petrignano
2019-04-03,-25.85,Aquifer_Petrignano
2019-04-04,-25.52,Aquifer_Petrignano
2019-04-05,-25.68,Aquifer_Petrignano
2019-04-06,-25.74,Aquifer_Petrignano
2019-04-07,-25.65,Aquifer_Petrignano
2019-04-08,-25.74,Aquifer_Petrignano
2019-04-09,-25.72,Aquifer_Petrignano
2019-04-10,-25.65,Aquifer_Petrignano
2019-04-11,-25.76,Aquifer_Petrignano
2019-04-12,-25.7,Aquifer_Petrignano
2019-04-13,-25.85,Aquifer_Petrignano
2019-04-14,-25.65,Aquifer_Petrignano
2019-04-15,-25.56,Aquifer_Petrignano
2019-04-16,-25.62,Aquifer_Petrignano
2019-04-17,-25.69,Aquifer_Petrignano
2019-04-18,-25.87,Aquifer_Petrignano
2019-04-19,-25.84,Aquifer_Petrignano
2019-04-20,-25.85,Aquifer_Petrignano
2019-04-21,-25.62,Aquifer_Petrignano
2019-04-22,-25.36,Aquifer_Petrignano
2019-04-23,-25.61,Aquifer_Petrignano
2019-04-24,-25.52,Aquifer_Petrignano
2019-04-25,-25.67,Aquifer_Petrignano
2019-04-26,-25.68,Aquifer_Petrignano
2019-04-27,-25.71,Aquifer_Petrignano
2019-04-28,-25.6,Aquifer_Petrignano
2019-04-29,-25.62,Aquifer_Petrignano
2019-04-30,-25.61,Aquifer_Petrignano
2019-05-01,-25.48,Aquifer_Petrignano
2019-05-02,-25.65,Aquifer_Petrignano
2019-05-03,-25.61,Aquifer_Petrignano
2019-05-04,-25.57,Aquifer_Petrignano
2019-05-05,-25.5,Aquifer_Petrignano
2019-05-06,-25.46,Aquifer_Petrignano
2019-05-07,-25.6,Aquifer_Petrignano
2019-05-08,-25.67,Aquifer_Petrignano
2019-05-09,-26.03,Aquifer_Petrignano
2019-05-10,-26.14,Aquifer_Petrignano
2019-05-11,-26.27,Aquifer_Petrignano
2019-05-12,-26.02,Aquifer_Petrignano
2019-05-13,-26.06,Aquifer_Petrignano
2019-05-14,-25.97,Aquifer_Petrignano
2019-05-15,-25.97,Aquifer_Petrignano
2019-05-16,-25.78,Aquifer_Petrignano
2019-05-17,-25.78,Aquifer_Petrignano
2019-05-18,-25.38,Aquifer_Petrignano
2019-05-19,-25.02,Aquifer_Petrignano
2019-05-20,-25.35,Aquifer_Petrignano
2019-05-21,-25.48,Aquifer_Petrignano
2019-05-22,-25.39,Aquifer_Petrignano
2019-05-23,-25.6,Aquifer_Petrignano
2019-05-24,-25.42,Aquifer_Petrignano
2019-05-25,-25.47,Aquifer_Petrignano
2019-05-26,-25.15,Aquifer_Petrignano
2019-05-27,-25.29,Aquifer_Petrignano
2019-05-28,-25.35,Aquifer_Petrignano
2019-05-29,-25.29,Aquifer_Petrignano
2019-05-30,-25.37,Aquifer_Petrignano
2019-05-31,-25.36,Aquifer_Petrignano
2019-06-01,-25.45,Aquifer_Petrignano
2019-06-02,-25.28,Aquifer_Petrignano
2019-06-03,-25.35,Aquifer_Petrignano
2019-06-04,-25.52,Aquifer_Petrignano
2019-06-05,-25.39,Aquifer_Petrignano
2019-06-06,-25.56,Aquifer_Petrignano
2019-06-07,-25.49,Aquifer_Petrignano
2019-06-08,-25.55,Aquifer_Petrignano
2019-06-09,-25.59,Aquifer_Petrignano
2019-06-10,-25.58,Aquifer_Petrignano
2019-06-11,-25.55,Aquifer_Petrignano
2019-06-12,-25.65,Aquifer_Petrignano
2019-06-13,-25.76,Aquifer_Petrignano
2019-06-14,-25.7,Aquifer_Petrignano
2019-06-15,-25.68,Aquifer_Petrignano
2019-06-16,-25.59,Aquifer_Petrignano
2019-06-17,-25.62,Aquifer_Petrignano
2019-06-18,-25.52,Aquifer_Petrignano
2019-06-19,-25.62,Aquifer_Petrignano
2019-06-20,-25.65,Aquifer_Petrignano
2019-06-21,-25.71,Aquifer_Petrignano
2019-06-22,-25.67,Aquifer_Petrignano
2019-06-23,-25.51,Aquifer_Petrignano
2019-06-24,-25.7,Aquifer_Petrignano
2019-06-25,-25.73,Aquifer_Petrignano
2019-06-26,-25.77,Aquifer_Petrignano
2019-06-27,-25.75,Aquifer_Petrignano
2019-06-28,-25.89,Aquifer_Petrignano
2019-06-29,-26.07,Aquifer_Petrignano
2019-06-30,-26.03,Aquifer_Petrignano
2019-07-01,-26.12,Aquifer_Petrignano
2019-07-02,-26.08,Aquifer_Petrignano
2019-07-03,-26.47,Aquifer_Petrignano
2019-07-04,-26.7,Aquifer_Petrignano
2019-07-05,-26.71,Aquifer_Petrignano
2019-07-06,-26.74,Aquifer_Petrignano
2019-07-07,-26.63,Aquifer_Petrignano
2019-07-08,-26.62,Aquifer_Petrignano
2019-07-09,-26.58,Aquifer_Petrignano
2019-07-10,-26.42,Aquifer_Petrignano
2019-07-11,-26.38,Aquifer_Petrignano
2019-07-12,-26.56,Aquifer_Petrignano
2019-07-13,-26.13,Aquifer_Petrignano
2019-07-14,-25.98,Aquifer_Petrignano
2019-07-15,-25.94,Aquifer_Petrignano
2019-07-16,-25.87,Aquifer_Petrignano
2019-07-17,-26.16,Aquifer_Petrignano
2019-07-18,-26.52,Aquifer_Petrignano
2019-07-19,-26.42,Aquifer_Petrignano
2019-07-20,-26.41,Aquifer_Petrignano
2019-07-21,-26.39,Aquifer_Petrignano
2019-07-22,-26.47,Aquifer_Petrignano
2019-07-23,-26.59,Aquifer_Petrignano
2019-07-24,-26.64,Aquifer_Petrignano
2019-07-25,-26.91,Aquifer_Petrignano
2019-07-26,-26.92,Aquifer_Petrignano
2019-07-27,-26.89,Aquifer_Petrignano
2019-07-28,-26.13,Aquifer_Petrignano
2019-07-29,-26.19,Aquifer_Petrignano
2019-07-30,-26.05,Aquifer_Petrignano
2019-07-31,-26.14,Aquifer_Petrignano
2019-08-01,-26.68,Aquifer_Petrignano
2019-08-02,-26.48,Aquifer_Petrignano
2019-08-03,-26.32,Aquifer_Petrignano
2019-08-04,-26.34,Aquifer_Petrignano
2019-08-05,-26.4,Aquifer_Petrignano
2019-08-06,-26.89,Aquifer_Petrignano
2019-08-07,-26.87,Aquifer_Petrignano
2019-08-08,-26.88,Aquifer_Petrignano
2019-08-09,-26.9,Aquifer_Petrignano
2019-08-10,-26.99,Aquifer_Petrignano
2019-08-11,-26.94,Aquifer_Petrignano
2019-08-12,-27.02,Aquifer_Petrignano
2019-08-13,-27.14,Aquifer_Petrignano
2019-08-14,-27.09,Aquifer_Petrignano
2019-08-15,-26.56,Aquifer_Petrignano
2019-08-16,-26.6,Aquifer_Petrignano
2019-08-17,-26.59,Aquifer_Petrignano
2019-08-18,-26.61,Aquifer_Petrignano
2019-08-19,-26.67,Aquifer_Petrignano
2019-08-20,-27.01,Aquifer_Petrignano
2019-08-21,-27.16,Aquifer_Petrignano
2019-08-22,-27.11,Aquifer_Petrignano
2019-08-23,-26.59,Aquifer_Petrignano
2019-08-24,-26.47,Aquifer_Petrignano
2019-08-25,-26.49,Aquifer_Petrignano
2019-08-26,-26.49,Aquifer_Petrignano
2019-08-27,-26.59,Aquifer_Petrignano
2019-08-28,-26.59,Aquifer_Petrignano
2019-08-29,-26.51,Aquifer_Petrignano
2019-08-30,-26.54,Aquifer_Petrignano
2019-08-31,-26.61,Aquifer_Petrignano
2019-09-01,-26.37,Aquifer_Petrignano
2019-09-02,-26.58,Aquifer_Petrignano
2019-09-03,-26.66,Aquifer_Petrignano
2019-09-04,-26.57,Aquifer_Petrignano
2019-09-05,-26.57,Aquifer_Petrignano
2019-09-06,-26.61,Aquifer_Petrignano
2019-09-07,-26.61,Aquifer_Petrignano
2019-09-08,-26.59,Aquifer_Petrignano
2019-09-09,-26.94,Aquifer_Petrignano
2019-09-10,-27.04,Aquifer_Petrignano
2019-09-11,-26.97,Aquifer_Petrignano
2019-09-12,-26.97,Aquifer_Petrignano
2019-09-13,-27.18,Aquifer_Petrignano
2019-09-14,-27.23,Aquifer_Petrignano
2019-09-15,-26.98,Aquifer_Petrignano
2019-09-16,-27.16,Aquifer_Petrignano
2019-09-17,-27.11,Aquifer_Petrignano
2019-09-18,-27.15,Aquifer_Petrignano
2019-09-19,-27.25,Aquifer_Petrignano
2019-09-20,-27.3,Aquifer_Petrignano
2019-09-21,-27.29,Aquifer_Petrignano
2019-09-22,-27.07,Aquifer_Petrignano
2019-09-23,-27.11,Aquifer_Petrignano
2019-09-24,-27.16,Aquifer_Petrignano
2019-09-25,-27.21,Aquifer_Petrignano
2019-09-26,-27.22,Aquifer_Petrignano
2019-09-27,-27.17,Aquifer_Petrignano
2019-09-28,-27.22,Aquifer_Petrignano
2019-09-29,-27.14,Aquifer_Petrignano
2019-09-30,-27.18,Aquifer_Petrignano
2019-10-01,-27.15,Aquifer_Petrignano
2019-10-02,-27.21,Aquifer_Petrignano
2019-10-03,-27.18,Aquifer_Petrignano
2019-10-04,-27.26,Aquifer_Petrignano
2019-10-05,-27.26,Aquifer_Petrignano
2019-10-06,-27.18,Aquifer_Petrignano
2019-10-07,-27.17,Aquifer_Petrignano
2019-10-08,-27.36,Aquifer_Petrignano
2019-10-09,-27.39,Aquifer_Petrignano
2019-10-10,-27.36,Aquifer_Petrignano
2019-10-11,-27.44,Aquifer_Petrignano
2019-10-12,-27.46,Aquifer_Petrignano
2019-10-13,-27.39,Aquifer_Petrignano
2019-10-14,-27.38,Aquifer_Petrignano
2019-10-15,-27.36,Aquifer_Petrignano
2019-10-16,-27.3,Aquifer_Petrignano
2019-10-17,-27.42,Aquifer_Petrignano
2019-10-18,-27.51,Aquifer_Petrignano
2019-10-19,-27.46,Aquifer_Petrignano
2019-10-20,-27.46,Aquifer_Petrignano
2019-10-21,-27.43,Aquifer_Petrignano
2019-10-22,-27.5,Aquifer_Petrignano
2019-10-23,-27.42,Aquifer_Petrignano
2019-10-24,-27.43,Aquifer_Petrignano
2019-10-25,-27.37,Aquifer_Petrignano
2019-10-26,-27.48,Aquifer_Petrignano
2019-10-27,-27.24,Aquifer_Petrignano
2019-10-28,-27.21,Aquifer_Petrignano
2019-10-29,-27.16,Aquifer_Petrignano
2019-10-30,-27.24,Aquifer_Petrignano
2019-10-31,-27.25,Aquifer_Petrignano
2019-11-01,-27.24,Aquifer_Petrignano
2019-11-02,-27.22,Aquifer_Petrignano
2019-11-03,-27.19,Aquifer_Petrignano
2019-11-04,-27.18,Aquifer_Petrignano
2019-11-05,-27.16,Aquifer_Petrignano
2019-11-06,-27.02,Aquifer_Petrignano
2019-11-07,-27.13,Aquifer_Petrignano
2019-11-08,-26.92,Aquifer_Petrignano
2019-11-09,-27.02,Aquifer_Petrignano
2019-11-10,-27.0,Aquifer_Petrignano
2019-11-11,-27.02,Aquifer_Petrignano
2019-11-12,-26.91,Aquifer_Petrignano
2019-11-13,-26.91,Aquifer_Petrignano
2019-11-14,-26.93,Aquifer_Petrignano
2019-11-15,-26.72,Aquifer_Petrignano
2019-11-16,-26.83,Aquifer_Petrignano
2019-11-17,-26.69,Aquifer_Petrignano
2019-11-18,-26.91,Aquifer_Petrignano
2019-11-19,-26.88,Aquifer_Petrignano
2019-11-20,-26.69,Aquifer_Petrignano
2019-11-21,-26.82,Aquifer_Petrignano
2019-11-22,-26.96,Aquifer_Petrignano
2019-11-23,-26.86,Aquifer_Petrignano
2019-11-24,-26.76,Aquifer_Petrignano
2019-11-25,-26.74,Aquifer_Petrignano
2019-11-26,-26.8,Aquifer_Petrignano
2019-11-27,-26.86,Aquifer_Petrignano
2019-11-28,-26.85,Aquifer_Petrignano
2019-11-29,-26.79,Aquifer_Petrignano
2019-11-30,-26.88,Aquifer_Petrignano
2019-12-01,-26.84,Aquifer_Petrignano
2019-12-02,-26.74,Aquifer_Petrignano
2019-12-03,-26.71,Aquifer_Petrignano
2019-12-04,-26.74,Aquifer_Petrignano
2019-12-05,-26.61,Aquifer_Petrignano
2019-12-06,-26.64,Aquifer_Petrignano
2019-12-07,-26.54,Aquifer_Petrignano
2019-12-08,-26.45,Aquifer_Petrignano
2019-12-09,-26.46,Aquifer_Petrignano
2019-12-10,-26.45,Aquifer_Petrignano
2019-12-11,-26.47,Aquifer_Petrignano
2019-12-12,-26.34,Aquifer_Petrignano
2019-12-13,-26.25,Aquifer_Petrignano
2019-12-14,-26.44,Aquifer_Petrignano
2019-12-15,-26.44,Aquifer_Petrignano
2019-12-16,-26.43,Aquifer_Petrignano
2019-12-17,-26.48,Aquifer_Petrignano
2019-12-18,-26.32,Aquifer_Petrignano
2019-12-19,-26.12,Aquifer_Petrignano
2019-12-20,-26.17,Aquifer_Petrignano
2019-12-21,-26.26,Aquifer_Petrignano
2019-12-22,-26.32,Aquifer_Petrignano
2019-12-23,-26.25,Aquifer_Petrignano
2019-12-24,-26.27,Aquifer_Petrignano
2019-12-25,-25.82,Aquifer_Petrignano
2019-12-26,-25.85,Aquifer_Petrignano
2019-12-27,-26.14,Aquifer_Petrignano
2019-12-28,-26.17,Aquifer_Petrignano
2019-12-29,-25.98,Aquifer_Petrignano
2019-12-30,-26.2,Aquifer_Petrignano
2019-12-31,-26.23,Aquifer_Petrignano
2020-01-01,-25.99,Aquifer_Petrignano
2020-01-02,-25.96,Aquifer_Petrignano
2020-01-03,-26.02,Aquifer_Petrignano
2020-01-04,-25.97,Aquifer_Petrignano
2020-01-05,-25.96,Aquifer_Petrignano
2020-01-06,-25.75,Aquifer_Petrignano
2020-01-07,-25.89,Aquifer_Petrignano
2020-01-08,-25.91,Aquifer_Petrignano
2020-01-09,-26.17,Aquifer_Petrignano
2020-01-10,-26.11,Aquifer_Petrignano
2020-01-11,-26.04,Aquifer_Petrignano
2020-01-12,-26.0,Aquifer_Petrignano
2020-01-13,-26.0,Aquifer_Petrignano
2020-01-14,-25.95,Aquifer_Petrignano
2020-01-15,-26.03,Aquifer_Petrignano
2020-01-16,-25.81,Aquifer_Petrignano
2020-01-17,-25.84,Aquifer_Petrignano
2020-01-18,-25.86,Aquifer_Petrignano
2020-01-19,-25.75,Aquifer_Petrignano
2020-01-20,-25.94,Aquifer_Petrignano
2020-01-21,-25.83,Aquifer_Petrignano
2020-01-22,-25.91,Aquifer_Petrignano
2020-01-23,-25.74,Aquifer_Petrignano
2020-01-24,-25.68,Aquifer_Petrignano
2020-01-25,-25.62,Aquifer_Petrignano
2020-01-26,-25.96,Aquifer_Petrignano
2020-01-27,-25.72,Aquifer_Petrignano
2020-01-28,-25.62,Aquifer_Petrignano
2020-01-29,-25.59,Aquifer_Petrignano
2020-01-30,-25.97,Aquifer_Petrignano
2020-01-31,-25.75,Aquifer_Petrignano
2020-02-01,-25.63,Aquifer_Petrignano
2020-02-02,-25.66,Aquifer_Petrignano
2020-02-03,-25.54,Aquifer_Petrignano
2020-02-04,-25.74,Aquifer_Petrignano
2020-02-05,-25.7,Aquifer_Petrignano
2020-02-06,-25.59,Aquifer_Petrignano
2020-02-07,-25.67,Aquifer_Petrignano
2020-02-08,-25.64,Aquifer_Petrignano
2020-02-09,-25.59,Aquifer_Petrignano
2020-02-10,-25.42,Aquifer_Petrignano
2020-02-11,-25.43,Aquifer_Petrignano
2020-02-12,-25.56,Aquifer_Petrignano
2020-02-13,-25.52,Aquifer_Petrignano
2020-02-14,-25.52,Aquifer_Petrignano
2020-02-15,-25.63,Aquifer_Petrignano
2020-02-16,-25.56,Aquifer_Petrignano
2020-02-17,-25.42,Aquifer_Petrignano
2020-02-18,-25.32,Aquifer_Petrignano
2020-02-19,-25.38,Aquifer_Petrignano
2020-02-20,-25.45,Aquifer_Petrignano
2020-02-21,-25.5,Aquifer_Petrignano
2020-02-22,-25.53,Aquifer_Petrignano
2020-02-23,-25.41,Aquifer_Petrignano
2020-02-24,-25.42,Aquifer_Petrignano
2020-02-25,-25.42,Aquifer_Petrignano
2020-02-26,-25.41,Aquifer_Petrignano
2020-02-27,-25.45,Aquifer_Petrignano
2020-02-28,-25.52,Aquifer_Petrignano
2020-02-29,-25.54,Aquifer_Petrignano
2020-03-01,-25.32,Aquifer_Petrignano
2020-03-02,-25.38,Aquifer_Petrignano
2020-03-03,-25.29,Aquifer_Petrignano
2020-03-04,-25.37,Aquifer_Petrignano
2020-03-05,-25.39,Aquifer_Petrignano
2020-03-06,-25.27,Aquifer_Petrignano
2020-03-07,-25.42,Aquifer_Petrignano
2020-03-08,-25.41,Aquifer_Petrignano
2020-03-09,-25.38,Aquifer_Petrignano
2020-03-10,-25.4,Aquifer_Petrignano
2020-03-11,-25.39,Aquifer_Petrignano
2020-03-12,-25.15,Aquifer_Petrignano
2020-03-13,-25.07,Aquifer_Petrignano
2020-03-14,-25.28,Aquifer_Petrignano
2020-03-15,-25.27,Aquifer_Petrignano
2020-03-16,-25.26,Aquifer_Petrignano
2020-03-17,-25.25,Aquifer_Petrignano
2020-03-18,-25.14,Aquifer_Petrignano
2020-03-19,-25.03,Aquifer_Petrignano
2020-03-20,-25.29,Aquifer_Petrignano
2020-03-21,-25.17,Aquifer_Petrignano
2020-03-22,-25.06,Aquifer_Petrignano
2020-03-23,-25.09,Aquifer_Petrignano
2020-03-24,-24.81,Aquifer_Petrignano
2020-03-25,-24.64,Aquifer_Petrignano
2020-03-26,-24.62,Aquifer_Petrignano
2020-03-27,-24.81,Aquifer_Petrignano
2020-03-28,-24.81,Aquifer_Petrignano
2020-04-02,-25.12,Aquifer_Petrignano
2020-04-03,-25.04,Aquifer_Petrignano
2020-04-04,-25.14,Aquifer_Petrignano
2020-04-05,-25.15,Aquifer_Petrignano
2020-04-06,-25.24,Aquifer_Petrignano
2020-04-07,-25.17,Aquifer_Petrignano
2020-04-08,-25.14,Aquifer_Petrignano
2020-04-09,-25.24,Aquifer_Petrignano
2020-04-10,-25.32,Aquifer_Petrignano
2020-04-11,-25.39,Aquifer_Petrignano
2020-04-12,-25.35,Aquifer_Petrignano
2020-04-13,-25.24,Aquifer_Petrignano
2020-04-14,-24.99,Aquifer_Petrignano
2020-04-15,-25.31,Aquifer_Petrignano
2020-04-16,-25.24,Aquifer_Petrignano
2020-04-17,-25.32,Aquifer_Petrignano
2020-04-18,-25.35,Aquifer_Petrignano
2020-04-19,-25.35,Aquifer_Petrignano
2020-04-20,-25.06,Aquifer_Petrignano
2020-04-21,-24.81,Aquifer_Petrignano
2020-04-22,-24.77,Aquifer_Petrignano
2020-04-23,-24.97,Aquifer_Petrignano
2020-04-24,-25.09,Aquifer_Petrignano
2020-04-25,-25.1,Aquifer_Petrignano
2020-04-26,-25.11,Aquifer_Petrignano
2020-04-27,-25.14,Aquifer_Petrignano
2020-04-28,-25.01,Aquifer_Petrignano
2020-04-29,-24.96,Aquifer_Petrignano
2020-04-30,-25.03,Aquifer_Petrignano
2020-05-01,-24.99,Aquifer_Petrignano
2020-05-02,-25.0,Aquifer_Petrignano
2020-05-03,-25.05,Aquifer_Petrignano
2020-05-04,-25.11,Aquifer_Petrignano
2020-05-05,-25.08,Aquifer_Petrignano
2020-05-06,-24.97,Aquifer_Petrignano
2020-05-07,-25.06,Aquifer_Petrignano
2020-05-08,-25.02,Aquifer_Petrignano
2020-05-09,-25.14,Aquifer_Petrignano
2020-05-10,-25.02,Aquifer_Petrignano
2020-05-11,-24.97,Aquifer_Petrignano
2020-05-12,-24.93,Aquifer_Petrignano
2020-05-13,-24.95,Aquifer_Petrignano
2020-05-14,-25.06,Aquifer_Petrignano
2020-05-15,-25.05,Aquifer_Petrignano
2020-05-16,-25.02,Aquifer_Petrignano
2020-05-17,-24.9,Aquifer_Petrignano
2020-05-18,-24.99,Aquifer_Petrignano
2020-05-19,-24.93,Aquifer_Petrignano
2020-05-20,-24.77,Aquifer_Petrignano
2020-05-21,-25.04,Aquifer_Petrignano
2020-05-22,-24.82,Aquifer_Petrignano
2020-05-23,-25.1,Aquifer_Petrignano
2020-05-24,-25.12,Aquifer_Petrignano
2020-05-25,-25.18,Aquifer_Petrignano
2020-05-26,-25.25,Aquifer_Petrignano
2020-05-27,-25.28,Aquifer_Petrignano
2020-05-28,-25.26,Aquifer_Petrignano
2020-05-29,-24.77,Aquifer_Petrignano
2020-05-30,-24.87,Aquifer_Petrignano
2020-05-31,-24.9,Aquifer_Petrignano
2020-06-01,-25.01,Aquifer_Petrignano
2020-06-02,-24.98,Aquifer_Petrignano
2020-06-03,-25.05,Aquifer_Petrignano
2020-06-04,-24.92,Aquifer_Petrignano
2020-06-05,-24.91,Aquifer_Petrignano
2020-06-06,-25.01,Aquifer_Petrignano
2020-06-07,-24.83,Aquifer_Petrignano
2020-06-08,-24.93,Aquifer_Petrignano
2020-06-09,-25.12,Aquifer_Petrignano
2020-06-10,-24.94,Aquifer_Petrignano
2020-06-11,-25.28,Aquifer_Petrignano
2020-06-12,-25.22,Aquifer_Petrignano
2020-06-13,-25.2,Aquifer_Petrignano
2020-06-14,-24.99,Aquifer_Petrignano
2020-06-15,-25.13,Aquifer_Petrignano
2020-06-16,-25.33,Aquifer_Petrignano
2020-06-17,-25.04,Aquifer_Petrignano
2020-06-18,-24.99,Aquifer_Petrignano
2020-06-19,-25.19,Aquifer_Petrignano
2020-06-20,-25.41,Aquifer_Petrignano
2020-06-21,-25.36,Aquifer_Petrignano
2020-06-22,-25.34,Aquifer_Petrignano
2020-06-23,-25.42,Aquifer_Petrignano
2020-06-24,-25.67,Aquifer_Petrignano
2020-06-25,-25.75,Aquifer_Petrignano
2020-06-26,-25.68,Aquifer_Petrignano
2020-06-27,-25.8,Aquifer_Petrignano
2020-06-28,-25.8,Aquifer_Petrignano
2020-06-29,-25.78,Aquifer_Petrignano
2020-06-30,-25.91,Aquifer_Petrignano
2002-01-07,1.7,Lake_Bilancino
2002-01-08,1.5,Lake_Bilancino
2002-01-09,0.6,Lake_Bilancino
2002-01-10,1.5,Lake_Bilancino
2002-01-11,0.6,Lake_Bilancino
2002-02-07,1.7,Lake_Bilancino
2002-02-08,1.5,Lake_Bilancino
2002-02-09,0.6,Lake_Bilancino
2002-02-10,1.5,Lake_Bilancino
2002-02-11,0.6,Lake_Bilancino
2002-02-12,7.4,Lake_Bilancino
2002-03-06,0.31,Lake_Bilancino
2002-03-07,1.7,Lake_Bilancino
2002-03-08,1.5,Lake_Bilancino
2002-03-09,0.6,Lake_Bilancino
2002-03-10,4.0,Lake_Bilancino
2002-03-11,0.6,Lake_Bilancino
2002-03-12,7.5,Lake_Bilancino
2002-04-06,0.31,Lake_Bilancino
2002-04-07,1.7,Lake_Bilancino
2002-04-08,2.0,Lake_Bilancino
2002-04-09,0.6,Lake_Bilancino
2002-04-10,1.5,Lake_Bilancino
2002-04-11,0.6,Lake_Bilancino
2002-04-12,7.3,Lake_Bilancino
2002-05-06,0.31,Lake_Bilancino
2002-05-07,2.0,Lake_Bilancino
2002-05-08,2.0,Lake_Bilancino
2002-05-09,1.0,Lake_Bilancino
2002-05-10,1.5,Lake_Bilancino
2002-05-11,0.6,Lake_Bilancino
2002-05-12,7.1,Lake_Bilancino
2002-06-06,0.31,Lake_Bilancino
2002-06-07,2.0,Lake_Bilancino
2002-06-08,2.5,Lake_Bilancino
2002-06-09,1.0,Lake_Bilancino
2002-06-10,1.5,Lake_Bilancino
2002-06-11,0.6,Lake_Bilancino
2002-06-12,6.7,Lake_Bilancino
2002-07-06,0.31,Lake_Bilancino
2002-07-07,2.0,Lake_Bilancino
2002-07-08,0.5,Lake_Bilancino
2002-07-09,1.0,Lake_Bilancino
2002-07-10,1.5,Lake_Bilancino
2002-07-11,0.6,Lake_Bilancino
2002-07-12,6.5,Lake_Bilancino
2002-08-06,0.38,Lake_Bilancino
2002-08-07,2.0,Lake_Bilancino
2002-08-08,1.0,Lake_Bilancino
2002-08-09,1.0,Lake_Bilancino
2002-08-10,1.5,Lake_Bilancino
2002-08-11,0.6,Lake_Bilancino
2002-08-12,6.3,Lake_Bilancino
2002-09-06,0.38,Lake_Bilancino
2002-09-07,2.0,Lake_Bilancino
2002-09-08,0.5,Lake_Bilancino
2002-09-09,1.0,Lake_Bilancino
2002-09-10,1.5,Lake_Bilancino
2002-09-11,0.6,Lake_Bilancino
2002-10-06,0.48,Lake_Bilancino
2002-10-07,1.2,Lake_Bilancino
2002-10-08,0.5,Lake_Bilancino
2002-10-09,1.0,Lake_Bilancino
2002-10-10,1.5,Lake_Bilancino
2002-10-11,0.6,Lake_Bilancino
2002-11-06,0.48,Lake_Bilancino
2002-11-07,1.2,Lake_Bilancino
2002-11-08,2.5,Lake_Bilancino
2002-11-09,1.0,Lake_Bilancino
2002-11-10,0.6,Lake_Bilancino
2002-11-11,0.6,Lake_Bilancino
2002-12-06,0.48,Lake_Bilancino
2002-12-07,2.0,Lake_Bilancino
2002-12-08,0.5,Lake_Bilancino
2002-12-09,1.5,Lake_Bilancino
2002-12-10,0.6,Lake_Bilancino
2002-12-11,0.6,Lake_Bilancino
2003-01-02,4.7,Lake_Bilancino
2003-01-03,0.6,Lake_Bilancino
2003-01-04,2.1,Lake_Bilancino
2003-01-05,2.6,Lake_Bilancino
2003-01-06,0.5,Lake_Bilancino
2003-01-07,0.5,Lake_Bilancino
2003-01-08,3.5,Lake_Bilancino
2003-01-09,2.8,Lake_Bilancino
2003-01-10,3.0,Lake_Bilancino
2003-01-11,0.6,Lake_Bilancino
2003-01-12,0.5,Lake_Bilancino
2003-02-02,4.3,Lake_Bilancino
2003-02-03,0.6,Lake_Bilancino
2003-02-04,3.1,Lake_Bilancino
2003-02-05,2.3,Lake_Bilancino
2003-02-06,0.5,Lake_Bilancino
2003-02-07,0.5,Lake_Bilancino
2003-02-08,3.0,Lake_Bilancino
2003-02-09,2.8,Lake_Bilancino
2003-02-10,3.0,Lake_Bilancino
2003-02-11,0.6,Lake_Bilancino
2003-02-12,0.5,Lake_Bilancino
2003-03-02,3.6,Lake_Bilancino
2003-03-03,0.6,Lake_Bilancino
2003-03-04,6.1,Lake_Bilancino
2003-03-05,2.0,Lake_Bilancino
2003-03-06,0.5,Lake_Bilancino
2003-03-07,0.5,Lake_Bilancino
2003-03-08,3.0,Lake_Bilancino
2003-03-09,2.8,Lake_Bilancino
2003-03-10,2.7,Lake_Bilancino
2003-03-11,0.6,Lake_Bilancino
2003-03-12,0.5,Lake_Bilancino
2003-04-02,40.0,Lake_Bilancino
2003-04-03,3.1,Lake_Bilancino
2003-04-04,7.8,Lake_Bilancino
2003-04-05,2.2,Lake_Bilancino
2003-04-06,0.5,Lake_Bilancino
2003-04-07,3.6,Lake_Bilancino
2003-04-08,3.0,Lake_Bilancino
2003-04-09,2.8,Lake_Bilancino
2003-04-10,2.4,Lake_Bilancino
2003-04-11,0.6,Lake_Bilancino
2003-04-12,0.5,Lake_Bilancino
2003-05-02,30.0,Lake_Bilancino
2003-05-03,6.2,Lake_Bilancino
2003-05-04,6.8,Lake_Bilancino
2003-05-05,2.1,Lake_Bilancino
2003-05-06,0.5,Lake_Bilancino
2003-05-07,3.6,Lake_Bilancino
2003-05-08,3.0,Lake_Bilancino
2003-05-09,2.8,Lake_Bilancino
2003-05-10,2.4,Lake_Bilancino
2003-05-11,0.6,Lake_Bilancino
2003-05-12,0.5,Lake_Bilancino
2003-06-01,9.6,Lake_Bilancino
2003-06-02,12.0,Lake_Bilancino
2003-06-03,6.7,Lake_Bilancino
2003-06-04,6.0,Lake_Bilancino
2003-06-05,1.9,Lake_Bilancino
2003-06-06,0.5,Lake_Bilancino
2003-06-07,3.6,Lake_Bilancino
2003-06-08,3.0,Lake_Bilancino
2003-06-09,2.8,Lake_Bilancino
2003-06-10,2.4,Lake_Bilancino
2003-06-11,0.6,Lake_Bilancino
2003-06-12,0.5,Lake_Bilancino
2003-07-01,9.5,Lake_Bilancino
2003-07-02,7.8,Lake_Bilancino
2003-07-03,6.7,Lake_Bilancino
2003-07-04,5.1,Lake_Bilancino
2003-07-05,2.0,Lake_Bilancino
2003-07-06,0.5,Lake_Bilancino
2003-07-07,3.6,Lake_Bilancino
2003-07-08,3.0,Lake_Bilancino
2003-07-09,2.8,Lake_Bilancino
2003-07-10,2.0,Lake_Bilancino
2003-07-11,0.6,Lake_Bilancino
2003-07-12,0.5,Lake_Bilancino
2003-08-01,9.5,Lake_Bilancino
2003-08-02,7.4,Lake_Bilancino
2003-08-03,6.2,Lake_Bilancino
2003-08-04,4.2,Lake_Bilancino
2003-08-05,2.1,Lake_Bilancino
2003-08-06,0.5,Lake_Bilancino
2003-08-07,3.6,Lake_Bilancino
2003-08-08,3.0,Lake_Bilancino
2003-08-09,2.8,Lake_Bilancino
2003-08-10,2.0,Lake_Bilancino
2003-08-11,0.6,Lake_Bilancino
2003-08-12,0.5,Lake_Bilancino
2003-09-01,7.2,Lake_Bilancino
2003-09-02,6.8,Lake_Bilancino
2003-09-03,6.2,Lake_Bilancino
2003-09-04,4.1,Lake_Bilancino
2003-09-05,2.0,Lake_Bilancino
2003-09-06,0.5,Lake_Bilancino
2003-09-07,3.6,Lake_Bilancino
2003-09-08,2.8,Lake_Bilancino
2003-09-09,2.8,Lake_Bilancino
2003-09-10,2.0,Lake_Bilancino
2003-09-11,0.6,Lake_Bilancino
2003-09-12,0.5,Lake_Bilancino
2003-10-01,6.2,Lake_Bilancino
2003-10-02,6.2,Lake_Bilancino
2003-10-03,6.3,Lake_Bilancino
2003-10-04,5.8,Lake_Bilancino
2003-10-05,1.5,Lake_Bilancino
2003-10-06,0.5,Lake_Bilancino
2003-10-07,3.6,Lake_Bilancino
2003-10-08,2.8,Lake_Bilancino
2003-10-09,2.8,Lake_Bilancino
2003-10-10,2.0,Lake_Bilancino
2003-10-11,0.6,Lake_Bilancino
2003-10-12,0.5,Lake_Bilancino
2003-11-01,5.8,Lake_Bilancino
2003-11-02,5.5,Lake_Bilancino
2003-11-03,6.1,Lake_Bilancino
2003-11-04,7.7,Lake_Bilancino
2003-11-05,2.4,Lake_Bilancino
2003-11-06,0.5,Lake_Bilancino
2003-11-07,3.6,Lake_Bilancino
2003-11-08,2.8,Lake_Bilancino
2003-11-09,2.8,Lake_Bilancino
2003-11-10,2.0,Lake_Bilancino
2003-11-11,0.6,Lake_Bilancino
2003-11-12,0.5,Lake_Bilancino
2003-12-01,5.3,Lake_Bilancino
2003-12-02,3.0,Lake_Bilancino
2003-12-03,5.5,Lake_Bilancino
2003-12-04,21.5,Lake_Bilancino
2003-12-05,2.2,Lake_Bilancino
2003-12-06,0.5,Lake_Bilancino
2003-12-07,4.0,Lake_Bilancino
2003-12-08,2.8,Lake_Bilancino
2003-12-09,2.8,Lake_Bilancino
2003-12-10,2.0,Lake_Bilancino
2003-12-11,0.6,Lake_Bilancino
2003-12-12,0.5,Lake_Bilancino
2004-01-01,0.5,Lake_Bilancino
2004-01-02,4.8,Lake_Bilancino
2004-01-03,8.9,Lake_Bilancino
2004-01-04,0.6,Lake_Bilancino
2004-01-05,3.9,Lake_Bilancino
2004-01-06,2.0,Lake_Bilancino
2004-01-07,0.6,Lake_Bilancino
2004-01-08,3.0,Lake_Bilancino
2004-01-09,3.2,Lake_Bilancino
2004-01-10,3.0,Lake_Bilancino
2004-01-11,0.6,Lake_Bilancino
2004-01-12,0.6,Lake_Bilancino
2004-02-01,0.5,Lake_Bilancino
2004-02-02,4.6,Lake_Bilancino
2004-02-03,8.6,Lake_Bilancino
2004-02-04,0.6,Lake_Bilancino
2004-02-05,3.2,Lake_Bilancino
2004-02-06,2.0,Lake_Bilancino
2004-02-07,0.6,Lake_Bilancino
2004-02-08,3.0,Lake_Bilancino
2004-02-09,3.2,Lake_Bilancino
2004-02-10,3.0,Lake_Bilancino
2004-02-11,0.6,Lake_Bilancino
2004-02-12,0.6,Lake_Bilancino
2004-03-01,0.5,Lake_Bilancino
2004-03-02,5.25,Lake_Bilancino
2004-03-03,7.1,Lake_Bilancino
2004-03-04,0.6,Lake_Bilancino
2004-03-05,3.0,Lake_Bilancino
2004-03-06,2.0,Lake_Bilancino
2004-03-07,0.6,Lake_Bilancino
2004-03-08,3.0,Lake_Bilancino
2004-03-09,3.5,Lake_Bilancino
2004-03-10,3.0,Lake_Bilancino
2004-03-11,0.6,Lake_Bilancino
2004-03-12,0.6,Lake_Bilancino
2004-04-01,0.5,Lake_Bilancino
2004-04-02,5.8,Lake_Bilancino
2004-04-03,6.1,Lake_Bilancino
2004-04-04,0.6,Lake_Bilancino
2004-04-05,11.8,Lake_Bilancino
2004-04-06,2.0,Lake_Bilancino
2004-04-07,0.6,Lake_Bilancino
2004-04-08,3.0,Lake_Bilancino
2004-04-09,3.5,Lake_Bilancino
2004-04-10,3.0,Lake_Bilancino
2004-04-11,0.6,Lake_Bilancino
2004-04-12,0.6,Lake_Bilancino
2004-05-01,0.5,Lake_Bilancino
2004-05-02,5.9,Lake_Bilancino
2004-05-03,6.2,Lake_Bilancino
2004-05-04,0.6,Lake_Bilancino
2004-05-05,25.5,Lake_Bilancino
2004-05-06,2.0,Lake_Bilancino
2004-05-07,0.6,Lake_Bilancino
2004-05-08,3.0,Lake_Bilancino
2004-05-09,3.5,Lake_Bilancino
2004-05-10,3.0,Lake_Bilancino
2004-05-11,0.6,Lake_Bilancino
2004-05-12,0.6,Lake_Bilancino
2004-06-01,0.5,Lake_Bilancino
2004-06-02,6.0,Lake_Bilancino
2004-06-03,6.3,Lake_Bilancino
2004-06-04,0.6,Lake_Bilancino
2004-06-05,38.5,Lake_Bilancino
2004-06-06,2.0,Lake_Bilancino
2004-06-07,1.0,Lake_Bilancino
2004-06-08,2.5,Lake_Bilancino
2004-06-09,3.5,Lake_Bilancino
2004-06-10,3.0,Lake_Bilancino
2004-06-11,0.6,Lake_Bilancino
2004-06-12,0.6,Lake_Bilancino
2004-07-01,0.5,Lake_Bilancino
2004-07-02,5.8,Lake_Bilancino
2004-07-03,7.7,Lake_Bilancino
2004-07-04,0.6,Lake_Bilancino
2004-07-05,32.2,Lake_Bilancino
2004-07-06,2.3,Lake_Bilancino
2004-07-07,1.0,Lake_Bilancino
2004-07-08,2.5,Lake_Bilancino
2004-07-09,3.5,Lake_Bilancino
2004-07-10,3.0,Lake_Bilancino
2004-07-11,0.6,Lake_Bilancino
2004-07-12,0.6,Lake_Bilancino
2004-08-01,0.5,Lake_Bilancino
2004-08-02,6.1,Lake_Bilancino
2004-08-03,7.9,Lake_Bilancino
2004-08-04,0.6,Lake_Bilancino
2004-08-05,27.2,Lake_Bilancino
2004-08-06,1.7,Lake_Bilancino
2004-08-07,1.0,Lake_Bilancino
2004-08-08,2.5,Lake_Bilancino
2004-08-09,3.5,Lake_Bilancino
2004-08-10,1.0,Lake_Bilancino
2004-08-11,0.6,Lake_Bilancino
2004-08-12,0.6,Lake_Bilancino
2004-09-01,0.5,Lake_Bilancino
2004-09-02,6.6,Lake_Bilancino
2004-09-03,7.0,Lake_Bilancino
2004-09-04,0.6,Lake_Bilancino
2004-09-05,21.4,Lake_Bilancino
2004-09-06,1.7,Lake_Bilancino
2004-09-07,1.5,Lake_Bilancino
2004-09-08,2.5,Lake_Bilancino
2004-09-09,3.5,Lake_Bilancino
2004-09-10,3.0,Lake_Bilancino
2004-09-11,0.6,Lake_Bilancino
2004-09-12,0.6,Lake_Bilancino
2004-10-01,0.5,Lake_Bilancino
2004-10-02,6.8,Lake_Bilancino
2004-10-03,6.4,Lake_Bilancino
2004-10-04,0.6,Lake_Bilancino
2004-10-05,10.9,Lake_Bilancino
2004-10-06,1.6,Lake_Bilancino
2004-10-07,1.5,Lake_Bilancino
2004-10-08,2.5,Lake_Bilancino
2004-10-09,3.5,Lake_Bilancino
2004-10-10,3.0,Lake_Bilancino
2004-10-11,0.6,Lake_Bilancino
2004-10-12,0.6,Lake_Bilancino
2004-11-01,0.5,Lake_Bilancino
2004-11-02,6.3,Lake_Bilancino
2004-11-03,6.7,Lake_Bilancino
2004-11-04,0.6,Lake_Bilancino
2004-11-05,7.0,Lake_Bilancino
2004-11-06,1.4,Lake_Bilancino
2004-11-07,1.5,Lake_Bilancino
2004-11-08,2.5,Lake_Bilancino
2004-11-09,3.5,Lake_Bilancino
2004-11-10,1.5,Lake_Bilancino
2004-11-11,0.6,Lake_Bilancino
2004-11-12,0.6,Lake_Bilancino
2004-12-01,0.5,Lake_Bilancino
2004-12-02,3.5,Lake_Bilancino
2004-12-03,7.1,Lake_Bilancino
2004-12-04,0.6,Lake_Bilancino
2004-12-05,9.1,Lake_Bilancino
2004-12-06,0.8,Lake_Bilancino
2004-12-07,2.0,Lake_Bilancino
2004-12-08,2.5,Lake_Bilancino
2004-12-09,3.5,Lake_Bilancino
2004-12-10,1.5,Lake_Bilancino
2004-12-11,0.6,Lake_Bilancino
2004-12-12,0.6,Lake_Bilancino
2005-01-01,0.6,Lake_Bilancino
2005-01-02,0.6,Lake_Bilancino
2005-01-03,0.6,Lake_Bilancino
2005-01-04,9.5,Lake_Bilancino
2005-01-05,6.5,Lake_Bilancino
2005-01-06,0.6,Lake_Bilancino
2005-01-07,0.6,Lake_Bilancino
2005-01-08,2.0,Lake_Bilancino
2005-01-09,2.5,Lake_Bilancino
2005-01-10,0.5,Lake_Bilancino
2005-01-11,0.6,Lake_Bilancino
2005-01-12,5.2,Lake_Bilancino
2005-02-01,0.6,Lake_Bilancino
2005-02-02,0.6,Lake_Bilancino
2005-02-03,0.6,Lake_Bilancino
2005-02-04,8.5,Lake_Bilancino
2005-02-05,5.3,Lake_Bilancino
2005-02-06,0.6,Lake_Bilancino
2005-02-07,0.6,Lake_Bilancino
2005-02-08,2.5,Lake_Bilancino
2005-02-09,2.5,Lake_Bilancino
2005-02-10,0.5,Lake_Bilancino
2005-02-11,0.6,Lake_Bilancino
2005-02-12,5.2,Lake_Bilancino
2005-03-01,0.6,Lake_Bilancino
2005-03-02,0.6,Lake_Bilancino
2005-03-03,0.6,Lake_Bilancino
2005-03-04,7.5,Lake_Bilancino
2005-03-05,4.5,Lake_Bilancino
2005-03-06,0.6,Lake_Bilancino
2005-03-07,0.6,Lake_Bilancino
2005-03-08,2.5,Lake_Bilancino
2005-03-09,2.5,Lake_Bilancino
2005-03-10,0.5,Lake_Bilancino
2005-03-11,0.6,Lake_Bilancino
2005-03-12,5.2,Lake_Bilancino
2005-04-01,0.6,Lake_Bilancino
2005-04-02,0.6,Lake_Bilancino
2005-04-03,0.6,Lake_Bilancino
2005-04-04,6.5,Lake_Bilancino
2005-04-05,4.4,Lake_Bilancino
2005-04-06,0.6,Lake_Bilancino
2005-04-07,0.6,Lake_Bilancino
2005-04-08,2.5,Lake_Bilancino
2005-04-09,2.5,Lake_Bilancino
2005-04-10,0.5,Lake_Bilancino
2005-04-11,0.6,Lake_Bilancino
2005-04-12,5.2,Lake_Bilancino
2005-05-01,0.6,Lake_Bilancino
2005-05-02,0.6,Lake_Bilancino
2005-05-03,0.6,Lake_Bilancino
2005-05-04,5.5,Lake_Bilancino
2005-05-05,4.5,Lake_Bilancino
2005-05-06,0.6,Lake_Bilancino
2005-05-07,1.2,Lake_Bilancino
2005-05-08,2.5,Lake_Bilancino
2005-05-09,2.5,Lake_Bilancino
2005-05-10,0.5,Lake_Bilancino
2005-05-11,0.6,Lake_Bilancino
2005-05-12,12.0,Lake_Bilancino
2005-06-01,0.6,Lake_Bilancino
2005-06-02,0.6,Lake_Bilancino
2005-06-03,0.6,Lake_Bilancino
2005-06-04,5.6,Lake_Bilancino
2005-06-05,4.4,Lake_Bilancino
2005-06-06,0.6,Lake_Bilancino
2005-06-07,1.2,Lake_Bilancino
2005-06-08,2.5,Lake_Bilancino
2005-06-09,2.5,Lake_Bilancino
2005-06-10,0.5,Lake_Bilancino
2005-06-11,0.6,Lake_Bilancino
2005-06-12,23.8,Lake_Bilancino
2005-07-01,0.6,Lake_Bilancino
2005-07-02,0.6,Lake_Bilancino
2005-07-03,0.6,Lake_Bilancino
2005-07-04,5.5,Lake_Bilancino
2005-07-05,3.8,Lake_Bilancino
2005-07-06,0.6,Lake_Bilancino
2005-07-07,1.2,Lake_Bilancino
2005-07-08,2.5,Lake_Bilancino
2005-07-09,2.5,Lake_Bilancino
2005-07-10,0.5,Lake_Bilancino
2005-07-11,0.6,Lake_Bilancino
2005-07-12,22.6,Lake_Bilancino
2005-08-01,0.6,Lake_Bilancino
2005-08-02,0.6,Lake_Bilancino
2005-08-03,0.6,Lake_Bilancino
2005-08-04,5.5,Lake_Bilancino
2005-08-05,3.7,Lake_Bilancino
2005-08-06,0.6,Lake_Bilancino
2005-08-07,1.2,Lake_Bilancino
2005-08-08,2.5,Lake_Bilancino
2005-08-09,2.5,Lake_Bilancino
2005-08-10,0.5,Lake_Bilancino
2005-08-11,0.6,Lake_Bilancino
2005-08-12,18.5,Lake_Bilancino
2005-09-01,0.6,Lake_Bilancino
2005-09-02,0.6,Lake_Bilancino
2005-09-03,0.6,Lake_Bilancino
2005-09-04,6.1,Lake_Bilancino
2005-09-05,3.0,Lake_Bilancino
2005-09-06,0.6,Lake_Bilancino
2005-09-07,1.2,Lake_Bilancino
2005-09-08,2.5,Lake_Bilancino
2005-09-09,2.5,Lake_Bilancino
2005-09-10,0.5,Lake_Bilancino
2005-09-11,0.6,Lake_Bilancino
2005-09-12,18.6,Lake_Bilancino
2005-10-01,0.6,Lake_Bilancino
2005-10-02,0.6,Lake_Bilancino
2005-10-03,0.6,Lake_Bilancino
2005-10-04,9.9,Lake_Bilancino
2005-10-05,3.0,Lake_Bilancino
2005-10-06,0.6,Lake_Bilancino
2005-10-07,1.2,Lake_Bilancino
2005-10-08,2.5,Lake_Bilancino
2005-10-09,2.5,Lake_Bilancino
2005-10-10,0.5,Lake_Bilancino
2005-10-11,0.6,Lake_Bilancino
2005-10-12,17.1,Lake_Bilancino
2005-11-01,0.6,Lake_Bilancino
2005-11-02,0.6,Lake_Bilancino
2005-11-03,0.6,Lake_Bilancino
2005-11-04,16.3,Lake_Bilancino
2005-11-05,3.6,Lake_Bilancino
2005-11-06,0.6,Lake_Bilancino
2005-11-07,1.2,Lake_Bilancino
2005-11-08,2.5,Lake_Bilancino
2005-11-09,2.5,Lake_Bilancino
2005-11-10,0.5,Lake_Bilancino
2005-11-11,0.6,Lake_Bilancino
2005-11-12,11.4,Lake_Bilancino
2005-12-01,0.6,Lake_Bilancino
2005-12-02,0.6,Lake_Bilancino
2005-12-03,0.6,Lake_Bilancino
2005-12-04,17.0,Lake_Bilancino
2005-12-05,3.0,Lake_Bilancino
2005-12-06,0.6,Lake_Bilancino
2005-12-07,1.2,Lake_Bilancino
2005-12-08,2.0,Lake_Bilancino
2005-12-09,2.5,Lake_Bilancino
2005-12-10,0.5,Lake_Bilancino
2005-12-11,0.6,Lake_Bilancino
2005-12-12,8.7,Lake_Bilancino
2006-01-01,16.8,Lake_Bilancino
2006-01-02,4.1,Lake_Bilancino
2006-01-03,5.7,Lake_Bilancino
2006-01-04,2.2,Lake_Bilancino
2006-01-05,5.0,Lake_Bilancino
2006-01-06,0.6,Lake_Bilancino
2006-01-07,1.0,Lake_Bilancino
2006-01-08,2.5,Lake_Bilancino
2006-01-09,2.5,Lake_Bilancino
2006-01-10,2.4,Lake_Bilancino
2006-01-11,2.4,Lake_Bilancino
2006-01-12,2.5,Lake_Bilancino
2006-02-01,24.6,Lake_Bilancino
2006-02-02,3.6,Lake_Bilancino
2006-02-03,4.5,Lake_Bilancino
2006-02-04,2.6,Lake_Bilancino
2006-02-05,5.0,Lake_Bilancino
2006-02-06,0.6,Lake_Bilancino
2006-02-07,1.0,Lake_Bilancino
2006-02-08,2.5,Lake_Bilancino
2006-02-09,2.5,Lake_Bilancino
2006-02-10,2.4,Lake_Bilancino
2006-02-11,2.4,Lake_Bilancino
2006-02-12,2.5,Lake_Bilancino
2006-03-01,17.6,Lake_Bilancino
2006-03-02,3.7,Lake_Bilancino
2006-03-03,5.4,Lake_Bilancino
2006-03-04,2.1,Lake_Bilancino
2006-03-05,5.0,Lake_Bilancino
2006-03-06,0.6,Lake_Bilancino
2006-03-07,1.5,Lake_Bilancino
2006-03-08,2.5,Lake_Bilancino
2006-03-09,2.5,Lake_Bilancino
2006-03-10,2.4,Lake_Bilancino
2006-03-11,2.4,Lake_Bilancino
2006-03-12,2.5,Lake_Bilancino
2006-04-01,11.1,Lake_Bilancino
2006-04-02,3.7,Lake_Bilancino
2006-04-03,7.7,Lake_Bilancino
2006-04-04,1.2,Lake_Bilancino
2006-04-05,5.0,Lake_Bilancino
2006-04-06,0.6,Lake_Bilancino
2006-04-07,1.5,Lake_Bilancino
2006-04-08,2.5,Lake_Bilancino
2006-04-09,2.5,Lake_Bilancino
2006-04-10,2.4,Lake_Bilancino
2006-04-11,2.4,Lake_Bilancino
2006-04-12,2.4,Lake_Bilancino
2006-05-01,7.4,Lake_Bilancino
2006-05-02,3.5,Lake_Bilancino
2006-05-03,18.9,Lake_Bilancino
2006-05-04,2.3,Lake_Bilancino
2006-05-05,5.0,Lake_Bilancino
2006-05-06,0.6,Lake_Bilancino
2006-05-07,1.5,Lake_Bilancino
2006-05-08,2.5,Lake_Bilancino
2006-05-09,2.5,Lake_Bilancino
2006-05-10,2.4,Lake_Bilancino
2006-05-11,2.4,Lake_Bilancino
2006-05-12,2.4,Lake_Bilancino
2006-06-01,6.3,Lake_Bilancino
2006-06-02,2.9,Lake_Bilancino
2006-06-03,26.0,Lake_Bilancino
2006-06-04,3.7,Lake_Bilancino
2006-06-05,4.4,Lake_Bilancino
2006-06-06,0.6,Lake_Bilancino
2006-06-07,1.5,Lake_Bilancino
2006-06-08,2.5,Lake_Bilancino
2006-06-09,3.0,Lake_Bilancino
2006-06-10,2.4,Lake_Bilancino
2006-06-11,2.5,Lake_Bilancino
2006-06-12,2.4,Lake_Bilancino
2006-07-01,5.8,Lake_Bilancino
2006-07-02,2.2,Lake_Bilancino
2006-07-03,16.1,Lake_Bilancino
2006-07-04,4.3,Lake_Bilancino
2006-07-05,3.8,Lake_Bilancino
2006-07-06,0.6,Lake_Bilancino
2006-07-07,1.5,Lake_Bilancino
2006-07-08,2.5,Lake_Bilancino
2006-07-09,3.0,Lake_Bilancino
2006-07-10,2.4,Lake_Bilancino
2006-07-11,1.5,Lake_Bilancino
2006-07-12,2.4,Lake_Bilancino
2006-08-01,5.4,Lake_Bilancino
2006-08-02,2.2,Lake_Bilancino
2006-08-03,9.8,Lake_Bilancino
2006-08-04,4.9,Lake_Bilancino
2006-08-05,4.4,Lake_Bilancino
2006-08-06,0.6,Lake_Bilancino
2006-08-07,1.5,Lake_Bilancino
2006-08-08,2.5,Lake_Bilancino
2006-08-09,3.0,Lake_Bilancino
2006-08-10,2.4,Lake_Bilancino
2006-08-11,1.5,Lake_Bilancino
2006-08-12,2.4,Lake_Bilancino
2006-09-01,5.1,Lake_Bilancino
2006-09-02,2.3,Lake_Bilancino
2006-09-03,7.3,Lake_Bilancino
2006-09-04,4.9,Lake_Bilancino
2006-09-05,14.1,Lake_Bilancino
2006-09-06,0.6,Lake_Bilancino
2006-09-07,1.5,Lake_Bilancino
2006-09-08,2.5,Lake_Bilancino
2006-09-09,3.0,Lake_Bilancino
2006-09-10,2.4,Lake_Bilancino
2006-09-11,1.5,Lake_Bilancino
2006-09-12,2.4,Lake_Bilancino
2006-10-01,4.0,Lake_Bilancino
2006-10-02,2.3,Lake_Bilancino
2006-10-03,8.8,Lake_Bilancino
2006-10-04,5.0,Lake_Bilancino
2006-10-05,16.7,Lake_Bilancino
2006-10-06,0.6,Lake_Bilancino
2006-10-07,1.5,Lake_Bilancino
2006-10-08,2.5,Lake_Bilancino
2006-10-09,3.0,Lake_Bilancino
2006-10-10,2.4,Lake_Bilancino
2006-10-11,1.5,Lake_Bilancino
2006-10-12,2.4,Lake_Bilancino
2006-11-01,3.3,Lake_Bilancino
2006-11-02,2.5,Lake_Bilancino
2006-11-03,12.1,Lake_Bilancino
2006-11-04,5.0,Lake_Bilancino
2006-11-05,11.3,Lake_Bilancino
2006-11-06,0.6,Lake_Bilancino
2006-11-07,1.5,Lake_Bilancino
2006-11-08,2.5,Lake_Bilancino
2006-11-09,3.0,Lake_Bilancino
2006-11-10,2.4,Lake_Bilancino
2006-11-11,1.5,Lake_Bilancino
2006-11-12,2.4,Lake_Bilancino
2006-12-01,3.4,Lake_Bilancino
2006-12-02,2.6,Lake_Bilancino
2006-12-03,11.0,Lake_Bilancino
2006-12-04,5.0,Lake_Bilancino
2006-12-05,7.2,Lake_Bilancino
2006-12-06,0.6,Lake_Bilancino
2006-12-07,1.5,Lake_Bilancino
2006-12-08,2.5,Lake_Bilancino
2006-12-09,3.5,Lake_Bilancino
2006-12-10,2.4,Lake_Bilancino
2006-12-11,1.5,Lake_Bilancino
2006-12-12,2.4,Lake_Bilancino
2007-01-01,2.4,Lake_Bilancino
2007-01-02,0.6,Lake_Bilancino
2007-01-03,2.2,Lake_Bilancino
2007-01-04,2.2,Lake_Bilancino
2007-01-05,0.6,Lake_Bilancino
2007-01-06,0.6,Lake_Bilancino
2007-01-07,0.6,Lake_Bilancino
2007-01-08,2.7,Lake_Bilancino
2007-01-09,2.8,Lake_Bilancino
2007-01-10,1.79,Lake_Bilancino
2007-01-11,1.5,Lake_Bilancino
2007-01-12,1.5,Lake_Bilancino
2007-02-01,1.0,Lake_Bilancino
2007-02-02,0.6,Lake_Bilancino
2007-02-03,2.2,Lake_Bilancino
2007-02-04,2.2,Lake_Bilancino
2007-02-05,0.6,Lake_Bilancino
2007-02-06,0.6,Lake_Bilancino
2007-02-07,1.3,Lake_Bilancino
2007-02-08,2.8,Lake_Bilancino
2007-02-09,2.8,Lake_Bilancino
2007-02-10,2.0,Lake_Bilancino
2007-02-11,1.5,Lake_Bilancino
2007-02-12,1.5,Lake_Bilancino
2007-03-01,1.0,Lake_Bilancino
2007-03-02,0.6,Lake_Bilancino
2007-03-03,2.2,Lake_Bilancino
2007-03-04,2.2,Lake_Bilancino
2007-03-05,0.6,Lake_Bilancino
2007-03-06,0.6,Lake_Bilancino
2007-03-07,2.0,Lake_Bilancino
2007-03-08,2.8,Lake_Bilancino
2007-03-09,2.8,Lake_Bilancino
2007-03-10,2.0,Lake_Bilancino
2007-03-11,1.5,Lake_Bilancino
2007-03-12,1.5,Lake_Bilancino
2007-04-01,1.0,Lake_Bilancino
2007-04-02,0.6,Lake_Bilancino
2007-04-03,2.2,Lake_Bilancino
2007-04-04,2.2,Lake_Bilancino
2007-04-05,0.6,Lake_Bilancino
2007-04-06,0.6,Lake_Bilancino
2007-04-07,2.0,Lake_Bilancino
2007-04-08,2.8,Lake_Bilancino
2007-04-09,2.7,Lake_Bilancino
2007-04-10,2.0,Lake_Bilancino
2007-04-11,1.5,Lake_Bilancino
2007-04-12,1.5,Lake_Bilancino
2007-05-01,1.0,Lake_Bilancino
2007-05-02,0.6,Lake_Bilancino
2007-05-03,2.2,Lake_Bilancino
2007-05-04,2.2,Lake_Bilancino
2007-05-05,0.6,Lake_Bilancino
2007-05-06,0.6,Lake_Bilancino
2007-05-07,2.0,Lake_Bilancino
2007-05-08,2.8,Lake_Bilancino
2007-05-09,2.7,Lake_Bilancino
2007-05-10,2.0,Lake_Bilancino
2007-05-11,1.39,Lake_Bilancino
2007-05-12,1.5,Lake_Bilancino
2007-06-01,1.0,Lake_Bilancino
2007-06-02,0.6,Lake_Bilancino
2007-06-03,2.2,Lake_Bilancino
2007-06-04,2.2,Lake_Bilancino
2007-06-05,0.6,Lake_Bilancino
2007-06-06,0.6,Lake_Bilancino
2007-06-07,1.8,Lake_Bilancino
2007-06-08,2.8,Lake_Bilancino
2007-06-09,2.7,Lake_Bilancino
2007-06-10,2.0,Lake_Bilancino
2007-06-11,1.5,Lake_Bilancino
2007-06-12,1.5,Lake_Bilancino
2007-07-01,1.0,Lake_Bilancino
2007-07-02,0.6,Lake_Bilancino
2007-07-03,2.2,Lake_Bilancino
2007-07-04,2.2,Lake_Bilancino
2007-07-05,0.6,Lake_Bilancino
2007-07-06,0.6,Lake_Bilancino
2007-07-07,1.5,Lake_Bilancino
2007-07-08,2.8,Lake_Bilancino
2007-07-09,2.7,Lake_Bilancino
2007-07-10,2.0,Lake_Bilancino
2007-07-11,1.5,Lake_Bilancino
2007-07-12,1.5,Lake_Bilancino
2007-08-01,1.0,Lake_Bilancino
2007-08-02,0.6,Lake_Bilancino
2007-08-03,2.2,Lake_Bilancino
2007-08-04,2.2,Lake_Bilancino
2007-08-05,0.6,Lake_Bilancino
2007-08-06,0.6,Lake_Bilancino
2007-08-07,1.5,Lake_Bilancino
2007-08-08,2.8,Lake_Bilancino
2007-08-09,2.7,Lake_Bilancino
2007-08-10,2.0,Lake_Bilancino
2007-08-11,1.5,Lake_Bilancino
2007-08-12,1.5,Lake_Bilancino
2007-09-01,1.0,Lake_Bilancino
2007-09-02,0.6,Lake_Bilancino
2007-09-03,2.2,Lake_Bilancino
2007-09-04,2.2,Lake_Bilancino
2007-09-05,0.6,Lake_Bilancino
2007-09-06,0.6,Lake_Bilancino
2007-09-07,1.5,Lake_Bilancino
2007-09-08,2.8,Lake_Bilancino
2007-09-09,2.7,Lake_Bilancino
2007-09-10,2.0,Lake_Bilancino
2007-09-11,1.5,Lake_Bilancino
2007-09-12,1.5,Lake_Bilancino
2007-10-01,1.0,Lake_Bilancino
2007-10-02,0.6,Lake_Bilancino
2007-10-03,0.6,Lake_Bilancino
2007-10-04,1.2,Lake_Bilancino
2007-10-05,0.6,Lake_Bilancino
2007-10-06,0.6,Lake_Bilancino
2007-10-07,1.5,Lake_Bilancino
2007-10-08,2.8,Lake_Bilancino
2007-10-09,2.7,Lake_Bilancino
2007-10-10,2.0,Lake_Bilancino
2007-10-11,1.5,Lake_Bilancino
2007-10-12,1.5,Lake_Bilancino
2007-11-01,1.0,Lake_Bilancino
2007-11-02,0.6,Lake_Bilancino
2007-11-03,0.6,Lake_Bilancino
2007-11-04,0.6,Lake_Bilancino
2007-11-05,0.6,Lake_Bilancino
2007-11-06,0.6,Lake_Bilancino
2007-11-07,1.5,Lake_Bilancino
2007-11-08,2.8,Lake_Bilancino
2007-11-09,2.7,Lake_Bilancino
2007-11-10,2.0,Lake_Bilancino
2007-11-11,1.5,Lake_Bilancino
2007-11-12,1.5,Lake_Bilancino
2007-12-01,1.0,Lake_Bilancino
2007-12-02,0.6,Lake_Bilancino
2007-12-03,0.6,Lake_Bilancino
2007-12-04,0.6,Lake_Bilancino
2007-12-05,0.6,Lake_Bilancino
2007-12-06,0.6,Lake_Bilancino
2007-12-07,1.6,Lake_Bilancino
2007-12-08,2.8,Lake_Bilancino
2007-12-09,2.7,Lake_Bilancino
2007-12-10,2.07,Lake_Bilancino
2007-12-11,1.77,Lake_Bilancino
2007-12-12,1.5,Lake_Bilancino
2008-01-01,0.6,Lake_Bilancino
2008-01-02,0.6,Lake_Bilancino
2008-01-03,0.6,Lake_Bilancino
2008-01-04,0.6,Lake_Bilancino
2008-01-05,0.6,Lake_Bilancino
2008-01-06,0.6,Lake_Bilancino
2008-01-07,0.95,Lake_Bilancino
2008-01-08,2.5,Lake_Bilancino
2008-01-09,3.0,Lake_Bilancino
2008-01-10,2.68,Lake_Bilancino
2008-01-11,1.0,Lake_Bilancino
2008-01-12,0.75,Lake_Bilancino
2008-02-01,0.6,Lake_Bilancino
2008-02-02,0.6,Lake_Bilancino
2008-02-03,0.6,Lake_Bilancino
2008-02-04,0.6,Lake_Bilancino
2008-02-05,0.6,Lake_Bilancino
2008-02-06,0.6,Lake_Bilancino
2008-02-07,1.5,Lake_Bilancino
2008-02-08,2.5,Lake_Bilancino
2008-02-09,3.0,Lake_Bilancino
2008-02-10,2.5,Lake_Bilancino
2008-02-11,1.0,Lake_Bilancino
2008-02-12,0.6,Lake_Bilancino
2008-03-01,0.6,Lake_Bilancino
2008-03-02,0.6,Lake_Bilancino
2008-03-03,0.6,Lake_Bilancino
2008-03-04,0.6,Lake_Bilancino
2008-03-05,0.6,Lake_Bilancino
2008-03-06,1.07,Lake_Bilancino
2008-03-07,1.5,Lake_Bilancino
2008-03-08,2.5,Lake_Bilancino
2008-03-09,3.0,Lake_Bilancino
2008-03-10,2.5,Lake_Bilancino
2008-03-11,1.0,Lake_Bilancino
2008-03-12,0.6,Lake_Bilancino
2008-04-01,0.6,Lake_Bilancino
2008-04-02,0.6,Lake_Bilancino
2008-04-03,0.6,Lake_Bilancino
2008-04-04,0.6,Lake_Bilancino
2008-04-05,0.6,Lake_Bilancino
2008-04-06,1.07,Lake_Bilancino
2008-04-07,1.5,Lake_Bilancino
2008-04-08,2.5,Lake_Bilancino
2008-04-09,3.0,Lake_Bilancino
2008-04-10,2.5,Lake_Bilancino
2008-04-11,1.0,Lake_Bilancino
2008-04-12,0.6,Lake_Bilancino
2008-05-01,0.6,Lake_Bilancino
2008-05-02,0.6,Lake_Bilancino
2008-05-03,0.6,Lake_Bilancino
2008-05-04,0.6,Lake_Bilancino
2008-05-05,0.6,Lake_Bilancino
2008-05-06,1.07,Lake_Bilancino
2008-05-07,1.5,Lake_Bilancino
2008-05-08,2.5,Lake_Bilancino
2008-05-09,3.0,Lake_Bilancino
2008-05-10,2.5,Lake_Bilancino
2008-05-11,1.0,Lake_Bilancino
2008-05-12,2.47,Lake_Bilancino
2008-06-01,0.6,Lake_Bilancino
2008-06-02,0.6,Lake_Bilancino
2008-06-03,0.6,Lake_Bilancino
2008-06-04,0.6,Lake_Bilancino
2008-06-05,0.6,Lake_Bilancino
2008-06-06,1.07,Lake_Bilancino
2008-06-07,1.5,Lake_Bilancino
2008-06-08,2.5,Lake_Bilancino
2008-06-09,3.0,Lake_Bilancino
2008-06-10,2.5,Lake_Bilancino
2008-06-11,1.0,Lake_Bilancino
2008-06-12,5.45,Lake_Bilancino
2008-07-01,0.6,Lake_Bilancino
2008-07-02,0.6,Lake_Bilancino
2008-07-03,0.6,Lake_Bilancino
2008-07-04,0.6,Lake_Bilancino
2008-07-05,0.6,Lake_Bilancino
2008-07-06,0.6,Lake_Bilancino
2008-07-07,1.5,Lake_Bilancino
2008-07-08,2.5,Lake_Bilancino
2008-07-09,3.0,Lake_Bilancino
2008-07-10,2.5,Lake_Bilancino
2008-07-11,1.0,Lake_Bilancino
2008-07-12,2.99,Lake_Bilancino
2008-08-01,0.6,Lake_Bilancino
2008-08-02,0.6,Lake_Bilancino
2008-08-03,0.6,Lake_Bilancino
2008-08-04,0.6,Lake_Bilancino
2008-08-05,0.6,Lake_Bilancino
2008-08-06,0.6,Lake_Bilancino
2008-08-07,1.5,Lake_Bilancino
2008-08-08,2.5,Lake_Bilancino
2008-08-09,3.0,Lake_Bilancino
2008-08-10,2.5,Lake_Bilancino
2008-08-11,1.0,Lake_Bilancino
2008-08-12,2.7,Lake_Bilancino
2008-09-01,0.6,Lake_Bilancino
2008-09-02,0.6,Lake_Bilancino
2008-09-03,0.6,Lake_Bilancino
2008-09-04,0.6,Lake_Bilancino
2008-09-05,0.6,Lake_Bilancino
2008-09-06,1.07,Lake_Bilancino
2008-09-07,1.5,Lake_Bilancino
2008-09-08,2.5,Lake_Bilancino
2008-09-09,3.0,Lake_Bilancino
2008-09-10,2.5,Lake_Bilancino
2008-09-11,1.0,Lake_Bilancino
2008-09-12,4.32,Lake_Bilancino
2008-10-01,0.6,Lake_Bilancino
2008-10-02,0.6,Lake_Bilancino
2008-10-03,0.6,Lake_Bilancino
2008-10-04,0.6,Lake_Bilancino
2008-10-05,0.6,Lake_Bilancino
2008-10-06,1.07,Lake_Bilancino
2008-10-07,1.5,Lake_Bilancino
2008-10-08,2.5,Lake_Bilancino
2008-10-09,3.0,Lake_Bilancino
2008-10-10,2.5,Lake_Bilancino
2008-10-11,1.0,Lake_Bilancino
2008-10-12,4.16,Lake_Bilancino
2008-11-01,0.6,Lake_Bilancino
2008-11-02,0.6,Lake_Bilancino
2008-11-03,0.6,Lake_Bilancino
2008-11-04,0.6,Lake_Bilancino
2008-11-05,0.6,Lake_Bilancino
2008-11-06,1.07,Lake_Bilancino
2008-11-07,1.64,Lake_Bilancino
2008-11-08,2.5,Lake_Bilancino
2008-11-09,3.0,Lake_Bilancino
2008-11-10,2.5,Lake_Bilancino
2008-11-11,1.0,Lake_Bilancino
2008-11-12,3.46,Lake_Bilancino
2008-12-01,0.6,Lake_Bilancino
2008-12-02,0.6,Lake_Bilancino
2008-12-03,0.6,Lake_Bilancino
2008-12-04,0.6,Lake_Bilancino
2008-12-05,1.07,Lake_Bilancino
2008-12-06,1.07,Lake_Bilancino
2008-12-07,2.0,Lake_Bilancino
2008-12-08,2.82,Lake_Bilancino
2008-12-09,3.0,Lake_Bilancino
2008-12-10,2.5,Lake_Bilancino
2008-12-11,1.0,Lake_Bilancino
2008-12-12,5.53,Lake_Bilancino
2009-01-01,2.8,Lake_Bilancino
2009-01-02,4.42,Lake_Bilancino
2009-01-03,5.2,Lake_Bilancino
2009-01-04,16.1,Lake_Bilancino
2009-01-05,0.6,Lake_Bilancino
2009-01-06,0.6,Lake_Bilancino
2009-01-07,0.6,Lake_Bilancino
2009-01-08,2.0,Lake_Bilancino
2009-01-09,2.75,Lake_Bilancino
2009-01-10,3.0,Lake_Bilancino
2009-01-11,1.5,Lake_Bilancino
2009-01-12,0.6,Lake_Bilancino
2009-02-01,2.8,Lake_Bilancino
2009-02-02,5.5,Lake_Bilancino
2009-02-03,3.7,Lake_Bilancino
2009-02-04,19.0,Lake_Bilancino
2009-02-05,0.6,Lake_Bilancino
2009-02-06,0.6,Lake_Bilancino
2009-02-07,0.6,Lake_Bilancino
2009-02-08,2.0,Lake_Bilancino
2009-02-09,2.75,Lake_Bilancino
2009-02-10,3.0,Lake_Bilancino
2009-02-11,0.92,Lake_Bilancino
2009-02-12,0.6,Lake_Bilancino
2009-03-01,3.32,Lake_Bilancino
2009-03-02,15.7,Lake_Bilancino
2009-03-03,2.8,Lake_Bilancino
2009-03-04,13.5,Lake_Bilancino
2009-03-05,0.6,Lake_Bilancino
2009-03-06,0.6,Lake_Bilancino
2009-03-07,0.6,Lake_Bilancino
2009-03-08,2.31,Lake_Bilancino
2009-03-09,2.75,Lake_Bilancino
2009-03-10,3.0,Lake_Bilancino
2009-03-11,0.6,Lake_Bilancino
2009-03-12,0.6,Lake_Bilancino
2009-04-01,4.2,Lake_Bilancino
2009-04-02,14.03,Lake_Bilancino
2009-04-03,3.6,Lake_Bilancino
2009-04-04,9.2,Lake_Bilancino
2009-04-05,0.6,Lake_Bilancino
2009-04-06,0.6,Lake_Bilancino
2009-04-07,0.6,Lake_Bilancino
2009-04-08,2.5,Lake_Bilancino
2009-04-09,2.75,Lake_Bilancino
2009-04-10,3.0,Lake_Bilancino
2009-04-11,0.6,Lake_Bilancino
2009-04-12,0.6,Lake_Bilancino
2009-05-01,3.94,Lake_Bilancino
2009-05-02,10.4,Lake_Bilancino
2009-05-03,6.06,Lake_Bilancino
2009-05-04,7.3,Lake_Bilancino
2009-05-05,0.6,Lake_Bilancino
2009-05-06,0.6,Lake_Bilancino
2009-05-07,0.6,Lake_Bilancino
2009-05-08,2.5,Lake_Bilancino
2009-05-09,2.75,Lake_Bilancino
2009-05-10,3.0,Lake_Bilancino
2009-05-11,0.6,Lake_Bilancino
2009-05-12,0.6,Lake_Bilancino
2009-06-01,3.5,Lake_Bilancino
2009-06-02,18.5,Lake_Bilancino
2009-06-03,6.93,Lake_Bilancino
2009-06-04,6.3,Lake_Bilancino
2009-06-05,0.6,Lake_Bilancino
2009-06-06,0.6,Lake_Bilancino
2009-06-07,0.6,Lake_Bilancino
2009-06-08,2.5,Lake_Bilancino
2009-06-09,2.75,Lake_Bilancino
2009-06-10,3.0,Lake_Bilancino
2009-06-11,0.6,Lake_Bilancino
2009-06-12,0.6,Lake_Bilancino
2009-07-01,3.5,Lake_Bilancino
2009-07-02,26.58,Lake_Bilancino
2009-07-03,5.8,Lake_Bilancino
2009-07-04,6.3,Lake_Bilancino
2009-07-05,0.6,Lake_Bilancino
2009-07-06,0.6,Lake_Bilancino
2009-07-07,0.6,Lake_Bilancino
2009-07-08,2.5,Lake_Bilancino
2009-07-09,2.7,Lake_Bilancino
2009-07-10,3.0,Lake_Bilancino
2009-07-11,0.6,Lake_Bilancino
2009-07-12,0.6,Lake_Bilancino
2009-08-01,3.5,Lake_Bilancino
2009-08-02,18.04,Lake_Bilancino
2009-08-03,5.8,Lake_Bilancino
2009-08-04,6.3,Lake_Bilancino
2009-08-05,0.6,Lake_Bilancino
2009-08-06,0.6,Lake_Bilancino
2009-08-07,0.6,Lake_Bilancino
2009-08-08,2.5,Lake_Bilancino
2009-08-09,2.86,Lake_Bilancino
2009-08-10,3.0,Lake_Bilancino
2009-08-11,0.6,Lake_Bilancino
2009-08-12,0.6,Lake_Bilancino
2009-09-01,3.5,Lake_Bilancino
2009-09-02,13.62,Lake_Bilancino
2009-09-03,5.8,Lake_Bilancino
2009-09-04,6.3,Lake_Bilancino
2009-09-05,0.6,Lake_Bilancino
2009-09-06,0.6,Lake_Bilancino
2009-09-07,0.6,Lake_Bilancino
2009-09-08,2.5,Lake_Bilancino
2009-09-09,3.0,Lake_Bilancino
2009-09-10,2.81,Lake_Bilancino
2009-09-11,0.6,Lake_Bilancino
2009-09-12,0.6,Lake_Bilancino
2009-10-01,3.5,Lake_Bilancino
2009-10-02,9.2,Lake_Bilancino
2009-10-03,5.8,Lake_Bilancino
2009-10-04,6.3,Lake_Bilancino
2009-10-05,0.6,Lake_Bilancino
2009-10-06,0.6,Lake_Bilancino
2009-10-07,1.09,Lake_Bilancino
2009-10-08,2.5,Lake_Bilancino
2009-10-09,3.0,Lake_Bilancino
2009-10-10,2.5,Lake_Bilancino
2009-10-11,0.6,Lake_Bilancino
2009-10-12,0.6,Lake_Bilancino
2009-11-01,3.5,Lake_Bilancino
2009-11-02,9.8,Lake_Bilancino
2009-11-03,5.8,Lake_Bilancino
2009-11-04,6.3,Lake_Bilancino
2009-11-05,0.6,Lake_Bilancino
2009-11-06,0.6,Lake_Bilancino
2009-11-07,1.5,Lake_Bilancino
2009-11-08,2.5,Lake_Bilancino
2009-11-09,2.81,Lake_Bilancino
2009-11-10,2.5,Lake_Bilancino
2009-11-11,0.6,Lake_Bilancino
2009-11-12,0.6,Lake_Bilancino
2009-12-01,2.56,Lake_Bilancino
2009-12-02,8.1,Lake_Bilancino
2009-12-03,5.8,Lake_Bilancino
2009-12-04,6.3,Lake_Bilancino
2009-12-05,0.6,Lake_Bilancino
2009-12-06,0.6,Lake_Bilancino
2009-12-07,1.5,Lake_Bilancino
2009-12-08,2.5,Lake_Bilancino
2009-12-09,2.7,Lake_Bilancino
2009-12-10,2.5,Lake_Bilancino
2009-12-11,0.6,Lake_Bilancino
2009-12-12,0.6,Lake_Bilancino
2010-01-01,22.3,Lake_Bilancino
2010-01-02,2.0,Lake_Bilancino
2010-01-03,7.0,Lake_Bilancino
2010-01-04,2.8,Lake_Bilancino
2010-01-05,1.5,Lake_Bilancino
2010-01-06,0.75,Lake_Bilancino
2010-01-07,0.6,Lake_Bilancino
2010-01-08,2.0,Lake_Bilancino
2010-01-09,3.0,Lake_Bilancino
2010-01-10,3.0,Lake_Bilancino
2010-01-11,2.7,Lake_Bilancino
2010-01-12,7.5,Lake_Bilancino
2010-02-01,23.5,Lake_Bilancino
2010-02-02,2.0,Lake_Bilancino
2010-02-03,6.3,Lake_Bilancino
2010-02-04,2.8,Lake_Bilancino
2010-02-05,1.5,Lake_Bilancino
2010-02-06,0.6,Lake_Bilancino
2010-02-07,0.6,Lake_Bilancino
2010-02-08,2.0,Lake_Bilancino
2010-02-09,3.0,Lake_Bilancino
2010-02-10,3.0,Lake_Bilancino
2010-02-11,2.7,Lake_Bilancino
2010-02-12,7.5,Lake_Bilancino
2010-03-01,17.9,Lake_Bilancino
2010-03-02,2.0,Lake_Bilancino
2010-03-03,4.6,Lake_Bilancino
2010-03-04,2.8,Lake_Bilancino
2010-03-05,2.8,Lake_Bilancino
2010-03-06,0.6,Lake_Bilancino
2010-03-07,0.6,Lake_Bilancino
2010-03-08,2.32,Lake_Bilancino
2010-03-09,3.0,Lake_Bilancino
2010-03-10,3.0,Lake_Bilancino
2010-03-11,2.7,Lake_Bilancino
2010-03-12,7.5,Lake_Bilancino
2010-04-01,7.6,Lake_Bilancino
2010-04-02,2.0,Lake_Bilancino
2010-04-03,21.0,Lake_Bilancino
2010-04-04,2.8,Lake_Bilancino
2010-04-05,6.9,Lake_Bilancino
2010-04-06,0.6,Lake_Bilancino
2010-04-07,0.6,Lake_Bilancino
2010-04-08,2.5,Lake_Bilancino
2010-04-09,3.0,Lake_Bilancino
2010-04-10,3.0,Lake_Bilancino
2010-04-11,2.7,Lake_Bilancino
2010-04-12,7.5,Lake_Bilancino
2010-05-01,7.6,Lake_Bilancino
2010-05-02,2.32,Lake_Bilancino
2010-05-03,14.5,Lake_Bilancino
2010-05-04,7.0,Lake_Bilancino
2010-05-05,7.9,Lake_Bilancino
2010-05-06,0.6,Lake_Bilancino
2010-05-07,0.6,Lake_Bilancino
2010-05-08,2.5,Lake_Bilancino
2010-05-09,3.0,Lake_Bilancino
2010-05-10,3.0,Lake_Bilancino
2010-05-11,2.7,Lake_Bilancino
2010-05-12,7.5,Lake_Bilancino
2010-06-01,6.8,Lake_Bilancino
2010-06-02,2.8,Lake_Bilancino
2010-06-03,9.1,Lake_Bilancino
2010-06-04,9.1,Lake_Bilancino
2010-06-05,10.5,Lake_Bilancino
2010-06-06,0.6,Lake_Bilancino
2010-06-07,0.6,Lake_Bilancino
2010-06-08,2.5,Lake_Bilancino
2010-06-09,3.0,Lake_Bilancino
2010-06-10,3.0,Lake_Bilancino
2010-06-11,2.7,Lake_Bilancino
2010-06-12,44.2,Lake_Bilancino
2010-07-01,4.52,Lake_Bilancino
2010-07-02,2.8,Lake_Bilancino
2010-07-03,6.3,Lake_Bilancino
2010-07-04,6.7,Lake_Bilancino
2010-07-05,8.8,Lake_Bilancino
2010-07-06,0.6,Lake_Bilancino
2010-07-07,0.6,Lake_Bilancino
2010-07-08,2.5,Lake_Bilancino
2010-07-09,3.0,Lake_Bilancino
2010-07-10,3.0,Lake_Bilancino
2010-07-11,2.7,Lake_Bilancino
2010-07-12,25.4,Lake_Bilancino
2010-08-01,5.17,Lake_Bilancino
2010-08-02,3.35,Lake_Bilancino
2010-08-03,5.2,Lake_Bilancino
2010-08-04,6.0,Lake_Bilancino
2010-08-05,7.4,Lake_Bilancino
2010-08-06,0.6,Lake_Bilancino
2010-08-07,0.6,Lake_Bilancino
2010-08-08,2.5,Lake_Bilancino
2010-08-09,3.0,Lake_Bilancino
2010-08-10,3.0,Lake_Bilancino
2010-08-11,2.7,Lake_Bilancino
2010-08-12,17.3,Lake_Bilancino
2010-09-01,9.7,Lake_Bilancino
2010-09-02,4.1,Lake_Bilancino
2010-09-03,4.6,Lake_Bilancino
2010-09-04,4.8,Lake_Bilancino
2010-09-05,7.0,Lake_Bilancino
2010-09-06,0.6,Lake_Bilancino
2010-09-07,0.6,Lake_Bilancino
2010-09-08,2.5,Lake_Bilancino
2010-09-09,3.0,Lake_Bilancino
2010-09-10,3.0,Lake_Bilancino
2010-09-11,2.7,Lake_Bilancino
2010-09-12,10.4,Lake_Bilancino
2010-10-01,21.6,Lake_Bilancino
2010-10-02,4.1,Lake_Bilancino
2010-10-03,4.1,Lake_Bilancino
2010-10-04,4.7,Lake_Bilancino
2010-10-05,5.54,Lake_Bilancino
2010-10-06,0.6,Lake_Bilancino
2010-10-07,0.6,Lake_Bilancino
2010-10-08,2.5,Lake_Bilancino
2010-10-09,3.0,Lake_Bilancino
2010-10-10,3.0,Lake_Bilancino
2010-10-11,2.7,Lake_Bilancino
2010-10-12,8.11,Lake_Bilancino
2010-11-01,12.4,Lake_Bilancino
2010-11-02,4.1,Lake_Bilancino
2010-11-03,3.8,Lake_Bilancino
2010-11-04,4.7,Lake_Bilancino
2010-11-05,5.75,Lake_Bilancino
2010-11-06,0.6,Lake_Bilancino
2010-11-07,0.6,Lake_Bilancino
2010-11-08,2.5,Lake_Bilancino
2010-11-09,3.0,Lake_Bilancino
2010-11-10,2.81,Lake_Bilancino
2010-11-11,2.7,Lake_Bilancino
2010-11-12,7.5,Lake_Bilancino
2010-12-01,9.2,Lake_Bilancino
2010-12-02,4.1,Lake_Bilancino
2010-12-03,3.2,Lake_Bilancino
2010-12-04,4.7,Lake_Bilancino
2010-12-05,5.6,Lake_Bilancino
2010-12-06,0.6,Lake_Bilancino
2010-12-07,0.6,Lake_Bilancino
2010-12-08,2.5,Lake_Bilancino
2010-12-09,3.0,Lake_Bilancino
2010-12-10,2.7,Lake_Bilancino
2010-12-11,2.7,Lake_Bilancino
2010-12-12,7.5,Lake_Bilancino
2011-01-01,7.5,Lake_Bilancino
2011-01-02,0.6,Lake_Bilancino
2011-01-03,0.6,Lake_Bilancino
2011-01-04,7.6,Lake_Bilancino
2011-01-05,0.6,Lake_Bilancino
2011-01-06,0.6,Lake_Bilancino
2011-01-07,0.6,Lake_Bilancino
2011-01-08,2.0,Lake_Bilancino
2011-01-09,3.5,Lake_Bilancino
2011-01-10,3.5,Lake_Bilancino
2011-01-11,2.0,Lake_Bilancino
2011-01-12,1.0,Lake_Bilancino
2011-02-01,7.5,Lake_Bilancino
2011-02-02,0.6,Lake_Bilancino
2011-02-03,0.6,Lake_Bilancino
2011-02-04,5.7,Lake_Bilancino
2011-02-05,0.6,Lake_Bilancino
2011-02-06,0.6,Lake_Bilancino
2011-02-07,0.6,Lake_Bilancino
2011-02-08,2.0,Lake_Bilancino
2011-02-09,3.5,Lake_Bilancino
2011-02-10,3.5,Lake_Bilancino
2011-02-11,2.0,Lake_Bilancino
2011-02-12,1.0,Lake_Bilancino
2011-03-01,7.5,Lake_Bilancino
2011-03-02,0.6,Lake_Bilancino
2011-03-03,0.6,Lake_Bilancino
2011-03-04,5.7,Lake_Bilancino
2011-03-05,0.6,Lake_Bilancino
2011-03-06,0.6,Lake_Bilancino
2011-03-07,0.6,Lake_Bilancino
2011-03-08,2.5,Lake_Bilancino
2011-03-09,3.5,Lake_Bilancino
2011-03-10,3.5,Lake_Bilancino
2011-03-11,2.0,Lake_Bilancino
2011-03-12,1.0,Lake_Bilancino
2011-04-01,7.5,Lake_Bilancino
2011-04-02,0.6,Lake_Bilancino
2011-04-03,0.6,Lake_Bilancino
2011-04-04,5.7,Lake_Bilancino
2011-04-05,0.6,Lake_Bilancino
2011-04-06,0.6,Lake_Bilancino
2011-04-07,0.6,Lake_Bilancino
2011-04-08,2.5,Lake_Bilancino
2011-04-09,3.5,Lake_Bilancino
2011-04-10,3.5,Lake_Bilancino
2011-04-11,2.0,Lake_Bilancino
2011-04-12,1.0,Lake_Bilancino
2011-05-01,7.5,Lake_Bilancino
2011-05-02,0.6,Lake_Bilancino
2011-05-03,0.6,Lake_Bilancino
2011-05-04,5.7,Lake_Bilancino
2011-05-05,0.6,Lake_Bilancino
2011-05-06,0.6,Lake_Bilancino
2011-05-07,0.6,Lake_Bilancino
2011-05-08,2.5,Lake_Bilancino
2011-05-09,3.5,Lake_Bilancino
2011-05-10,3.5,Lake_Bilancino
2011-05-11,2.0,Lake_Bilancino
2011-05-12,0.8,Lake_Bilancino
2011-06-01,7.5,Lake_Bilancino
2011-06-02,0.6,Lake_Bilancino
2011-06-03,0.6,Lake_Bilancino
2011-06-04,5.7,Lake_Bilancino
2011-06-05,0.6,Lake_Bilancino
2011-06-06,0.6,Lake_Bilancino
2011-06-07,0.6,Lake_Bilancino
2011-06-08,2.5,Lake_Bilancino
2011-06-09,3.5,Lake_Bilancino
2011-06-10,3.5,Lake_Bilancino
2011-06-11,2.0,Lake_Bilancino
2011-06-12,0.6,Lake_Bilancino
2011-07-01,7.5,Lake_Bilancino
2011-07-02,0.6,Lake_Bilancino
2011-07-03,1.18,Lake_Bilancino
2011-07-04,2.0,Lake_Bilancino
2011-07-05,0.6,Lake_Bilancino
2011-07-06,0.6,Lake_Bilancino
2011-07-07,0.6,Lake_Bilancino
2011-07-08,2.5,Lake_Bilancino
2011-07-09,3.5,Lake_Bilancino
2011-07-10,3.5,Lake_Bilancino
2011-07-11,2.0,Lake_Bilancino
2011-07-12,0.6,Lake_Bilancino
2011-08-01,7.5,Lake_Bilancino
2011-08-02,0.6,Lake_Bilancino
2011-08-03,2.27,Lake_Bilancino
2011-08-04,2.0,Lake_Bilancino
2011-08-05,0.6,Lake_Bilancino
2011-08-06,0.6,Lake_Bilancino
2011-08-07,0.6,Lake_Bilancino
2011-08-08,2.5,Lake_Bilancino
2011-08-09,3.5,Lake_Bilancino
2011-08-10,3.5,Lake_Bilancino
2011-08-11,1.3,Lake_Bilancino
2011-08-12,0.6,Lake_Bilancino
2011-09-01,7.5,Lake_Bilancino
2011-09-02,0.6,Lake_Bilancino
2011-09-03,2.7,Lake_Bilancino
2011-09-04,2.0,Lake_Bilancino
2011-09-05,0.6,Lake_Bilancino
2011-09-06,0.6,Lake_Bilancino
2011-09-07,0.6,Lake_Bilancino
2011-09-08,2.5,Lake_Bilancino
2011-09-09,3.5,Lake_Bilancino
2011-09-10,3.5,Lake_Bilancino
2011-09-11,0.6,Lake_Bilancino
2011-09-12,0.6,Lake_Bilancino
2011-10-01,7.5,Lake_Bilancino
2011-10-02,0.6,Lake_Bilancino
2011-10-03,5.86,Lake_Bilancino
2011-10-04,2.0,Lake_Bilancino
2011-10-05,0.6,Lake_Bilancino
2011-10-06,0.6,Lake_Bilancino
2011-10-07,0.6,Lake_Bilancino
2011-10-08,2.5,Lake_Bilancino
2011-10-09,3.5,Lake_Bilancino
2011-10-10,3.5,Lake_Bilancino
2011-10-11,0.6,Lake_Bilancino
2011-10-12,0.6,Lake_Bilancino
2011-11-01,7.5,Lake_Bilancino
2011-11-02,0.6,Lake_Bilancino
2011-11-03,7.6,Lake_Bilancino
2011-11-04,2.0,Lake_Bilancino
2011-11-05,0.6,Lake_Bilancino
2011-11-06,0.6,Lake_Bilancino
2011-11-07,0.94,Lake_Bilancino
2011-11-08,2.5,Lake_Bilancino
2011-11-09,3.5,Lake_Bilancino
2011-11-10,3.5,Lake_Bilancino
2011-11-11,0.82,Lake_Bilancino
2011-11-12,0.6,Lake_Bilancino
2011-12-01,7.5,Lake_Bilancino
2011-12-02,0.6,Lake_Bilancino
2011-12-03,7.6,Lake_Bilancino
2011-12-04,2.0,Lake_Bilancino
2011-12-05,0.6,Lake_Bilancino
2011-12-06,0.6,Lake_Bilancino
2011-12-07,1.5,Lake_Bilancino
2011-12-08,3.0,Lake_Bilancino
2011-12-09,3.5,Lake_Bilancino
2011-12-10,3.5,Lake_Bilancino
2011-12-11,1.5,Lake_Bilancino
2011-12-12,0.6,Lake_Bilancino
2012-01-01,0.6,Lake_Bilancino
2012-01-02,0.6,Lake_Bilancino
2012-01-03,0.6,Lake_Bilancino
2012-01-04,0.45,Lake_Bilancino
2012-01-05,0.45,Lake_Bilancino
2012-01-06,0.45,Lake_Bilancino
2012-01-07,0.45,Lake_Bilancino
2012-01-08,1.5,Lake_Bilancino
2012-01-09,2.0,Lake_Bilancino
2012-01-10,1.0,Lake_Bilancino
2012-01-11,0.6,Lake_Bilancino
2012-01-12,0.6,Lake_Bilancino
2012-02-01,0.6,Lake_Bilancino
2012-02-02,0.6,Lake_Bilancino
2012-02-03,0.6,Lake_Bilancino
2012-02-04,0.45,Lake_Bilancino
2012-02-05,0.45,Lake_Bilancino
2012-02-06,0.45,Lake_Bilancino
2012-02-07,0.45,Lake_Bilancino
2012-02-08,1.5,Lake_Bilancino
2012-02-09,2.0,Lake_Bilancino
2012-02-10,1.0,Lake_Bilancino
2012-02-11,0.6,Lake_Bilancino
2012-02-12,0.6,Lake_Bilancino
2012-03-01,0.6,Lake_Bilancino
2012-03-02,0.6,Lake_Bilancino
2012-03-03,0.6,Lake_Bilancino
2012-03-04,0.45,Lake_Bilancino
2012-03-05,0.45,Lake_Bilancino
2012-03-06,0.45,Lake_Bilancino
2012-03-07,0.45,Lake_Bilancino
2012-03-08,1.5,Lake_Bilancino
2012-03-09,2.0,Lake_Bilancino
2012-03-10,1.0,Lake_Bilancino
2012-03-11,0.6,Lake_Bilancino
2012-03-12,0.6,Lake_Bilancino
2012-04-01,0.6,Lake_Bilancino
2012-04-02,0.6,Lake_Bilancino
2012-04-03,0.6,Lake_Bilancino
2012-04-04,0.45,Lake_Bilancino
2012-04-05,0.45,Lake_Bilancino
2012-04-06,0.45,Lake_Bilancino
2012-04-07,0.45,Lake_Bilancino
2012-04-08,1.5,Lake_Bilancino
2012-04-09,1.0,Lake_Bilancino
2012-04-10,1.0,Lake_Bilancino
2012-04-11,0.6,Lake_Bilancino
2012-04-12,0.6,Lake_Bilancino
2012-05-01,0.6,Lake_Bilancino
2012-05-02,0.6,Lake_Bilancino
2012-05-03,0.6,Lake_Bilancino
2012-05-04,0.45,Lake_Bilancino
2012-05-05,0.45,Lake_Bilancino
2012-05-06,0.45,Lake_Bilancino
2012-05-07,0.45,Lake_Bilancino
2012-05-08,1.5,Lake_Bilancino
2012-05-09,1.0,Lake_Bilancino
2012-05-10,1.0,Lake_Bilancino
2012-05-11,0.6,Lake_Bilancino
2012-05-12,0.6,Lake_Bilancino
2012-06-01,0.6,Lake_Bilancino
2012-06-02,0.6,Lake_Bilancino
2012-06-03,0.6,Lake_Bilancino
2012-06-04,0.45,Lake_Bilancino
2012-06-05,0.45,Lake_Bilancino
2012-06-06,0.45,Lake_Bilancino
2012-06-07,0.45,Lake_Bilancino
2012-06-08,1.5,Lake_Bilancino
2012-06-09,1.0,Lake_Bilancino
2012-06-10,1.0,Lake_Bilancino
2012-06-11,0.6,Lake_Bilancino
2012-06-12,0.6,Lake_Bilancino
2012-07-01,0.6,Lake_Bilancino
2012-07-02,0.6,Lake_Bilancino
2012-07-03,0.6,Lake_Bilancino
2012-07-04,0.45,Lake_Bilancino
2012-07-05,0.45,Lake_Bilancino
2012-07-06,0.45,Lake_Bilancino
2012-07-07,0.45,Lake_Bilancino
2012-07-08,2.0,Lake_Bilancino
2012-07-09,1.5,Lake_Bilancino
2012-07-10,2.0,Lake_Bilancino
2012-07-11,0.6,Lake_Bilancino
2012-07-12,0.6,Lake_Bilancino
2012-08-01,0.6,Lake_Bilancino
2012-08-02,0.6,Lake_Bilancino
2012-08-03,0.6,Lake_Bilancino
2012-08-04,0.45,Lake_Bilancino
2012-08-05,0.45,Lake_Bilancino
2012-08-06,0.45,Lake_Bilancino
2012-08-07,0.45,Lake_Bilancino
2012-08-08,2.0,Lake_Bilancino
2012-08-09,1.5,Lake_Bilancino
2012-08-10,1.5,Lake_Bilancino
2012-08-11,0.6,Lake_Bilancino
2012-08-12,0.6,Lake_Bilancino
2012-09-01,0.6,Lake_Bilancino
2012-09-02,0.6,Lake_Bilancino
2012-09-03,0.6,Lake_Bilancino
2012-09-04,0.45,Lake_Bilancino
2012-09-05,0.45,Lake_Bilancino
2012-09-06,0.45,Lake_Bilancino
2012-09-07,0.45,Lake_Bilancino
2012-09-08,2.0,Lake_Bilancino
2012-09-09,1.5,Lake_Bilancino
2012-09-10,1.0,Lake_Bilancino
2012-09-11,0.6,Lake_Bilancino
2012-09-12,0.6,Lake_Bilancino
2012-10-01,0.6,Lake_Bilancino
2012-10-02,0.6,Lake_Bilancino
2012-10-03,0.6,Lake_Bilancino
2012-10-04,0.45,Lake_Bilancino
2012-10-05,0.45,Lake_Bilancino
2012-10-06,0.45,Lake_Bilancino
2012-10-07,1.0,Lake_Bilancino
2012-10-08,2.0,Lake_Bilancino
2012-10-09,2.5,Lake_Bilancino
2012-10-10,1.0,Lake_Bilancino
2012-10-11,0.6,Lake_Bilancino
2012-10-12,0.6,Lake_Bilancino
2012-11-01,0.6,Lake_Bilancino
2012-11-02,0.6,Lake_Bilancino
2012-11-03,0.6,Lake_Bilancino
2012-11-04,0.45,Lake_Bilancino
2012-11-05,0.45,Lake_Bilancino
2012-11-06,0.45,Lake_Bilancino
2012-11-07,1.0,Lake_Bilancino
2012-11-08,2.0,Lake_Bilancino
2012-11-09,2.5,Lake_Bilancino
2012-11-10,1.0,Lake_Bilancino
2012-11-11,0.6,Lake_Bilancino
2012-11-12,0.6,Lake_Bilancino
2012-12-01,0.6,Lake_Bilancino
2012-12-02,0.6,Lake_Bilancino
2012-12-03,0.6,Lake_Bilancino
2012-12-04,0.45,Lake_Bilancino
2012-12-05,0.45,Lake_Bilancino
2012-12-06,0.45,Lake_Bilancino
2012-12-07,1.0,Lake_Bilancino
2012-12-08,2.0,Lake_Bilancino
2012-12-09,3.0,Lake_Bilancino
2012-12-10,1.0,Lake_Bilancino
2012-12-11,0.6,Lake_Bilancino
2012-12-12,0.6,Lake_Bilancino
2013-01-01,1.5,Lake_Bilancino
2013-01-02,7.2,Lake_Bilancino
2013-01-03,2.5,Lake_Bilancino
2013-01-04,15.23,Lake_Bilancino
2013-01-05,1.0,Lake_Bilancino
2013-01-06,4.0,Lake_Bilancino
2013-01-07,0.6,Lake_Bilancino
2013-01-08,1.5,Lake_Bilancino
2013-01-09,3.5,Lake_Bilancino
2013-01-10,3.0,Lake_Bilancino
2013-01-11,5.0,Lake_Bilancino
2013-01-12,0.6,Lake_Bilancino
2013-02-01,1.0,Lake_Bilancino
2013-02-02,7.2,Lake_Bilancino
2013-02-03,5.0,Lake_Bilancino
2013-02-04,14.9,Lake_Bilancino
2013-02-05,1.0,Lake_Bilancino
2013-02-06,4.0,Lake_Bilancino
2013-02-07,0.6,Lake_Bilancino
2013-02-08,1.5,Lake_Bilancino
2013-02-09,3.5,Lake_Bilancino
2013-02-10,3.0,Lake_Bilancino
2013-02-11,5.0,Lake_Bilancino
2013-02-12,0.6,Lake_Bilancino
2013-03-01,1.0,Lake_Bilancino
2013-03-02,7.2,Lake_Bilancino
2013-03-03,7.0,Lake_Bilancino
2013-03-04,11.98,Lake_Bilancino
2013-03-05,1.0,Lake_Bilancino
2013-03-06,4.0,Lake_Bilancino
2013-03-07,0.6,Lake_Bilancino
2013-03-08,2.5,Lake_Bilancino
2013-03-09,3.5,Lake_Bilancino
2013-03-10,3.0,Lake_Bilancino
2013-03-11,5.0,Lake_Bilancino
2013-03-12,0.6,Lake_Bilancino
2013-04-01,1.0,Lake_Bilancino
2013-04-02,7.2,Lake_Bilancino
2013-04-03,7.2,Lake_Bilancino
2013-04-04,9.06,Lake_Bilancino
2013-04-05,1.0,Lake_Bilancino
2013-04-06,4.0,Lake_Bilancino
2013-04-07,0.6,Lake_Bilancino
2013-04-08,2.5,Lake_Bilancino
2013-04-09,3.5,Lake_Bilancino
2013-04-10,3.0,Lake_Bilancino
2013-04-11,1.5,Lake_Bilancino
2013-04-12,0.6,Lake_Bilancino
2013-05-01,0.6,Lake_Bilancino
2013-05-02,7.2,Lake_Bilancino
2013-05-03,7.2,Lake_Bilancino
2013-05-04,9.69,Lake_Bilancino
2013-05-05,1.0,Lake_Bilancino
2013-05-06,4.0,Lake_Bilancino
2013-05-07,0.6,Lake_Bilancino
2013-05-08,2.5,Lake_Bilancino
2013-05-09,3.5,Lake_Bilancino
2013-05-10,3.0,Lake_Bilancino
2013-05-11,1.5,Lake_Bilancino
2013-05-12,0.6,Lake_Bilancino
2013-06-01,0.6,Lake_Bilancino
2013-06-02,7.2,Lake_Bilancino
2013-06-03,7.2,Lake_Bilancino
2013-06-04,9.55,Lake_Bilancino
2013-06-05,1.5,Lake_Bilancino
2013-06-06,4.0,Lake_Bilancino
2013-06-07,1.0,Lake_Bilancino
2013-06-08,2.5,Lake_Bilancino
2013-06-09,3.5,Lake_Bilancino
2013-06-10,3.0,Lake_Bilancino
2013-06-11,1.5,Lake_Bilancino
2013-06-12,0.6,Lake_Bilancino
2013-07-01,0.6,Lake_Bilancino
2013-07-02,7.2,Lake_Bilancino
2013-07-03,15.8,Lake_Bilancino
2013-07-04,7.8,Lake_Bilancino
2013-07-05,1.0,Lake_Bilancino
2013-07-06,2.0,Lake_Bilancino
2013-07-07,1.0,Lake_Bilancino
2013-07-08,3.0,Lake_Bilancino
2013-07-09,3.5,Lake_Bilancino
2013-07-10,3.0,Lake_Bilancino
2013-07-11,1.5,Lake_Bilancino
2013-07-12,0.6,Lake_Bilancino
2013-08-01,0.6,Lake_Bilancino
2013-08-02,7.2,Lake_Bilancino
2013-08-03,22.25,Lake_Bilancino
2013-08-04,7.3,Lake_Bilancino
2013-08-05,1.0,Lake_Bilancino
2013-08-06,2.0,Lake_Bilancino
2013-08-07,1.0,Lake_Bilancino
2013-08-08,3.0,Lake_Bilancino
2013-08-09,3.5,Lake_Bilancino
2013-08-10,3.0,Lake_Bilancino
2013-08-11,1.5,Lake_Bilancino
2013-08-12,0.6,Lake_Bilancino
2013-09-01,0.6,Lake_Bilancino
2013-09-02,7.2,Lake_Bilancino
2013-09-03,32.39,Lake_Bilancino
2013-09-04,7.3,Lake_Bilancino
2013-09-05,1.0,Lake_Bilancino
2013-09-06,2.0,Lake_Bilancino
2013-09-07,0.6,Lake_Bilancino
2013-09-08,3.0,Lake_Bilancino
2013-09-09,3.5,Lake_Bilancino
2013-09-10,3.0,Lake_Bilancino
2013-09-11,1.5,Lake_Bilancino
2013-09-12,0.6,Lake_Bilancino
2013-10-01,0.6,Lake_Bilancino
2013-10-02,7.2,Lake_Bilancino
2013-10-03,29.27,Lake_Bilancino
2013-10-04,7.3,Lake_Bilancino
2013-10-05,1.0,Lake_Bilancino
2013-10-06,2.0,Lake_Bilancino
2013-10-07,0.6,Lake_Bilancino
2013-10-08,3.0,Lake_Bilancino
2013-10-09,3.5,Lake_Bilancino
2013-10-10,2.6,Lake_Bilancino
2013-10-11,1.5,Lake_Bilancino
2013-10-12,0.6,Lake_Bilancino
2013-11-01,0.6,Lake_Bilancino
2013-11-02,7.2,Lake_Bilancino
2013-11-03,23.66,Lake_Bilancino
2013-11-04,7.3,Lake_Bilancino
2013-11-05,1.0,Lake_Bilancino
2013-11-06,2.0,Lake_Bilancino
2013-11-07,0.6,Lake_Bilancino
2013-11-08,3.0,Lake_Bilancino
2013-11-09,3.5,Lake_Bilancino
2013-11-10,3.0,Lake_Bilancino
2013-11-11,1.5,Lake_Bilancino
2013-11-12,0.6,Lake_Bilancino
2013-12-01,0.6,Lake_Bilancino
2013-12-02,7.2,Lake_Bilancino
2013-12-03,17.8,Lake_Bilancino
2013-12-04,7.3,Lake_Bilancino
2013-12-05,1.0,Lake_Bilancino
2013-12-06,2.0,Lake_Bilancino
2013-12-07,1.0,Lake_Bilancino
2013-12-08,3.0,Lake_Bilancino
2013-12-09,3.5,Lake_Bilancino
2013-12-10,3.0,Lake_Bilancino
2013-12-11,1.5,Lake_Bilancino
2013-12-12,0.6,Lake_Bilancino
2014-01-01,0.6,Lake_Bilancino
2014-01-02,20.56,Lake_Bilancino
2014-01-03,9.67,Lake_Bilancino
2014-01-04,7.0,Lake_Bilancino
2014-01-05,0.6,Lake_Bilancino
2014-01-06,0.6,Lake_Bilancino
2014-01-07,0.6,Lake_Bilancino
2014-01-08,0.6,Lake_Bilancino
2014-01-09,1.5,Lake_Bilancino
2014-01-10,2.0,Lake_Bilancino
2014-01-11,2.0,Lake_Bilancino
2014-01-12,7.0,Lake_Bilancino
2014-02-01,0.6,Lake_Bilancino
2014-02-02,12.65,Lake_Bilancino
2014-02-03,9.87,Lake_Bilancino
2014-02-04,5.9,Lake_Bilancino
2014-02-05,0.6,Lake_Bilancino
2014-02-06,0.6,Lake_Bilancino
2014-02-07,0.6,Lake_Bilancino
2014-02-08,0.6,Lake_Bilancino
2014-02-09,1.5,Lake_Bilancino
2014-02-10,2.0,Lake_Bilancino
2014-02-11,2.0,Lake_Bilancino
2014-02-12,7.0,Lake_Bilancino
2014-03-01,2.7,Lake_Bilancino
2014-03-02,12.62,Lake_Bilancino
2014-03-03,7.75,Lake_Bilancino
2014-03-04,7.0,Lake_Bilancino
2014-03-05,0.6,Lake_Bilancino
2014-03-06,0.6,Lake_Bilancino
2014-03-07,0.6,Lake_Bilancino
2014-03-08,0.6,Lake_Bilancino
2014-03-09,1.5,Lake_Bilancino
2014-03-10,2.0,Lake_Bilancino
2014-03-11,2.0,Lake_Bilancino
2014-03-12,7.0,Lake_Bilancino
2014-04-01,5.7,Lake_Bilancino
2014-04-02,9.95,Lake_Bilancino
2014-04-03,7.46,Lake_Bilancino
2014-04-04,3.6,Lake_Bilancino
2014-04-05,0.6,Lake_Bilancino
2014-04-06,0.6,Lake_Bilancino
2014-04-07,0.6,Lake_Bilancino
2014-04-08,0.6,Lake_Bilancino
2014-04-09,1.5,Lake_Bilancino
2014-04-10,2.0,Lake_Bilancino
2014-04-11,2.0,Lake_Bilancino
2014-04-12,7.0,Lake_Bilancino
2014-05-01,7.0,Lake_Bilancino
2014-05-02,9.97,Lake_Bilancino
2014-05-03,10.98,Lake_Bilancino
2014-05-04,2.0,Lake_Bilancino
2014-05-05,0.6,Lake_Bilancino
2014-05-06,0.6,Lake_Bilancino
2014-05-07,0.6,Lake_Bilancino
2014-05-08,0.6,Lake_Bilancino
2014-05-09,1.5,Lake_Bilancino
2014-05-10,2.0,Lake_Bilancino
2014-05-11,2.0,Lake_Bilancino
2014-05-12,7.0,Lake_Bilancino
2014-06-01,7.0,Lake_Bilancino
2014-06-02,13.48,Lake_Bilancino
2014-06-03,8.45,Lake_Bilancino
2014-06-04,2.0,Lake_Bilancino
2014-06-05,0.6,Lake_Bilancino
2014-06-06,0.6,Lake_Bilancino
2014-06-07,0.6,Lake_Bilancino
2014-06-08,0.6,Lake_Bilancino
2014-06-09,1.5,Lake_Bilancino
2014-06-10,2.0,Lake_Bilancino
2014-06-11,2.0,Lake_Bilancino
2014-06-12,7.0,Lake_Bilancino
2014-07-01,7.0,Lake_Bilancino
2014-07-02,11.23,Lake_Bilancino
2014-07-03,7.24,Lake_Bilancino
2014-07-04,2.0,Lake_Bilancino
2014-07-05,0.6,Lake_Bilancino
2014-07-06,0.6,Lake_Bilancino
2014-07-07,1.0,Lake_Bilancino
2014-07-08,1.0,Lake_Bilancino
2014-07-09,1.5,Lake_Bilancino
2014-07-10,2.0,Lake_Bilancino
2014-07-11,2.0,Lake_Bilancino
2014-07-12,7.0,Lake_Bilancino
2014-08-01,7.0,Lake_Bilancino
2014-08-02,18.65,Lake_Bilancino
2014-08-03,7.2,Lake_Bilancino
2014-08-04,5.0,Lake_Bilancino
2014-08-05,2.0,Lake_Bilancino
2014-08-06,0.6,Lake_Bilancino
2014-08-07,1.0,Lake_Bilancino
2014-08-08,1.5,Lake_Bilancino
2014-08-09,1.5,Lake_Bilancino
2014-08-10,2.0,Lake_Bilancino
2014-08-11,2.0,Lake_Bilancino
2014-08-12,7.0,Lake_Bilancino
2014-09-01,7.0,Lake_Bilancino
2014-09-02,16.01,Lake_Bilancino
2014-09-03,7.2,Lake_Bilancino
2014-09-04,5.0,Lake_Bilancino
2014-09-05,2.0,Lake_Bilancino
2014-09-06,0.6,Lake_Bilancino
2014-09-07,1.0,Lake_Bilancino
2014-09-08,1.5,Lake_Bilancino
2014-09-09,1.5,Lake_Bilancino
2014-09-10,2.0,Lake_Bilancino
2014-09-11,2.0,Lake_Bilancino
2014-09-12,7.0,Lake_Bilancino
2014-10-01,7.0,Lake_Bilancino
2014-10-02,62.99,Lake_Bilancino
2014-10-03,7.2,Lake_Bilancino
2014-10-04,2.0,Lake_Bilancino
2014-10-05,2.0,Lake_Bilancino
2014-10-06,0.6,Lake_Bilancino
2014-10-07,1.0,Lake_Bilancino
2014-10-08,1.5,Lake_Bilancino
2014-10-09,1.0,Lake_Bilancino
2014-10-10,2.0,Lake_Bilancino
2014-10-11,2.5,Lake_Bilancino
2014-10-12,7.0,Lake_Bilancino
2014-11-01,7.0,Lake_Bilancino
2014-11-02,74.65,Lake_Bilancino
2014-11-03,7.2,Lake_Bilancino
2014-11-04,2.0,Lake_Bilancino
2014-11-05,2.0,Lake_Bilancino
2014-11-06,0.6,Lake_Bilancino
2014-11-07,1.0,Lake_Bilancino
2014-11-08,1.5,Lake_Bilancino
2014-11-09,0.6,Lake_Bilancino
2014-11-10,2.0,Lake_Bilancino
2014-11-11,2.5,Lake_Bilancino
2014-11-12,7.0,Lake_Bilancino
2014-12-01,7.0,Lake_Bilancino
2014-12-02,24.91,Lake_Bilancino
2014-12-03,7.2,Lake_Bilancino
2014-12-04,2.0,Lake_Bilancino
2014-12-05,0.6,Lake_Bilancino
2014-12-06,0.6,Lake_Bilancino
2014-12-07,1.0,Lake_Bilancino
2014-12-08,1.5,Lake_Bilancino
2014-12-09,1.0,Lake_Bilancino
2014-12-10,2.0,Lake_Bilancino
2014-12-11,2.5,Lake_Bilancino
2014-12-12,1.0,Lake_Bilancino
2015-01-01,1.0,Lake_Bilancino
2015-01-02,5.5,Lake_Bilancino
2015-01-03,7.2,Lake_Bilancino
2015-01-04,7.2,Lake_Bilancino
2015-01-05,1.0,Lake_Bilancino
2015-01-06,0.6,Lake_Bilancino
2015-01-07,0.6,Lake_Bilancino
2015-01-08,3.0,Lake_Bilancino
2015-01-09,2.5,Lake_Bilancino
2015-01-10,2.5,Lake_Bilancino
2015-01-11,1.0,Lake_Bilancino
2015-01-12,1.0,Lake_Bilancino
2015-02-01,1.0,Lake_Bilancino
2015-02-02,5.5,Lake_Bilancino
2015-02-03,7.2,Lake_Bilancino
2015-02-04,7.2,Lake_Bilancino
2015-02-05,1.0,Lake_Bilancino
2015-02-06,0.6,Lake_Bilancino
2015-02-07,0.6,Lake_Bilancino
2015-02-08,3.0,Lake_Bilancino
2015-02-09,2.5,Lake_Bilancino
2015-02-10,2.5,Lake_Bilancino
2015-02-11,1.0,Lake_Bilancino
2015-02-12,1.0,Lake_Bilancino
2015-03-01,1.0,Lake_Bilancino
2015-03-02,5.5,Lake_Bilancino
2015-03-03,7.2,Lake_Bilancino
2015-03-04,5.4,Lake_Bilancino
2015-03-05,1.0,Lake_Bilancino
2015-03-06,0.6,Lake_Bilancino
2015-03-07,0.6,Lake_Bilancino
2015-03-08,3.0,Lake_Bilancino
2015-03-09,2.5,Lake_Bilancino
2015-03-10,2.5,Lake_Bilancino
2015-03-11,1.0,Lake_Bilancino
2015-03-12,1.0,Lake_Bilancino
2015-04-01,1.0,Lake_Bilancino
2015-04-02,5.5,Lake_Bilancino
2015-04-03,7.2,Lake_Bilancino
2015-04-04,5.4,Lake_Bilancino
2015-04-05,1.0,Lake_Bilancino
2015-04-06,0.6,Lake_Bilancino
2015-04-07,0.6,Lake_Bilancino
2015-04-08,3.0,Lake_Bilancino
2015-04-09,2.5,Lake_Bilancino
2015-04-10,2.5,Lake_Bilancino
2015-04-11,1.0,Lake_Bilancino
2015-04-12,1.0,Lake_Bilancino
2015-05-01,1.0,Lake_Bilancino
2015-05-02,7.2,Lake_Bilancino
2015-05-03,3.35,Lake_Bilancino
2015-05-04,5.4,Lake_Bilancino
2015-05-05,1.0,Lake_Bilancino
2015-05-06,0.6,Lake_Bilancino
2015-05-07,0.6,Lake_Bilancino
2015-05-08,3.0,Lake_Bilancino
2015-05-09,2.5,Lake_Bilancino
2015-05-10,2.5,Lake_Bilancino
2015-05-11,1.0,Lake_Bilancino
2015-05-12,1.0,Lake_Bilancino
2015-06-01,1.0,Lake_Bilancino
2015-06-02,7.2,Lake_Bilancino
2015-06-03,7.2,Lake_Bilancino
2015-06-04,5.4,Lake_Bilancino
2015-06-05,1.0,Lake_Bilancino
2015-06-06,0.6,Lake_Bilancino
2015-06-07,1.0,Lake_Bilancino
2015-06-08,3.0,Lake_Bilancino
2015-06-09,2.5,Lake_Bilancino
2015-06-10,2.5,Lake_Bilancino
2015-06-11,1.0,Lake_Bilancino
2015-06-12,1.0,Lake_Bilancino
2015-07-01,1.0,Lake_Bilancino
2015-07-02,7.2,Lake_Bilancino
2015-07-03,7.2,Lake_Bilancino
2015-07-04,5.4,Lake_Bilancino
2015-07-05,1.0,Lake_Bilancino
2015-07-06,0.6,Lake_Bilancino
2015-07-07,1.0,Lake_Bilancino
2015-07-08,3.0,Lake_Bilancino
2015-07-09,2.5,Lake_Bilancino
2015-07-10,2.5,Lake_Bilancino
2015-07-11,1.0,Lake_Bilancino
2015-07-12,1.0,Lake_Bilancino
2015-08-01,1.0,Lake_Bilancino
2015-08-02,7.2,Lake_Bilancino
2015-08-03,7.2,Lake_Bilancino
2015-08-04,5.4,Lake_Bilancino
2015-08-05,1.0,Lake_Bilancino
2015-08-06,0.6,Lake_Bilancino
2015-08-07,1.0,Lake_Bilancino
2015-08-08,3.0,Lake_Bilancino
2015-08-09,2.5,Lake_Bilancino
2015-08-10,2.5,Lake_Bilancino
2015-08-11,1.0,Lake_Bilancino
2015-08-12,1.0,Lake_Bilancino
2015-09-01,1.0,Lake_Bilancino
2015-09-02,5.5,Lake_Bilancino
2015-09-03,7.2,Lake_Bilancino
2015-09-04,1.5,Lake_Bilancino
2015-09-05,1.0,Lake_Bilancino
2015-09-06,0.6,Lake_Bilancino
2015-09-07,1.5,Lake_Bilancino
2015-09-08,3.0,Lake_Bilancino
2015-09-09,2.5,Lake_Bilancino
2015-09-10,2.5,Lake_Bilancino
2015-09-11,1.0,Lake_Bilancino
2015-09-12,0.6,Lake_Bilancino
2015-10-01,1.0,Lake_Bilancino
2015-10-02,5.5,Lake_Bilancino
2015-10-03,2.5,Lake_Bilancino
2015-10-04,1.5,Lake_Bilancino
2015-10-05,1.0,Lake_Bilancino
2015-10-06,0.6,Lake_Bilancino
2015-10-07,1.5,Lake_Bilancino
2015-10-08,3.0,Lake_Bilancino
2015-10-09,2.5,Lake_Bilancino
2015-10-10,2.5,Lake_Bilancino
2015-10-11,1.0,Lake_Bilancino
2015-10-12,0.6,Lake_Bilancino
2015-11-01,1.0,Lake_Bilancino
2015-11-02,2.5,Lake_Bilancino
2015-11-03,2.5,Lake_Bilancino
2015-11-04,1.5,Lake_Bilancino
2015-11-05,1.0,Lake_Bilancino
2015-11-06,0.6,Lake_Bilancino
2015-11-07,1.5,Lake_Bilancino
2015-11-08,1.5,Lake_Bilancino
2015-11-09,2.5,Lake_Bilancino
2015-11-10,2.5,Lake_Bilancino
2015-11-11,1.0,Lake_Bilancino
2015-11-12,0.6,Lake_Bilancino
2015-12-01,1.0,Lake_Bilancino
2015-12-02,2.5,Lake_Bilancino
2015-12-03,2.5,Lake_Bilancino
2015-12-04,1.5,Lake_Bilancino
2015-12-05,1.0,Lake_Bilancino
2015-12-06,0.6,Lake_Bilancino
2015-12-07,1.5,Lake_Bilancino
2015-12-08,1.5,Lake_Bilancino
2015-12-09,2.5,Lake_Bilancino
2015-12-10,2.5,Lake_Bilancino
2015-12-11,1.0,Lake_Bilancino
2015-12-12,0.6,Lake_Bilancino
2016-01-01,3.0,Lake_Bilancino
2016-01-02,0.6,Lake_Bilancino
2016-01-03,25.35,Lake_Bilancino
2016-01-04,0.6,Lake_Bilancino
2016-01-05,0.6,Lake_Bilancino
2016-01-06,1.5,Lake_Bilancino
2016-01-07,1.0,Lake_Bilancino
2016-01-08,2.0,Lake_Bilancino
2016-01-09,3.0,Lake_Bilancino
2016-01-10,3.0,Lake_Bilancino
2016-01-11,0.6,Lake_Bilancino
2016-01-12,0.6,Lake_Bilancino
2016-02-01,3.0,Lake_Bilancino
2016-02-02,0.6,Lake_Bilancino
2016-02-03,12.94,Lake_Bilancino
2016-02-04,0.6,Lake_Bilancino
2016-02-05,0.6,Lake_Bilancino
2016-02-06,1.5,Lake_Bilancino
2016-02-07,1.0,Lake_Bilancino
2016-02-08,2.0,Lake_Bilancino
2016-02-09,3.0,Lake_Bilancino
2016-02-10,3.0,Lake_Bilancino
2016-02-11,0.6,Lake_Bilancino
2016-02-12,0.6,Lake_Bilancino
2016-03-01,3.0,Lake_Bilancino
2016-03-02,0.6,Lake_Bilancino
2016-03-03,12.15,Lake_Bilancino
2016-03-04,0.6,Lake_Bilancino
2016-03-05,0.6,Lake_Bilancino
2016-03-06,1.5,Lake_Bilancino
2016-03-07,1.0,Lake_Bilancino
2016-03-08,2.0,Lake_Bilancino
2016-03-09,3.0,Lake_Bilancino
2016-03-10,2.0,Lake_Bilancino
2016-03-11,0.6,Lake_Bilancino
2016-03-12,0.6,Lake_Bilancino
2016-04-01,3.0,Lake_Bilancino
2016-04-02,0.6,Lake_Bilancino
2016-04-03,10.69,Lake_Bilancino
2016-04-04,0.6,Lake_Bilancino
2016-04-05,0.6,Lake_Bilancino
2016-04-06,1.5,Lake_Bilancino
2016-04-07,1.0,Lake_Bilancino
2016-04-08,2.0,Lake_Bilancino
2016-04-09,3.0,Lake_Bilancino
2016-04-10,2.0,Lake_Bilancino
2016-04-11,0.6,Lake_Bilancino
2016-04-12,0.6,Lake_Bilancino
2016-05-01,3.0,Lake_Bilancino
2016-05-02,0.6,Lake_Bilancino
2016-05-03,12.16,Lake_Bilancino
2016-05-04,0.6,Lake_Bilancino
2016-05-05,0.6,Lake_Bilancino
2016-05-06,1.5,Lake_Bilancino
2016-05-07,1.0,Lake_Bilancino
2016-05-08,2.0,Lake_Bilancino
2016-05-09,3.0,Lake_Bilancino
2016-05-10,2.0,Lake_Bilancino
2016-05-11,0.6,Lake_Bilancino
2016-05-12,0.6,Lake_Bilancino
2016-06-01,3.0,Lake_Bilancino
2016-06-02,0.6,Lake_Bilancino
2016-06-03,21.93,Lake_Bilancino
2016-06-04,0.6,Lake_Bilancino
2016-06-05,0.6,Lake_Bilancino
2016-06-06,1.0,Lake_Bilancino
2016-06-07,1.0,Lake_Bilancino
2016-06-08,2.0,Lake_Bilancino
2016-06-09,3.0,Lake_Bilancino
2016-06-10,2.0,Lake_Bilancino
2016-06-11,0.6,Lake_Bilancino
2016-06-12,0.6,Lake_Bilancino
2016-07-01,0.6,Lake_Bilancino
2016-07-02,0.6,Lake_Bilancino
2016-07-03,15.99,Lake_Bilancino
2016-07-04,0.6,Lake_Bilancino
2016-07-05,0.6,Lake_Bilancino
2016-07-06,1.0,Lake_Bilancino
2016-07-07,1.0,Lake_Bilancino
2016-07-08,2.0,Lake_Bilancino
2016-07-09,3.0,Lake_Bilancino
2016-07-10,2.0,Lake_Bilancino
2016-07-11,0.6,Lake_Bilancino
2016-07-12,0.6,Lake_Bilancino
2016-08-01,0.6,Lake_Bilancino
2016-08-02,0.6,Lake_Bilancino
2016-08-03,11.78,Lake_Bilancino
2016-08-04,0.6,Lake_Bilancino
2016-08-05,0.6,Lake_Bilancino
2016-08-06,1.0,Lake_Bilancino
2016-08-07,1.0,Lake_Bilancino
2016-08-08,2.0,Lake_Bilancino
2016-08-09,3.0,Lake_Bilancino
2016-08-10,2.0,Lake_Bilancino
2016-08-11,0.6,Lake_Bilancino
2016-08-12,0.6,Lake_Bilancino
2016-09-01,0.6,Lake_Bilancino
2016-09-02,0.6,Lake_Bilancino
2016-09-03,10.51,Lake_Bilancino
2016-09-04,0.6,Lake_Bilancino
2016-09-05,0.6,Lake_Bilancino
2016-09-06,1.0,Lake_Bilancino
2016-09-07,1.0,Lake_Bilancino
2016-09-08,2.0,Lake_Bilancino
2016-09-09,3.0,Lake_Bilancino
2016-09-10,2.0,Lake_Bilancino
2016-09-11,0.6,Lake_Bilancino
2016-09-12,0.6,Lake_Bilancino
2016-10-01,0.6,Lake_Bilancino
2016-10-02,2.7,Lake_Bilancino
2016-10-03,8.69,Lake_Bilancino
2016-10-04,0.6,Lake_Bilancino
2016-10-05,0.6,Lake_Bilancino
2016-10-06,1.0,Lake_Bilancino
2016-10-07,1.0,Lake_Bilancino
2016-10-08,2.0,Lake_Bilancino
2016-10-09,3.0,Lake_Bilancino
2016-10-10,2.0,Lake_Bilancino
2016-10-11,0.6,Lake_Bilancino
2016-10-12,0.6,Lake_Bilancino
2016-11-01,0.6,Lake_Bilancino
2016-11-02,7.5,Lake_Bilancino
2016-11-03,7.69,Lake_Bilancino
2016-11-04,0.6,Lake_Bilancino
2016-11-05,0.6,Lake_Bilancino
2016-11-06,1.0,Lake_Bilancino
2016-11-07,1.0,Lake_Bilancino
2016-11-08,2.0,Lake_Bilancino
2016-11-09,3.0,Lake_Bilancino
2016-11-10,2.0,Lake_Bilancino
2016-11-11,0.6,Lake_Bilancino
2016-11-12,0.6,Lake_Bilancino
2016-12-01,0.6,Lake_Bilancino
2016-12-02,7.5,Lake_Bilancino
2016-12-03,7.5,Lake_Bilancino
2016-12-04,0.6,Lake_Bilancino
2016-12-05,0.6,Lake_Bilancino
2016-12-06,1.0,Lake_Bilancino
2016-12-07,2.0,Lake_Bilancino
2016-12-08,2.0,Lake_Bilancino
2016-12-09,3.0,Lake_Bilancino
2016-12-10,2.0,Lake_Bilancino
2016-12-11,0.6,Lake_Bilancino
2016-12-12,0.6,Lake_Bilancino
2017-01-01,0.6,Lake_Bilancino
2017-01-02,0.6,Lake_Bilancino
2017-01-03,1.0,Lake_Bilancino
2017-01-04,0.6,Lake_Bilancino
2017-01-05,0.6,Lake_Bilancino
2017-01-06,0.6,Lake_Bilancino
2017-01-07,1.0,Lake_Bilancino
2017-01-08,1.5,Lake_Bilancino
2017-01-09,2.5,Lake_Bilancino
2017-01-10,1.0,Lake_Bilancino
2017-01-11,1.0,Lake_Bilancino
2017-01-12,1.0,Lake_Bilancino
2017-02-01,0.6,Lake_Bilancino
2017-02-02,0.6,Lake_Bilancino
2017-02-03,5.0,Lake_Bilancino
2017-02-04,0.6,Lake_Bilancino
2017-02-05,0.6,Lake_Bilancino
2017-02-06,0.6,Lake_Bilancino
2017-02-07,1.0,Lake_Bilancino
2017-02-08,1.5,Lake_Bilancino
2017-02-09,2.5,Lake_Bilancino
2017-02-10,2.5,Lake_Bilancino
2017-02-11,1.0,Lake_Bilancino
2017-02-12,1.0,Lake_Bilancino
2017-03-01,0.6,Lake_Bilancino
2017-03-02,0.6,Lake_Bilancino
2017-03-03,7.0,Lake_Bilancino
2017-03-04,0.6,Lake_Bilancino
2017-03-05,0.6,Lake_Bilancino
2017-03-06,0.6,Lake_Bilancino
2017-03-07,1.0,Lake_Bilancino
2017-03-08,1.5,Lake_Bilancino
2017-03-09,2.5,Lake_Bilancino
2017-03-10,2.0,Lake_Bilancino
2017-03-11,1.0,Lake_Bilancino
2017-03-12,1.0,Lake_Bilancino
2017-04-01,0.6,Lake_Bilancino
2017-04-02,0.6,Lake_Bilancino
2017-04-03,7.0,Lake_Bilancino
2017-04-04,0.6,Lake_Bilancino
2017-04-05,0.6,Lake_Bilancino
2017-04-06,0.6,Lake_Bilancino
2017-04-07,1.0,Lake_Bilancino
2017-04-08,1.5,Lake_Bilancino
2017-04-09,2.5,Lake_Bilancino
2017-04-10,1.0,Lake_Bilancino
2017-04-11,1.0,Lake_Bilancino
2017-04-12,1.0,Lake_Bilancino
2017-05-01,0.6,Lake_Bilancino
2017-05-02,0.6,Lake_Bilancino
2017-05-03,7.0,Lake_Bilancino
2017-05-04,0.6,Lake_Bilancino
2017-05-05,0.6,Lake_Bilancino
2017-05-06,0.6,Lake_Bilancino
2017-05-07,1.0,Lake_Bilancino
2017-05-08,2.0,Lake_Bilancino
2017-05-09,2.5,Lake_Bilancino
2017-05-10,1.0,Lake_Bilancino
2017-05-11,1.0,Lake_Bilancino
2017-05-12,1.0,Lake_Bilancino
2017-06-01,0.6,Lake_Bilancino
2017-06-02,5.0,Lake_Bilancino
2017-06-03,7.0,Lake_Bilancino
2017-06-04,0.6,Lake_Bilancino
2017-06-05,0.6,Lake_Bilancino
2017-06-06,0.6,Lake_Bilancino
2017-06-07,1.0,Lake_Bilancino
2017-06-08,2.0,Lake_Bilancino
2017-06-09,2.5,Lake_Bilancino
2017-06-10,1.0,Lake_Bilancino
2017-06-11,1.0,Lake_Bilancino
2017-06-12,1.0,Lake_Bilancino
2017-07-01,0.6,Lake_Bilancino
2017-07-02,5.0,Lake_Bilancino
2017-07-03,7.0,Lake_Bilancino
2017-07-04,0.6,Lake_Bilancino
2017-07-05,0.6,Lake_Bilancino
2017-07-06,0.6,Lake_Bilancino
2017-07-07,1.0,Lake_Bilancino
2017-07-08,2.0,Lake_Bilancino
2017-07-09,2.5,Lake_Bilancino
2017-07-10,1.0,Lake_Bilancino
2017-07-11,1.0,Lake_Bilancino
2017-07-12,1.0,Lake_Bilancino
2017-08-01,0.6,Lake_Bilancino
2017-08-02,5.0,Lake_Bilancino
2017-08-03,7.0,Lake_Bilancino
2017-08-04,0.6,Lake_Bilancino
2017-08-05,0.6,Lake_Bilancino
2017-08-06,0.6,Lake_Bilancino
2017-08-07,1.0,Lake_Bilancino
2017-08-08,2.0,Lake_Bilancino
2017-08-09,2.5,Lake_Bilancino
2017-08-10,1.0,Lake_Bilancino
2017-08-11,1.0,Lake_Bilancino
2017-08-12,1.0,Lake_Bilancino
2017-09-01,0.6,Lake_Bilancino
2017-09-02,5.0,Lake_Bilancino
2017-09-03,7.0,Lake_Bilancino
2017-09-04,0.6,Lake_Bilancino
2017-09-05,0.6,Lake_Bilancino
2017-09-06,0.6,Lake_Bilancino
2017-09-07,1.0,Lake_Bilancino
2017-09-08,2.0,Lake_Bilancino
2017-09-09,2.5,Lake_Bilancino
2017-09-10,1.0,Lake_Bilancino
2017-09-11,1.0,Lake_Bilancino
2017-09-12,1.0,Lake_Bilancino
2017-10-01,0.6,Lake_Bilancino
2017-10-02,5.0,Lake_Bilancino
2017-10-03,7.0,Lake_Bilancino
2017-10-04,0.6,Lake_Bilancino
2017-10-05,0.6,Lake_Bilancino
2017-10-06,0.6,Lake_Bilancino
2017-10-07,1.0,Lake_Bilancino
2017-10-08,2.0,Lake_Bilancino
2017-10-09,2.5,Lake_Bilancino
2017-10-10,1.0,Lake_Bilancino
2017-10-11,1.0,Lake_Bilancino
2017-10-12,1.0,Lake_Bilancino
2017-11-01,0.6,Lake_Bilancino
2017-11-02,5.0,Lake_Bilancino
2017-11-03,7.0,Lake_Bilancino
2017-11-04,0.6,Lake_Bilancino
2017-11-05,0.6,Lake_Bilancino
2017-11-06,0.6,Lake_Bilancino
2017-11-07,1.0,Lake_Bilancino
2017-11-08,2.0,Lake_Bilancino
2017-11-09,2.5,Lake_Bilancino
2017-11-10,1.0,Lake_Bilancino
2017-11-11,1.0,Lake_Bilancino
2017-11-12,1.0,Lake_Bilancino
2017-12-01,0.6,Lake_Bilancino
2017-12-02,5.0,Lake_Bilancino
2017-12-03,7.0,Lake_Bilancino
2017-12-04,0.6,Lake_Bilancino
2017-12-05,0.6,Lake_Bilancino
2017-12-06,0.6,Lake_Bilancino
2017-12-07,1.0,Lake_Bilancino
2017-12-08,2.0,Lake_Bilancino
2017-12-09,1.5,Lake_Bilancino
2017-12-10,1.0,Lake_Bilancino
2017-12-11,1.0,Lake_Bilancino
2017-12-12,1.0,Lake_Bilancino
2018-01-01,6.47,Lake_Bilancino
2018-01-02,0.6,Lake_Bilancino
2018-01-03,7.2,Lake_Bilancino
2018-01-04,1.0,Lake_Bilancino
2018-01-05,1.0,Lake_Bilancino
2018-01-06,0.6,Lake_Bilancino
2018-01-07,0.6,Lake_Bilancino
2018-01-08,2.0,Lake_Bilancino
2018-01-09,3.0,Lake_Bilancino
2018-01-10,3.0,Lake_Bilancino
2018-01-11,0.6,Lake_Bilancino
2018-01-12,0.6,Lake_Bilancino
2018-02-01,12.1,Lake_Bilancino
2018-02-02,0.6,Lake_Bilancino
2018-02-03,7.2,Lake_Bilancino
2018-02-04,1.0,Lake_Bilancino
2018-02-05,1.0,Lake_Bilancino
2018-02-06,0.6,Lake_Bilancino
2018-02-07,0.6,Lake_Bilancino
2018-02-08,2.0,Lake_Bilancino
2018-02-09,3.0,Lake_Bilancino
2018-02-10,3.0,Lake_Bilancino
2018-02-11,0.6,Lake_Bilancino
2018-02-12,0.6,Lake_Bilancino
2018-03-01,11.42,Lake_Bilancino
2018-03-02,7.2,Lake_Bilancino
2018-03-03,8.55,Lake_Bilancino
2018-03-04,1.0,Lake_Bilancino
2018-03-05,1.0,Lake_Bilancino
2018-03-06,0.6,Lake_Bilancino
2018-03-07,0.6,Lake_Bilancino
2018-03-08,3.0,Lake_Bilancino
2018-03-09,3.0,Lake_Bilancino
2018-03-10,3.0,Lake_Bilancino
2018-03-11,0.6,Lake_Bilancino
2018-03-12,0.6,Lake_Bilancino
2018-04-01,10.33,Lake_Bilancino
2018-04-02,7.2,Lake_Bilancino
2018-04-03,13.26,Lake_Bilancino
2018-04-04,1.0,Lake_Bilancino
2018-04-05,1.0,Lake_Bilancino
2018-04-06,0.6,Lake_Bilancino
2018-04-07,0.6,Lake_Bilancino
2018-04-08,3.0,Lake_Bilancino
2018-04-09,3.0,Lake_Bilancino
2018-04-10,3.0,Lake_Bilancino
2018-04-11,0.6,Lake_Bilancino
2018-04-12,0.6,Lake_Bilancino
2018-05-01,9.3,Lake_Bilancino
2018-05-02,7.2,Lake_Bilancino
2018-05-03,14.13,Lake_Bilancino
2018-05-04,1.0,Lake_Bilancino
2018-05-05,1.0,Lake_Bilancino
2018-05-06,0.6,Lake_Bilancino
2018-05-07,0.6,Lake_Bilancino
2018-05-08,3.0,Lake_Bilancino
2018-05-09,3.0,Lake_Bilancino
2018-05-10,2.5,Lake_Bilancino
2018-05-11,0.6,Lake_Bilancino
2018-05-12,0.6,Lake_Bilancino
2018-06-01,8.51,Lake_Bilancino
2018-06-02,7.2,Lake_Bilancino
2018-06-03,13.49,Lake_Bilancino
2018-06-04,1.0,Lake_Bilancino
2018-06-05,1.0,Lake_Bilancino
2018-06-06,0.6,Lake_Bilancino
2018-06-07,0.6,Lake_Bilancino
2018-06-08,3.0,Lake_Bilancino
2018-06-09,3.0,Lake_Bilancino
2018-06-10,2.5,Lake_Bilancino
2018-06-11,0.6,Lake_Bilancino
2018-06-12,0.6,Lake_Bilancino
2018-07-01,7.87,Lake_Bilancino
2018-07-02,7.2,Lake_Bilancino
2018-07-03,13.42,Lake_Bilancino
2018-07-04,1.0,Lake_Bilancino
2018-07-05,1.0,Lake_Bilancino
2018-07-06,0.6,Lake_Bilancino
2018-07-07,0.6,Lake_Bilancino
2018-07-08,3.0,Lake_Bilancino
2018-07-09,3.0,Lake_Bilancino
2018-07-10,2.5,Lake_Bilancino
2018-07-11,0.6,Lake_Bilancino
2018-07-12,0.6,Lake_Bilancino
2018-08-01,7.38,Lake_Bilancino
2018-08-02,7.2,Lake_Bilancino
2018-08-03,13.84,Lake_Bilancino
2018-08-04,1.0,Lake_Bilancino
2018-08-05,1.0,Lake_Bilancino
2018-08-06,0.6,Lake_Bilancino
2018-08-07,0.6,Lake_Bilancino
2018-08-08,3.0,Lake_Bilancino
2018-08-09,3.0,Lake_Bilancino
2018-08-10,2.0,Lake_Bilancino
2018-08-11,0.6,Lake_Bilancino
2018-08-12,0.6,Lake_Bilancino
2018-09-01,7.1,Lake_Bilancino
2018-09-02,7.2,Lake_Bilancino
2018-09-03,13.1,Lake_Bilancino
2018-09-04,1.0,Lake_Bilancino
2018-09-05,1.0,Lake_Bilancino
2018-09-06,0.6,Lake_Bilancino
2018-09-07,0.6,Lake_Bilancino
2018-09-08,3.0,Lake_Bilancino
2018-09-09,3.0,Lake_Bilancino
2018-09-10,2.0,Lake_Bilancino
2018-09-11,0.6,Lake_Bilancino
2018-09-12,0.6,Lake_Bilancino
2018-10-01,7.1,Lake_Bilancino
2018-10-02,7.2,Lake_Bilancino
2018-10-03,11.99,Lake_Bilancino
2018-10-04,1.0,Lake_Bilancino
2018-10-05,1.0,Lake_Bilancino
2018-10-06,0.6,Lake_Bilancino
2018-10-07,0.6,Lake_Bilancino
2018-10-08,3.0,Lake_Bilancino
2018-10-09,3.0,Lake_Bilancino
2018-10-10,2.0,Lake_Bilancino
2018-10-11,0.6,Lake_Bilancino
2018-10-12,0.6,Lake_Bilancino
2018-11-01,7.1,Lake_Bilancino
2018-11-02,7.2,Lake_Bilancino
2018-11-03,12.0,Lake_Bilancino
2018-11-04,2.7,Lake_Bilancino
2018-11-05,1.0,Lake_Bilancino
2018-11-06,0.6,Lake_Bilancino
2018-11-07,1.0,Lake_Bilancino
2018-11-08,3.0,Lake_Bilancino
2018-11-09,3.0,Lake_Bilancino
2018-11-10,2.0,Lake_Bilancino
2018-11-11,0.6,Lake_Bilancino
2018-11-12,0.6,Lake_Bilancino
2018-12-01,7.1,Lake_Bilancino
2018-12-02,7.2,Lake_Bilancino
2018-12-03,20.68,Lake_Bilancino
2018-12-04,2.7,Lake_Bilancino
2018-12-05,1.0,Lake_Bilancino
2018-12-06,0.6,Lake_Bilancino
2018-12-07,1.0,Lake_Bilancino
2018-12-08,3.0,Lake_Bilancino
2018-12-09,3.0,Lake_Bilancino
2018-12-10,2.0,Lake_Bilancino
2018-12-11,0.6,Lake_Bilancino
2018-12-12,0.6,Lake_Bilancino
2019-01-01,0.6,Lake_Bilancino
2019-01-02,0.6,Lake_Bilancino
2019-01-03,0.6,Lake_Bilancino
2019-01-04,0.6,Lake_Bilancino
2019-01-05,0.6,Lake_Bilancino
2019-01-06,0.7,Lake_Bilancino
2019-01-07,0.6,Lake_Bilancino
2019-01-08,5.0,Lake_Bilancino
2019-01-09,2.0,Lake_Bilancino
2019-01-10,0.6,Lake_Bilancino
2019-01-11,1.0,Lake_Bilancino
2019-01-12,9.58,Lake_Bilancino
2019-02-01,0.6,Lake_Bilancino
2019-02-02,0.6,Lake_Bilancino
2019-02-03,0.6,Lake_Bilancino
2019-02-04,0.6,Lake_Bilancino
2019-02-05,0.6,Lake_Bilancino
2019-02-06,0.7,Lake_Bilancino
2019-02-07,1.5,Lake_Bilancino
2019-02-08,7.0,Lake_Bilancino
2019-02-09,2.0,Lake_Bilancino
2019-02-10,0.6,Lake_Bilancino
2019-02-11,1.0,Lake_Bilancino
2019-02-12,13.01,Lake_Bilancino
2019-03-01,0.6,Lake_Bilancino
2019-03-02,0.6,Lake_Bilancino
2019-03-03,0.6,Lake_Bilancino
2019-03-04,0.6,Lake_Bilancino
2019-03-05,0.6,Lake_Bilancino
2019-03-06,0.7,Lake_Bilancino
2019-03-07,1.5,Lake_Bilancino
2019-03-08,7.0,Lake_Bilancino
2019-03-09,2.0,Lake_Bilancino
2019-03-10,0.6,Lake_Bilancino
2019-03-11,1.0,Lake_Bilancino
2019-03-12,19.33,Lake_Bilancino
2019-04-01,0.6,Lake_Bilancino
2019-04-02,0.6,Lake_Bilancino
2019-04-03,0.6,Lake_Bilancino
2019-04-04,0.6,Lake_Bilancino
2019-04-05,0.6,Lake_Bilancino
2019-04-06,0.7,Lake_Bilancino
2019-04-07,1.5,Lake_Bilancino
2019-04-08,5.0,Lake_Bilancino
2019-04-09,2.0,Lake_Bilancino
2019-04-10,1.0,Lake_Bilancino
2019-04-11,1.0,Lake_Bilancino
2019-04-12,15.78,Lake_Bilancino
2019-05-01,0.6,Lake_Bilancino
2019-05-02,0.6,Lake_Bilancino
2019-05-03,0.6,Lake_Bilancino
2019-05-04,0.6,Lake_Bilancino
2019-05-05,0.6,Lake_Bilancino
2019-05-06,0.7,Lake_Bilancino
2019-05-07,1.5,Lake_Bilancino
2019-05-08,4.0,Lake_Bilancino
2019-05-09,2.0,Lake_Bilancino
2019-05-10,1.0,Lake_Bilancino
2019-05-11,1.0,Lake_Bilancino
2019-05-12,12.05,Lake_Bilancino
2019-06-01,0.6,Lake_Bilancino
2019-06-02,0.6,Lake_Bilancino
2019-06-03,0.6,Lake_Bilancino
2019-06-04,0.6,Lake_Bilancino
2019-06-05,0.6,Lake_Bilancino
2019-06-06,0.7,Lake_Bilancino
2019-06-07,1.5,Lake_Bilancino
2019-06-08,4.0,Lake_Bilancino
2019-06-09,2.0,Lake_Bilancino
2019-06-10,1.0,Lake_Bilancino
2019-06-11,1.0,Lake_Bilancino
2019-06-12,10.91,Lake_Bilancino
2019-07-01,0.6,Lake_Bilancino
2019-07-02,0.6,Lake_Bilancino
2019-07-03,0.6,Lake_Bilancino
2019-07-04,0.6,Lake_Bilancino
2019-07-05,0.6,Lake_Bilancino
2019-07-06,0.7,Lake_Bilancino
2019-07-07,1.5,Lake_Bilancino
2019-07-08,2.0,Lake_Bilancino
2019-07-09,2.0,Lake_Bilancino
2019-07-10,1.0,Lake_Bilancino
2019-07-11,1.0,Lake_Bilancino
2019-07-12,9.31,Lake_Bilancino
2019-08-01,0.6,Lake_Bilancino
2019-08-02,0.6,Lake_Bilancino
2019-08-03,0.6,Lake_Bilancino
2019-08-04,0.6,Lake_Bilancino
2019-08-05,0.6,Lake_Bilancino
2019-08-06,0.7,Lake_Bilancino
2019-08-07,1.5,Lake_Bilancino
2019-08-08,2.0,Lake_Bilancino
2019-08-09,2.0,Lake_Bilancino
2019-08-10,1.0,Lake_Bilancino
2019-08-11,1.0,Lake_Bilancino
2019-08-12,7.1,Lake_Bilancino
2019-09-01,0.6,Lake_Bilancino
2019-09-02,0.6,Lake_Bilancino
2019-09-03,0.6,Lake_Bilancino
2019-09-04,0.6,Lake_Bilancino
2019-09-05,0.6,Lake_Bilancino
2019-09-06,0.7,Lake_Bilancino
2019-09-07,1.5,Lake_Bilancino
2019-09-08,2.0,Lake_Bilancino
2019-09-09,1.5,Lake_Bilancino
2019-09-10,1.0,Lake_Bilancino
2019-09-11,1.0,Lake_Bilancino
2019-09-12,7.1,Lake_Bilancino
2019-10-01,0.6,Lake_Bilancino
2019-10-02,0.6,Lake_Bilancino
2019-10-03,0.6,Lake_Bilancino
2019-10-04,0.6,Lake_Bilancino
2019-10-05,0.6,Lake_Bilancino
2019-10-06,0.6,Lake_Bilancino
2019-10-07,1.5,Lake_Bilancino
2019-10-08,2.0,Lake_Bilancino
2019-10-09,1.5,Lake_Bilancino
2019-10-10,1.0,Lake_Bilancino
2019-10-11,1.0,Lake_Bilancino
2019-10-12,7.1,Lake_Bilancino
2019-11-01,0.6,Lake_Bilancino
2019-11-02,0.6,Lake_Bilancino
2019-11-03,0.6,Lake_Bilancino
2019-11-04,0.6,Lake_Bilancino
2019-11-05,0.6,Lake_Bilancino
2019-11-06,0.6,Lake_Bilancino
2019-11-07,1.5,Lake_Bilancino
2019-11-08,2.0,Lake_Bilancino
2019-11-09,1.5,Lake_Bilancino
2019-11-10,1.0,Lake_Bilancino
2019-11-11,1.0,Lake_Bilancino
2019-11-12,7.1,Lake_Bilancino
2019-12-01,0.6,Lake_Bilancino
2019-12-02,0.6,Lake_Bilancino
2019-12-03,0.6,Lake_Bilancino
2019-12-04,0.6,Lake_Bilancino
2019-12-05,0.6,Lake_Bilancino
2019-12-06,0.6,Lake_Bilancino
2019-12-07,1.5,Lake_Bilancino
2019-12-08,2.0,Lake_Bilancino
2019-12-09,1.0,Lake_Bilancino
2019-12-10,1.0,Lake_Bilancino
2019-12-11,1.0,Lake_Bilancino
2019-12-12,7.1,Lake_Bilancino
2020-01-01,7.2,Lake_Bilancino
2020-01-02,1.5,Lake_Bilancino
2020-01-03,1.5,Lake_Bilancino
2020-01-04,0.6,Lake_Bilancino
2020-01-05,0.6,Lake_Bilancino
2020-01-06,0.6,Lake_Bilancino
2020-02-01,7.2,Lake_Bilancino
2020-02-02,1.5,Lake_Bilancino
2020-02-03,7.51,Lake_Bilancino
2020-02-04,0.6,Lake_Bilancino
2020-02-05,0.6,Lake_Bilancino
2020-02-06,0.6,Lake_Bilancino
2020-03-01,7.2,Lake_Bilancino
2020-03-02,1.5,Lake_Bilancino
2020-03-03,30.3,Lake_Bilancino
2020-03-04,0.6,Lake_Bilancino
2020-03-05,0.6,Lake_Bilancino
2020-03-06,0.6,Lake_Bilancino
2020-04-01,7.2,Lake_Bilancino
2020-04-02,1.5,Lake_Bilancino
2020-04-03,29.02,Lake_Bilancino
2020-04-04,0.6,Lake_Bilancino
2020-04-05,0.6,Lake_Bilancino
2020-04-06,0.6,Lake_Bilancino
2020-05-01,7.2,Lake_Bilancino
2020-05-02,1.5,Lake_Bilancino
2020-05-03,20.86,Lake_Bilancino
2020-05-04,0.6,Lake_Bilancino
2020-05-05,0.6,Lake_Bilancino
2020-05-06,0.6,Lake_Bilancino
2020-06-01,7.2,Lake_Bilancino
2020-06-02,1.5,Lake_Bilancino
2020-06-03,22.59,Lake_Bilancino
2020-06-04,0.6,Lake_Bilancino
2020-06-05,0.6,Lake_Bilancino
2020-06-06,0.6,Lake_Bilancino
2020-07-01,7.2,Lake_Bilancino
2020-07-02,1.5,Lake_Bilancino
2020-07-03,18.98,Lake_Bilancino
2020-07-04,0.6,Lake_Bilancino
2020-07-05,0.6,Lake_Bilancino
2020-07-06,0.6,Lake_Bilancino
2020-08-01,2.0,Lake_Bilancino
2020-08-02,1.5,Lake_Bilancino
2020-08-03,14.55,Lake_Bilancino
2020-08-04,0.6,Lake_Bilancino
2020-08-05,0.6,Lake_Bilancino
2020-08-06,0.6,Lake_Bilancino
2020-09-01,2.0,Lake_Bilancino
2020-09-02,1.5,Lake_Bilancino
2020-09-03,12.4,Lake_Bilancino
2020-09-04,0.6,Lake_Bilancino
2020-09-05,0.6,Lake_Bilancino
2020-09-06,0.6,Lake_Bilancino
2020-10-01,2.0,Lake_Bilancino
2020-10-02,1.5,Lake_Bilancino
2020-10-03,10.75,Lake_Bilancino
2020-10-04,0.6,Lake_Bilancino
2020-10-05,0.6,Lake_Bilancino
2020-10-06,0.6,Lake_Bilancino
2020-11-01,2.0,Lake_Bilancino
2020-11-02,1.5,Lake_Bilancino
2020-11-03,9.22,Lake_Bilancino
2020-11-04,0.6,Lake_Bilancino
2020-11-05,0.6,Lake_Bilancino
2020-11-06,0.6,Lake_Bilancino
2020-12-01,2.0,Lake_Bilancino
2020-12-02,1.5,Lake_Bilancino
2020-12-03,8.07,Lake_Bilancino
2020-12-04,0.6,Lake_Bilancino
2020-12-05,0.6,Lake_Bilancino
2020-12-06,0.6,Lake_Bilancino
2004-01-01,0.0,River_Arno
2004-01-02,0.0,River_Arno
2004-01-03,7.6,River_Arno
2004-01-04,0.0,River_Arno
2004-01-05,0.0,River_Arno
2004-01-06,11.6,River_Arno
2004-01-07,0.0,River_Arno
2004-01-08,0.0,River_Arno
2004-01-09,0.0,River_Arno
2004-01-10,4.8,River_Arno
2004-01-11,21.4,River_Arno
2004-01-12,17.8,River_Arno
2004-02-01,0.0,River_Arno
2004-02-02,0.0,River_Arno
2004-02-03,0.0,River_Arno
2004-02-04,0.0,River_Arno
2004-02-05,3.6,River_Arno
2004-02-06,0.0,River_Arno
2004-02-07,0.0,River_Arno
2004-02-08,0.0,River_Arno
2004-02-09,0.0,River_Arno
2004-02-10,0.0,River_Arno
2004-02-11,0.0,River_Arno
2004-02-12,0.8,River_Arno
2004-03-01,0.0,River_Arno
2004-03-02,0.0,River_Arno
2004-03-03,0.0,River_Arno
2004-03-04,0.0,River_Arno
2004-03-05,4.6,River_Arno
2004-03-06,6.8,River_Arno
2004-03-07,0.0,River_Arno
2004-03-08,0.0,River_Arno
2004-03-09,0.0,River_Arno
2004-03-10,0.0,River_Arno
2004-03-11,0.0,River_Arno
2004-03-12,17.4,River_Arno
2004-04-01,0.0,River_Arno
2004-04-02,0.0,River_Arno
2004-04-03,0.0,River_Arno
2004-04-04,0.0,River_Arno
2004-04-05,39.8,River_Arno
2004-04-06,0.0,River_Arno
2004-04-07,0.0,River_Arno
2004-04-08,15.8,River_Arno
2004-04-09,0.0,River_Arno
2004-04-10,0.2,River_Arno
2004-04-11,0.0,River_Arno
2004-04-12,35.8,River_Arno
2004-05-01,0.0,River_Arno
2004-05-02,0.0,River_Arno
2004-05-03,0.0,River_Arno
2004-05-04,0.0,River_Arno
2004-05-05,30.6,River_Arno
2004-05-06,0.2,River_Arno
2004-05-07,0.0,River_Arno
2004-05-08,9.6,River_Arno
2004-05-09,0.0,River_Arno
2004-05-10,0.0,River_Arno
2004-05-11,0.0,River_Arno
2004-05-12,12.8,River_Arno
2004-06-01,0.0,River_Arno
2004-06-02,0.2,River_Arno
2004-06-03,20.8,River_Arno
2004-06-04,0.0,River_Arno
2004-06-05,29.6,River_Arno
2004-06-06,7.4,River_Arno
2004-06-07,0.0,River_Arno
2004-06-08,2.2,River_Arno
2004-06-09,0.0,River_Arno
2004-06-10,0.0,River_Arno
2004-06-11,0.8,River_Arno
2004-06-12,1.8,River_Arno
2004-07-01,0.0,River_Arno
2004-07-02,4.2,River_Arno
2004-07-03,11.2,River_Arno
2004-07-04,23.6,River_Arno
2004-07-05,6.6,River_Arno
2004-07-06,0.0,River_Arno
2004-07-07,0.0,River_Arno
2004-07-08,0.0,River_Arno
2004-07-09,0.0,River_Arno
2004-07-10,0.0,River_Arno
2004-07-11,1.2,River_Arno
2004-07-12,0.2,River_Arno
2004-08-01,0.0,River_Arno
2004-08-02,0.8,River_Arno
2004-08-03,0.4,River_Arno
2004-08-04,0.2,River_Arno
2004-08-05,14.0,River_Arno
2004-08-06,0.0,River_Arno
2004-08-07,0.0,River_Arno
2004-08-08,1.0,River_Arno
2004-08-09,0.0,River_Arno
2004-08-10,0.0,River_Arno
2004-08-11,0.2,River_Arno
2004-08-12,3.2,River_Arno
2004-09-01,7.8,River_Arno
2004-09-02,0.0,River_Arno
2004-09-03,0.0,River_Arno
2004-09-04,10.4,River_Arno
2004-09-05,0.6,River_Arno
2004-09-06,0.0,River_Arno
2004-09-07,0.0,River_Arno
2004-09-08,0.0,River_Arno
2004-09-09,0.0,River_Arno
2004-09-10,0.0,River_Arno
2004-09-11,17.0,River_Arno
2004-09-12,0.2,River_Arno
2004-10-01,0.0,River_Arno
2004-10-02,0.0,River_Arno
2004-10-03,2.2,River_Arno
2004-10-04,0.2,River_Arno
2004-10-05,0.0,River_Arno
2004-10-06,0.0,River_Arno
2004-10-07,0.0,River_Arno
2004-10-08,0.0,River_Arno
2004-10-09,0.0,River_Arno
2004-10-10,17.8,River_Arno
2004-10-11,17.0,River_Arno
2004-10-12,0.0,River_Arno
2004-11-01,0.0,River_Arno
2004-11-02,0.0,River_Arno
2004-11-03,8.6,River_Arno
2004-11-04,0.0,River_Arno
2004-11-05,0.2,River_Arno
2004-11-06,0.0,River_Arno
2004-11-07,0.0,River_Arno
2004-11-08,0.0,River_Arno
2004-11-09,0.0,River_Arno
2004-11-10,3.8,River_Arno
2004-11-11,15.8,River_Arno
2004-11-12,0.0,River_Arno
2004-12-01,3.6,River_Arno
2004-12-02,0.2,River_Arno
2004-12-03,0.0,River_Arno
2004-12-04,2.4,River_Arno
2004-12-05,1.4,River_Arno
2004-12-06,0.0,River_Arno
2004-12-07,0.0,River_Arno
2004-12-08,0.0,River_Arno
2004-12-09,0.0,River_Arno
2004-12-10,0.6,River_Arno
2004-12-11,1.2,River_Arno
2004-12-12,0.0,River_Arno
2005-01-01,0.0,River_Arno
2005-01-02,0.0,River_Arno
2005-01-03,0.0,River_Arno
2005-01-04,0.0,River_Arno
2005-01-05,0.0,River_Arno
2005-01-06,0.0,River_Arno
2005-01-07,0.6,River_Arno
2005-01-08,0.0,River_Arno
2005-01-09,0.0,River_Arno
2005-01-10,0.0,River_Arno
2005-01-11,13.4,River_Arno
2005-01-12,0.0,River_Arno
2005-02-01,0.0,River_Arno
2005-02-02,0.0,River_Arno
2005-02-03,0.0,River_Arno
2005-02-04,0.0,River_Arno
2005-02-05,0.0,River_Arno
2005-02-06,0.0,River_Arno
2005-02-07,0.0,River_Arno
2005-02-08,0.0,River_Arno
2005-02-09,0.0,River_Arno
2005-02-10,33.6,River_Arno
2005-02-11,0.0,River_Arno
2005-02-12,0.4,River_Arno
2005-03-01,0.0,River_Arno
2005-03-02,0.0,River_Arno
2005-03-03,0.0,River_Arno
2005-03-04,0.0,River_Arno
2005-03-05,0.0,River_Arno
2005-03-06,0.0,River_Arno
2005-03-07,0.0,River_Arno
2005-03-08,15.8,River_Arno
2005-03-09,0.8,River_Arno
2005-03-10,9.0,River_Arno
2005-03-11,0.0,River_Arno
2005-03-12,8.4,River_Arno
2005-04-01,0.0,River_Arno
2005-04-02,0.0,River_Arno
2005-04-03,23.0,River_Arno
2005-04-04,0.0,River_Arno
2005-04-05,0.0,River_Arno
2005-04-06,0.0,River_Arno
2005-04-07,0.0,River_Arno
2005-04-08,4.2,River_Arno
2005-04-09,0.0,River_Arno
2005-04-10,0.4,River_Arno
2005-04-11,0.0,River_Arno
2005-04-12,5.0,River_Arno
2005-05-01,0.0,River_Arno
2005-05-02,0.0,River_Arno
2005-05-03,4.6,River_Arno
2005-05-04,0.0,River_Arno
2005-05-05,0.0,River_Arno
2005-05-06,0.0,River_Arno
2005-05-07,3.4,River_Arno
2005-05-08,0.0,River_Arno
2005-05-09,0.0,River_Arno
2005-05-10,15.8,River_Arno
2005-05-11,17.8,River_Arno
2005-05-12,37.0,River_Arno
2005-06-01,0.0,River_Arno
2005-06-02,0.0,River_Arno
2005-06-03,0.0,River_Arno
2005-06-04,0.0,River_Arno
2005-06-05,0.0,River_Arno
2005-06-06,0.0,River_Arno
2005-06-07,0.0,River_Arno
2005-06-08,0.0,River_Arno
2005-06-09,0.0,River_Arno
2005-06-10,1.0,River_Arno
2005-06-11,53.2,River_Arno
2005-06-12,10.4,River_Arno
2005-07-01,0.2,River_Arno
2005-07-02,0.0,River_Arno
2005-07-03,0.0,River_Arno
2005-07-04,0.0,River_Arno
2005-07-05,0.0,River_Arno
2005-07-06,5.0,River_Arno
2005-07-07,0.0,River_Arno
2005-07-08,0.0,River_Arno
2005-07-09,1.4,River_Arno
2005-07-10,2.0,River_Arno
2005-07-11,0.4,River_Arno
2005-07-12,0.0,River_Arno
2005-08-01,0.0,River_Arno
2005-08-02,0.0,River_Arno
2005-08-03,0.0,River_Arno
2005-08-04,4.2,River_Arno
2005-08-05,0.0,River_Arno
2005-08-06,0.0,River_Arno
2005-08-07,1.6,River_Arno
2005-08-08,0.0,River_Arno
2005-08-09,8.2,River_Arno
2005-08-10,17.4,River_Arno
2005-08-11,0.0,River_Arno
2005-08-12,12.0,River_Arno
2005-09-01,0.0,River_Arno
2005-09-02,0.0,River_Arno
2005-09-03,0.0,River_Arno
2005-09-04,2.4,River_Arno
2005-09-05,0.0,River_Arno
2005-09-06,0.0,River_Arno
2005-09-07,0.0,River_Arno
2005-09-08,0.0,River_Arno
2005-09-09,19.6,River_Arno
2005-09-10,0.0,River_Arno
2005-09-11,0.0,River_Arno
2005-09-12,7.2,River_Arno
2005-10-01,0.2,River_Arno
2005-10-02,0.0,River_Arno
2005-10-03,0.2,River_Arno
2005-10-04,4.4,River_Arno
2005-10-05,1.6,River_Arno
2005-10-06,0.0,River_Arno
2005-10-07,15.8,River_Arno
2005-10-08,0.0,River_Arno
2005-10-09,0.0,River_Arno
2005-10-10,0.0,River_Arno
2005-10-11,0.2,River_Arno
2005-10-12,0.0,River_Arno
2005-11-01,0.0,River_Arno
2005-11-02,0.0,River_Arno
2005-11-03,0.4,River_Arno
2005-11-04,0.2,River_Arno
2005-11-05,5.8,River_Arno
2005-11-06,0.0,River_Arno
2005-11-07,0.0,River_Arno
2005-11-08,10.4,River_Arno
2005-11-09,15.6,River_Arno
2005-11-10,0.0,River_Arno
2005-11-11,0.0,River_Arno
2005-11-12,0.0,River_Arno
2005-12-01,0.0,River_Arno
2005-12-02,0.0,River_Arno
2005-12-03,1.4,River_Arno
2005-12-04,0.0,River_Arno
2005-12-05,0.0,River_Arno
2005-12-06,0.0,River_Arno
2005-12-07,0.2,River_Arno
2005-12-08,0.4,River_Arno
2005-12-09,0.8,River_Arno
2005-12-10,0.0,River_Arno
2005-12-11,0.0,River_Arno
2005-12-12,17.8,River_Arno
2006-01-01,18.6,River_Arno
2006-01-02,0.0,River_Arno
2006-01-03,6.6,River_Arno
2006-01-04,0.0,River_Arno
2006-01-05,0.4,River_Arno
2006-01-06,5.2,River_Arno
2006-01-07,0.0,River_Arno
2006-01-08,0.0,River_Arno
2006-01-09,0.0,River_Arno
2006-01-10,0.0,River_Arno
2006-01-11,2.4,River_Arno
2006-01-12,0.0,River_Arno
2006-02-01,0.0,River_Arno
2006-02-02,0.0,River_Arno
2006-02-03,1.2,River_Arno
2006-02-04,0.0,River_Arno
2006-02-05,0.2,River_Arno
2006-02-06,0.0,River_Arno
2006-02-07,0.0,River_Arno
2006-02-08,0.0,River_Arno
2006-02-09,0.0,River_Arno
2006-02-10,0.0,River_Arno
2006-02-11,0.0,River_Arno
2006-02-12,0.2,River_Arno
2006-03-01,0.0,River_Arno
2006-03-02,0.0,River_Arno
2006-03-03,26.2,River_Arno
2006-03-04,2.0,River_Arno
2006-03-05,0.0,River_Arno
2006-03-06,1.0,River_Arno
2006-03-07,0.0,River_Arno
2006-03-08,1.0,River_Arno
2006-03-09,0.0,River_Arno
2006-03-10,0.0,River_Arno
2006-03-11,0.0,River_Arno
2006-03-12,0.2,River_Arno
2006-04-01,0.0,River_Arno
2006-04-02,0.0,River_Arno
2006-04-03,0.0,River_Arno
2006-04-04,0.2,River_Arno
2006-04-05,0.0,River_Arno
2006-04-06,0.0,River_Arno
2006-04-07,0.0,River_Arno
2006-04-08,0.0,River_Arno
2006-04-09,0.0,River_Arno
2006-04-10,0.0,River_Arno
2006-04-11,0.0,River_Arno
2006-04-12,16.2,River_Arno
2006-05-01,0.0,River_Arno
2006-05-02,0.0,River_Arno
2006-05-03,30.6,River_Arno
2006-05-04,1.8,River_Arno
2006-05-05,0.0,River_Arno
2006-05-06,0.8,River_Arno
2006-05-07,0.0,River_Arno
2006-05-08,0.0,River_Arno
2006-05-09,0.0,River_Arno
2006-05-10,0.0,River_Arno
2006-05-11,0.0,River_Arno
2006-05-12,0.4,River_Arno
2006-06-01,0.0,River_Arno
2006-06-02,0.0,River_Arno
2006-06-03,0.8,River_Arno
2006-06-04,2.4,River_Arno
2006-06-05,0.0,River_Arno
2006-06-06,6.8,River_Arno
2006-06-07,0.0,River_Arno
2006-06-08,0.0,River_Arno
2006-06-09,0.0,River_Arno
2006-06-10,0.0,River_Arno
2006-06-11,0.0,River_Arno
2006-06-12,5.4,River_Arno
2006-07-01,0.0,River_Arno
2006-07-02,0.0,River_Arno
2006-07-03,0.0,River_Arno
2006-07-04,0.0,River_Arno
2006-07-05,1.4,River_Arno
2006-07-06,0.0,River_Arno
2006-07-07,13.0,River_Arno
2006-07-08,0.0,River_Arno
2006-07-09,0.0,River_Arno
2006-07-10,12.0,River_Arno
2006-07-11,0.2,River_Arno
2006-07-12,5.8,River_Arno
2006-08-01,0.0,River_Arno
2006-08-02,4.8,River_Arno
2006-08-03,0.0,River_Arno
2006-08-04,0.0,River_Arno
2006-08-05,0.0,River_Arno
2006-08-06,0.0,River_Arno
2006-08-07,0.0,River_Arno
2006-08-08,0.2,River_Arno
2006-08-09,0.0,River_Arno
2006-08-10,0.0,River_Arno
2006-08-11,0.0,River_Arno
2006-08-12,0.2,River_Arno
2006-09-01,0.0,River_Arno
2006-09-02,0.2,River_Arno
2006-09-03,4.2,River_Arno
2006-09-04,0.0,River_Arno
2006-09-05,56.0,River_Arno
2006-09-06,0.0,River_Arno
2006-09-07,0.0,River_Arno
2006-09-08,0.4,River_Arno
2006-09-09,0.0,River_Arno
2006-09-10,0.0,River_Arno
2006-09-11,0.8,River_Arno
2006-09-12,54.6,River_Arno
2006-10-01,0.0,River_Arno
2006-10-02,0.0,River_Arno
2006-10-03,15.0,River_Arno
2006-10-04,2.4,River_Arno
2006-10-05,0.0,River_Arno
2006-10-06,0.0,River_Arno
2006-10-07,0.0,River_Arno
2006-10-08,1.8,River_Arno
2006-10-09,0.0,River_Arno
2006-10-10,0.0,River_Arno
2006-10-11,0.0,River_Arno
2006-10-12,0.6,River_Arno
2006-11-01,0.0,River_Arno
2006-11-02,0.0,River_Arno
2006-11-03,1.8,River_Arno
2006-11-04,4.6,River_Arno
2006-11-05,0.4,River_Arno
2006-11-06,1.8,River_Arno
2006-11-07,0.0,River_Arno
2006-11-08,0.4,River_Arno
2006-11-09,0.0,River_Arno
2006-11-10,0.0,River_Arno
2006-11-11,0.0,River_Arno
2006-11-12,0.0,River_Arno
2006-12-01,0.0,River_Arno
2006-12-02,0.0,River_Arno
2006-12-03,0.0,River_Arno
2006-12-04,0.4,River_Arno
2006-12-05,0.0,River_Arno
2006-12-06,0.0,River_Arno
2006-12-07,0.0,River_Arno
2006-12-08,25.2,River_Arno
2006-12-09,0.0,River_Arno
2006-12-10,0.0,River_Arno
2006-12-11,1.0,River_Arno
2006-12-12,0.2,River_Arno
2007-01-01,16.6,River_Arno
2007-01-02,0.0,River_Arno
2007-01-03,0.0,River_Arno
2007-01-04,0.2,River_Arno
2007-01-05,0.2,River_Arno
2007-01-06,13.0,River_Arno
2007-01-07,0.0,River_Arno
2007-01-08,0.0,River_Arno
2007-01-09,0.0,River_Arno
2007-01-10,0.0,River_Arno
2007-01-11,0.0,River_Arno
2007-01-12,4.0,River_Arno
2007-02-01,5.0,River_Arno
2007-02-02,0.0,River_Arno
2007-02-03,0.0,River_Arno
2007-02-04,0.0,River_Arno
2007-02-05,23.4,River_Arno
2007-02-06,34.2,River_Arno
2007-02-07,0.0,River_Arno
2007-02-08,0.0,River_Arno
2007-02-09,0.0,River_Arno
2007-02-10,0.0,River_Arno
2007-02-11,0.0,River_Arno
2007-02-12,3.2,River_Arno
2007-03-01,0.0,River_Arno
2007-03-02,0.0,River_Arno
2007-03-03,0.4,River_Arno
2007-03-04,0.8,River_Arno
2007-03-05,4.8,River_Arno
2007-03-06,0.0,River_Arno
2007-03-07,0.0,River_Arno
2007-03-08,1.6,River_Arno
2007-03-09,0.0,River_Arno
2007-03-10,0.0,River_Arno
2007-03-11,0.0,River_Arno
2007-03-12,14.4,River_Arno
2007-04-01,0.4,River_Arno
2007-04-02,0.0,River_Arno
2007-04-03,0.0,River_Arno
2007-04-04,0.8,River_Arno
2007-04-05,24.8,River_Arno
2007-04-06,0.0,River_Arno
2007-04-07,0.0,River_Arno
2007-04-08,0.0,River_Arno
2007-04-09,35.6,River_Arno
2007-04-10,0.0,River_Arno
2007-04-11,0.0,River_Arno
2007-04-12,0.2,River_Arno
2007-05-01,0.0,River_Arno
2007-05-02,0.0,River_Arno
2007-05-03,0.0,River_Arno
2007-05-04,0.0,River_Arno
2007-05-05,8.4,River_Arno
2007-05-06,0.6,River_Arno
2007-05-07,0.0,River_Arno
2007-05-08,0.0,River_Arno
2007-05-09,0.0,River_Arno
2007-05-10,0.0,River_Arno
2007-05-11,0.0,River_Arno
2007-05-12,0.0,River_Arno
2007-06-01,0.0,River_Arno
2007-06-02,8.6,River_Arno
2007-06-03,0.0,River_Arno
2007-06-04,0.0,River_Arno
2007-06-05,0.0,River_Arno
2007-06-06,5.2,River_Arno
2007-06-07,0.0,River_Arno
2007-06-08,0.0,River_Arno
2007-06-09,0.0,River_Arno
2007-06-10,2.0,River_Arno
2007-06-11,0.0,River_Arno
2007-06-12,0.0,River_Arno
2007-07-01,2.6,River_Arno
2007-07-02,28.6,River_Arno
2007-07-03,13.2,River_Arno
2007-07-04,0.0,River_Arno
2007-07-05,0.2,River_Arno
2007-07-06,3.2,River_Arno
2007-07-07,0.0,River_Arno
2007-07-08,0.0,River_Arno
2007-07-09,0.0,River_Arno
2007-07-10,0.0,River_Arno
2007-07-11,0.0,River_Arno
2007-07-12,9.0,River_Arno
2007-08-01,28.0,River_Arno
2007-08-02,19.0,River_Arno
2007-08-03,0.0,River_Arno
2007-08-04,0.0,River_Arno
2007-08-05,0.0,River_Arno
2007-08-06,0.0,River_Arno
2007-08-07,0.0,River_Arno
2007-08-08,52.6,River_Arno
2007-08-09,0.0,River_Arno
2007-08-10,0.0,River_Arno
2007-08-11,0.0,River_Arno
2007-08-12,24.2,River_Arno
2007-09-01,1.8,River_Arno
2007-09-02,15.4,River_Arno
2007-09-03,0.0,River_Arno
2007-09-04,0.0,River_Arno
2007-09-05,0.0,River_Arno
2007-09-06,0.0,River_Arno
2007-09-07,0.0,River_Arno
2007-09-08,0.2,River_Arno
2007-09-09,0.0,River_Arno
2007-09-10,0.0,River_Arno
2007-09-11,6.6,River_Arno
2007-09-12,18.4,River_Arno
2007-10-01,0.2,River_Arno
2007-10-02,0.0,River_Arno
2007-10-03,0.0,River_Arno
2007-10-04,0.0,River_Arno
2007-10-05,0.0,River_Arno
2007-10-06,0.0,River_Arno
2007-10-07,0.0,River_Arno
2007-10-08,5.2,River_Arno
2007-10-09,0.0,River_Arno
2007-10-10,0.0,River_Arno
2007-10-11,0.0,River_Arno
2007-10-12,0.0,River_Arno
2007-11-01,0.0,River_Arno
2007-11-02,0.0,River_Arno
2007-11-03,0.0,River_Arno
2007-11-04,0.0,River_Arno
2007-11-05,0.0,River_Arno
2007-11-06,0.0,River_Arno
2007-11-07,0.0,River_Arno
2007-11-08,1.0,River_Arno
2007-11-09,0.0,River_Arno
2007-11-10,0.0,River_Arno
2007-11-11,0.0,River_Arno
2007-11-12,0.0,River_Arno
2007-12-01,0.0,River_Arno
2007-12-02,38.6,River_Arno
2007-12-03,0.0,River_Arno
2007-12-04,0.0,River_Arno
2007-12-05,0.0,River_Arno
2007-12-06,0.0,River_Arno
2007-12-07,0.0,River_Arno
2007-12-08,0.0,River_Arno
2007-12-09,0.0,River_Arno
2007-12-10,0.0,River_Arno
2007-12-11,0.0,River_Arno
2007-12-12,0.0,River_Arno
2008-01-01,0.0,River_Arno
2008-01-02,2.4,River_Arno
2008-01-03,4.0,River_Arno
2008-01-04,0.0,River_Arno
2008-01-05,1.2,River_Arno
2008-01-06,0.0,River_Arno
2008-01-07,0.2,River_Arno
2008-01-08,0.0,River_Arno
2008-01-09,0.0,River_Arno
2008-01-10,0.0,River_Arno
2008-01-11,7.0,River_Arno
2008-01-12,23.6,River_Arno
2008-02-01,0.0,River_Arno
2008-02-02,1.4,River_Arno
2008-02-03,0.0,River_Arno
2008-02-04,0.0,River_Arno
2008-02-05,0.0,River_Arno
2008-02-06,0.6,River_Arno
2008-02-07,0.0,River_Arno
2008-02-08,0.0,River_Arno
2008-02-09,0.0,River_Arno
2008-02-10,0.0,River_Arno
2008-02-11,0.2,River_Arno
2008-02-12,11.6,River_Arno
2008-03-01,1.6,River_Arno
2008-03-02,21.2,River_Arno
2008-03-03,0.0,River_Arno
2008-03-04,0.2,River_Arno
2008-03-05,0.0,River_Arno
2008-03-06,6.4,River_Arno
2008-03-07,0.0,River_Arno
2008-03-08,0.0,River_Arno
2008-03-09,0.0,River_Arno
2008-03-10,10.8,River_Arno
2008-03-11,1.6,River_Arno
2008-03-12,0.0,River_Arno
2008-04-01,10.2,River_Arno
2008-04-02,17.8,River_Arno
2008-04-03,7.8,River_Arno
2008-04-04,0.0,River_Arno
2008-04-05,0.0,River_Arno
2008-04-06,0.6,River_Arno
2008-04-07,0.0,River_Arno
2008-04-08,0.0,River_Arno
2008-04-09,0.0,River_Arno
2008-04-10,0.0,River_Arno
2008-04-11,19.6,River_Arno
2008-04-12,5.0,River_Arno
2008-05-01,12.2,River_Arno
2008-05-02,0.2,River_Arno
2008-05-03,0.6,River_Arno
2008-05-04,0.0,River_Arno
2008-05-05,0.0,River_Arno
2008-05-06,0.0,River_Arno
2008-05-07,0.0,River_Arno
2008-05-08,0.0,River_Arno
2008-05-09,0.2,River_Arno
2008-05-10,0.0,River_Arno
2008-05-11,0.0,River_Arno
2008-05-12,29.2,River_Arno
2008-06-01,14.6,River_Arno
2008-06-02,0.2,River_Arno
2008-06-03,0.2,River_Arno
2008-06-04,0.0,River_Arno
2008-06-05,0.0,River_Arno
2008-06-06,0.4,River_Arno
2008-06-07,0.0,River_Arno
2008-06-08,9.2,River_Arno
2008-06-09,0.0,River_Arno
2008-06-10,0.0,River_Arno
2008-06-11,1.0,River_Arno
2008-06-12,3.6,River_Arno
2008-07-01,1.2,River_Arno
2008-07-02,0.2,River_Arno
2008-07-03,0.0,River_Arno
2008-07-04,0.0,River_Arno
2008-07-05,0.0,River_Arno
2008-07-06,1.4,River_Arno
2008-07-07,0.2,River_Arno
2008-07-08,0.0,River_Arno
2008-07-09,0.0,River_Arno
2008-07-10,0.8,River_Arno
2008-07-11,1.2,River_Arno
2008-07-12,0.2,River_Arno
2008-08-01,0.4,River_Arno
2008-08-02,0.0,River_Arno
2008-08-03,0.4,River_Arno
2008-08-04,0.6,River_Arno
2008-08-05,0.0,River_Arno
2008-08-06,4.0,River_Arno
2008-08-07,0.0,River_Arno
2008-08-08,0.0,River_Arno
2008-08-09,0.0,River_Arno
2008-08-10,0.0,River_Arno
2008-08-11,0.0,River_Arno
2008-08-12,0.0,River_Arno
2008-09-01,0.8,River_Arno
2008-09-02,0.0,River_Arno
2008-09-03,0.2,River_Arno
2008-09-04,11.8,River_Arno
2008-09-05,0.0,River_Arno
2008-09-06,0.4,River_Arno
2008-09-07,0.0,River_Arno
2008-09-08,0.0,River_Arno
2008-09-09,0.0,River_Arno
2008-09-10,0.0,River_Arno
2008-09-11,0.0,River_Arno
2008-09-12,0.0,River_Arno
2008-10-01,0.2,River_Arno
2008-10-02,0.0,River_Arno
2008-10-03,5.0,River_Arno
2008-10-04,7.6,River_Arno
2008-10-05,0.0,River_Arno
2008-10-06,0.0,River_Arno
2008-10-07,0.0,River_Arno
2008-10-08,0.0,River_Arno
2008-10-09,0.0,River_Arno
2008-10-10,0.0,River_Arno
2008-10-11,0.2,River_Arno
2008-10-12,13.0,River_Arno
2008-11-01,11.2,River_Arno
2008-11-02,0.0,River_Arno
2008-11-03,9.4,River_Arno
2008-11-04,10.2,River_Arno
2008-11-05,0.0,River_Arno
2008-11-06,0.0,River_Arno
2008-11-07,0.0,River_Arno
2008-11-08,0.0,River_Arno
2008-11-09,0.0,River_Arno
2008-11-10,0.0,River_Arno
2008-11-11,6.4,River_Arno
2008-11-12,13.4,River_Arno
2008-12-01,27.8,River_Arno
2008-12-02,0.0,River_Arno
2008-12-03,0.2,River_Arno
2008-12-04,3.4,River_Arno
2008-12-05,0.0,River_Arno
2008-12-06,5.6,River_Arno
2008-12-07,0.0,River_Arno
2008-12-08,0.0,River_Arno
2008-12-09,3.0,River_Arno
2008-12-10,0.0,River_Arno
2008-12-11,12.6,River_Arno
2008-12-12,7.8,River_Arno
2009-01-01,13.2,River_Arno
2009-01-02,5.4,River_Arno
2009-01-03,5.2,River_Arno
2009-01-04,9.0,River_Arno
2009-01-05,0.0,River_Arno
2009-01-06,17.0,River_Arno
2009-01-07,0.0,River_Arno
2009-01-08,0.0,River_Arno
2009-01-09,0.0,River_Arno
2009-01-10,0.0,River_Arno
2009-01-11,0.0,River_Arno
2009-01-12,4.6,River_Arno
2009-02-01,0.0,River_Arno
2009-02-02,38.2,River_Arno
2009-02-03,3.4,River_Arno
2009-02-04,10.8,River_Arno
2009-02-05,3.8,River_Arno
2009-02-06,0.0,River_Arno
2009-02-07,3.6,River_Arno
2009-02-08,0.0,River_Arno
2009-02-09,0.0,River_Arno
2009-02-10,0.0,River_Arno
2009-02-11,18.4,River_Arno
2009-02-12,0.2,River_Arno
2009-03-01,0.0,River_Arno
2009-03-02,14.8,River_Arno
2009-03-03,5.6,River_Arno
2009-03-04,0.2,River_Arno
2009-03-05,0.2,River_Arno
2009-03-06,0.0,River_Arno
2009-03-07,0.0,River_Arno
2009-03-08,2.8,River_Arno
2009-03-09,0.0,River_Arno
2009-03-10,0.0,River_Arno
2009-03-11,1.0,River_Arno
2009-03-12,0.2,River_Arno
2009-04-01,0.0,River_Arno
2009-04-02,0.2,River_Arno
2009-04-03,40.4,River_Arno
2009-04-04,0.0,River_Arno
2009-04-05,0.0,River_Arno
2009-04-06,0.0,River_Arno
2009-04-07,0.0,River_Arno
2009-04-08,0.0,River_Arno
2009-04-09,0.0,River_Arno
2009-04-10,0.8,River_Arno
2009-04-11,16.6,River_Arno
2009-04-12,34.4,River_Arno
2009-05-01,0.0,River_Arno
2009-05-02,19.4,River_Arno
2009-05-03,24.8,River_Arno
2009-05-04,0.0,River_Arno
2009-05-05,0.0,River_Arno
2009-05-06,0.0,River_Arno
2009-05-07,0.0,River_Arno
2009-05-08,0.0,River_Arno
2009-05-09,0.0,River_Arno
2009-05-10,0.0,River_Arno
2009-05-11,2.6,River_Arno
2009-05-12,0.0,River_Arno
2009-06-01,0.0,River_Arno
2009-06-02,9.4,River_Arno
2009-06-03,0.0,River_Arno
2009-06-04,0.0,River_Arno
2009-06-05,0.0,River_Arno
2009-06-06,0.0,River_Arno
2009-06-07,9.4,River_Arno
2009-06-08,0.0,River_Arno
2009-06-09,0.0,River_Arno
2009-06-10,0.0,River_Arno
2009-06-11,9.0,River_Arno
2009-06-12,0.4,River_Arno
2009-07-01,18.8,River_Arno
2009-07-02,11.0,River_Arno
2009-07-03,0.0,River_Arno
2009-07-04,0.0,River_Arno
2009-07-05,0.0,River_Arno
2009-07-06,8.8,River_Arno
2009-07-07,0.0,River_Arno
2009-07-08,0.0,River_Arno
2009-07-09,0.0,River_Arno
2009-07-10,0.0,River_Arno
2009-07-11,0.8,River_Arno
2009-07-12,5.6,River_Arno
2009-08-01,0.0,River_Arno
2009-08-02,2.4,River_Arno
2009-08-03,0.0,River_Arno
2009-08-04,0.0,River_Arno
2009-08-05,0.0,River_Arno
2009-08-06,0.2,River_Arno
2009-08-07,0.0,River_Arno
2009-08-08,4.0,River_Arno
2009-08-09,0.0,River_Arno
2009-08-10,0.0,River_Arno
2009-08-11,32.8,River_Arno
2009-08-12,15.0,River_Arno
2009-09-01,0.0,River_Arno
2009-09-02,0.0,River_Arno
2009-09-03,0.0,River_Arno
2009-09-04,0.0,River_Arno
2009-09-05,0.0,River_Arno
2009-09-06,0.0,River_Arno
2009-09-07,0.0,River_Arno
2009-09-08,2.2,River_Arno
2009-09-09,0.0,River_Arno
2009-09-10,7.4,River_Arno
2009-09-11,0.8,River_Arno
2009-09-12,0.0,River_Arno
2009-10-01,0.0,River_Arno
2009-10-02,7.2,River_Arno
2009-10-03,0.6,River_Arno
2009-10-04,2.2,River_Arno
2009-10-05,0.0,River_Arno
2009-10-06,0.0,River_Arno
2009-10-07,0.0,River_Arno
2009-10-08,0.0,River_Arno
2009-10-09,0.0,River_Arno
2009-10-10,0.2,River_Arno
2009-10-11,0.2,River_Arno
2009-10-12,0.0,River_Arno
2009-11-01,0.0,River_Arno
2009-11-02,0.0,River_Arno
2009-11-03,0.0,River_Arno
2009-11-04,0.6,River_Arno
2009-11-05,0.0,River_Arno
2009-11-06,0.0,River_Arno
2009-11-07,0.6,River_Arno
2009-11-08,0.0,River_Arno
2009-11-09,0.0,River_Arno
2009-11-10,0.0,River_Arno
2009-11-11,0.0,River_Arno
2009-11-12,0.0,River_Arno
2009-12-01,0.0,River_Arno
2009-12-02,0.0,River_Arno
2009-12-03,0.0,River_Arno
2009-12-04,0.0,River_Arno
2009-12-05,0.0,River_Arno
2009-12-06,0.0,River_Arno
2009-12-07,0.0,River_Arno
2009-12-08,0.0,River_Arno
2009-12-09,0.0,River_Arno
2009-12-10,18.2,River_Arno
2009-12-11,0.2,River_Arno
2009-12-12,0.0,River_Arno
2010-01-01,45.4,River_Arno
2010-01-02,0.0,River_Arno
2010-01-03,1.0,River_Arno
2010-01-04,1.2,River_Arno
2010-01-05,0.0,River_Arno
2010-01-06,0.0,River_Arno
2010-01-07,0.0,River_Arno
2010-01-08,0.0,River_Arno
2010-01-09,0.0,River_Arno
2010-01-10,0.0,River_Arno
2010-01-11,40.0,River_Arno
2010-01-12,34.4,River_Arno
2010-02-01,10.4,River_Arno
2010-02-02,0.0,River_Arno
2010-02-03,1.0,River_Arno
2010-02-04,4.6,River_Arno
2010-02-05,3.4,River_Arno
2010-02-06,0.0,River_Arno
2010-02-07,0.0,River_Arno
2010-02-08,0.0,River_Arno
2010-02-09,0.0,River_Arno
2010-02-10,0.8,River_Arno
2010-02-11,15.4,River_Arno
2010-02-12,18.6,River_Arno
2010-03-01,0.0,River_Arno
2010-03-02,0.0,River_Arno
2010-03-03,0.0,River_Arno
2010-03-04,4.8,River_Arno
2010-03-05,36.2,River_Arno
2010-03-06,11.4,River_Arno
2010-03-07,0.0,River_Arno
2010-03-08,0.0,River_Arno
2010-03-09,0.0,River_Arno
2010-03-10,0.0,River_Arno
2010-03-11,8.0,River_Arno
2010-03-12,13.8,River_Arno
2010-04-01,0.0,River_Arno
2010-04-02,2.0,River_Arno
2010-04-03,37.0,River_Arno
2010-04-04,0.0,River_Arno
2010-04-05,12.6,River_Arno
2010-04-06,4.0,River_Arno
2010-04-07,0.0,River_Arno
2010-04-08,0.0,River_Arno
2010-04-09,0.0,River_Arno
2010-04-10,0.0,River_Arno
2010-04-11,0.2,River_Arno
2010-04-12,2.4,River_Arno
2010-05-01,0.4,River_Arno
2010-05-02,3.4,River_Arno
2010-05-03,0.0,River_Arno
2010-05-04,43.4,River_Arno
2010-05-05,24.4,River_Arno
2010-05-06,0.0,River_Arno
2010-05-07,0.0,River_Arno
2010-05-08,0.0,River_Arno
2010-05-09,0.0,River_Arno
2010-05-10,65.2,River_Arno
2010-05-11,0.0,River_Arno
2010-05-12,0.0,River_Arno
2010-06-01,21.8,River_Arno
2010-06-02,25.8,River_Arno
2010-06-03,0.6,River_Arno
2010-06-04,0.2,River_Arno
2010-06-05,17.4,River_Arno
2010-06-06,0.0,River_Arno
2010-06-07,0.0,River_Arno
2010-06-08,55.2,River_Arno
2010-06-09,0.0,River_Arno
2010-06-10,0.4,River_Arno
2010-06-11,0.2,River_Arno
2010-06-12,4.0,River_Arno
2010-07-01,27.2,River_Arno
2010-07-02,0.2,River_Arno
2010-07-03,0.0,River_Arno
2010-07-04,0.0,River_Arno
2010-07-05,6.4,River_Arno
2010-07-06,0.0,River_Arno
2010-07-07,0.8,River_Arno
2010-07-08,0.0,River_Arno
2010-07-09,0.0,River_Arno
2010-07-10,0.0,River_Arno
2010-07-11,0.2,River_Arno
2010-07-12,21.8,River_Arno
2010-08-01,6.6,River_Arno
2010-08-02,0.0,River_Arno
2010-08-03,0.0,River_Arno
2010-08-04,0.0,River_Arno
2010-08-05,0.0,River_Arno
2010-08-06,0.0,River_Arno
2010-08-07,0.0,River_Arno
2010-08-08,0.0,River_Arno
2010-08-09,4.0,River_Arno
2010-08-10,0.0,River_Arno
2010-08-11,49.2,River_Arno
2010-08-12,2.0,River_Arno
2010-09-01,11.6,River_Arno
2010-09-02,0.0,River_Arno
2010-09-03,0.0,River_Arno
2010-09-04,0.0,River_Arno
2010-09-05,0.0,River_Arno
2010-09-06,0.0,River_Arno
2010-09-07,0.0,River_Arno
2010-09-08,0.0,River_Arno
2010-09-09,18.2,River_Arno
2010-09-10,0.0,River_Arno
2010-09-11,19.4,River_Arno
2010-09-12,12.4,River_Arno
2010-10-01,17.4,River_Arno
2010-10-02,0.0,River_Arno
2010-10-03,0.0,River_Arno
2010-10-04,0.0,River_Arno
2010-10-05,2.2,River_Arno
2010-10-06,0.0,River_Arno
2010-10-07,0.0,River_Arno
2010-10-08,0.0,River_Arno
2010-10-09,0.0,River_Arno
2010-10-10,0.0,River_Arno
2010-10-11,24.4,River_Arno
2010-10-12,0.0,River_Arno
2010-11-01,0.0,River_Arno
2010-11-02,0.0,River_Arno
2010-11-03,5.2,River_Arno
2010-11-04,8.4,River_Arno
2010-11-05,13.0,River_Arno
2010-11-06,0.0,River_Arno
2010-11-07,0.0,River_Arno
2010-11-08,0.0,River_Arno
2010-11-09,0.0,River_Arno
2010-11-10,0.0,River_Arno
2010-11-11,23.0,River_Arno
2010-11-12,0.0,River_Arno
2010-12-01,0.2,River_Arno
2010-12-02,0.2,River_Arno
2010-12-03,1.2,River_Arno
2010-12-04,0.6,River_Arno
2010-12-05,8.0,River_Arno
2010-12-06,0.0,River_Arno
2010-12-07,0.0,River_Arno
2010-12-08,0.0,River_Arno
2010-12-09,0.0,River_Arno
2010-12-10,1.0,River_Arno
2010-12-11,2.4,River_Arno
2010-12-12,0.0,River_Arno
2011-01-01,0.0,River_Arno
2011-01-02,0.2,River_Arno
2011-01-03,0.2,River_Arno
2011-01-04,0.0,River_Arno
2011-01-05,1.0,River_Arno
2011-01-06,3.2,River_Arno
2011-01-07,7.0,River_Arno
2011-01-08,0.8,River_Arno
2011-01-09,0.0,River_Arno
2011-01-10,0.0,River_Arno
2011-01-11,0.0,River_Arno
2011-01-12,3.8,River_Arno
2011-02-01,0.0,River_Arno
2011-02-02,0.0,River_Arno
2011-02-03,0.0,River_Arno
2011-02-04,0.0,River_Arno
2011-02-05,1.6,River_Arno
2011-02-06,0.0,River_Arno
2011-02-07,1.2,River_Arno
2011-02-08,0.0,River_Arno
2011-02-09,0.0,River_Arno
2011-02-10,0.0,River_Arno
2011-02-11,0.0,River_Arno
2011-02-12,9.4,River_Arno
2011-03-01,0.0,River_Arno
2011-03-02,0.0,River_Arno
2011-03-03,2.0,River_Arno
2011-03-04,0.0,River_Arno
2011-03-05,0.2,River_Arno
2011-03-06,0.0,River_Arno
2011-03-07,0.0,River_Arno
2011-03-08,0.0,River_Arno
2011-03-09,0.0,River_Arno
2011-03-10,0.0,River_Arno
2011-03-11,0.0,River_Arno
2011-03-12,2.4,River_Arno
2011-04-01,0.0,River_Arno
2011-04-02,0.0,River_Arno
2011-04-03,0.0,River_Arno
2011-04-04,0.0,River_Arno
2011-04-05,0.0,River_Arno
2011-04-06,0.0,River_Arno
2011-04-07,0.6,River_Arno
2011-04-08,0.0,River_Arno
2011-04-09,9.6,River_Arno
2011-04-10,0.0,River_Arno
2011-04-11,2.4,River_Arno
2011-04-12,5.8,River_Arno
2011-05-01,0.0,River_Arno
2011-05-02,0.0,River_Arno
2011-05-03,0.0,River_Arno
2011-05-04,0.0,River_Arno
2011-05-05,0.0,River_Arno
2011-05-06,74.0,River_Arno
2011-05-07,5.2,River_Arno
2011-05-08,0.0,River_Arno
2011-05-09,6.6,River_Arno
2011-05-10,0.0,River_Arno
2011-05-11,0.0,River_Arno
2011-05-12,30.4,River_Arno
2011-06-01,12.2,River_Arno
2011-06-02,0.0,River_Arno
2011-06-03,0.2,River_Arno
2011-06-04,0.0,River_Arno
2011-06-05,0.0,River_Arno
2011-06-06,0.0,River_Arno
2011-06-07,0.0,River_Arno
2011-06-08,0.0,River_Arno
2011-06-09,0.0,River_Arno
2011-06-10,0.0,River_Arno
2011-06-11,5.2,River_Arno
2011-06-12,0.0,River_Arno
2011-07-01,2.2,River_Arno
2011-07-02,0.0,River_Arno
2011-07-03,0.0,River_Arno
2011-07-04,0.0,River_Arno
2011-07-05,0.0,River_Arno
2011-07-06,23.4,River_Arno
2011-07-07,0.0,River_Arno
2011-07-08,0.0,River_Arno
2011-07-09,0.0,River_Arno
2011-07-10,20.2,River_Arno
2011-07-11,16.6,River_Arno
2011-07-12,0.0,River_Arno
2011-08-01,0.0,River_Arno
2011-08-02,0.0,River_Arno
2011-08-03,0.0,River_Arno
2011-08-04,0.0,River_Arno
2011-08-05,0.0,River_Arno
2011-08-06,14.0,River_Arno
2011-08-07,0.0,River_Arno
2011-08-08,7.8,River_Arno
2011-08-09,0.0,River_Arno
2011-08-10,0.2,River_Arno
2011-08-11,5.0,River_Arno
2011-08-12,0.0,River_Arno
2011-09-01,0.0,River_Arno
2011-09-02,0.0,River_Arno
2011-09-03,0.0,River_Arno
2011-09-04,0.0,River_Arno
2011-09-05,0.0,River_Arno
2011-09-06,6.2,River_Arno
2011-09-07,0.0,River_Arno
2011-09-08,0.0,River_Arno
2011-09-09,0.0,River_Arno
2011-09-10,0.0,River_Arno
2011-09-11,0.0,River_Arno
2011-09-12,1.8,River_Arno
2011-10-01,7.8,River_Arno
2011-10-02,0.0,River_Arno
2011-10-03,0.0,River_Arno
2011-10-04,0.2,River_Arno
2011-10-05,0.0,River_Arno
2011-10-06,0.0,River_Arno
2011-10-07,0.0,River_Arno
2011-10-08,0.0,River_Arno
2011-10-09,0.0,River_Arno
2011-10-10,0.0,River_Arno
2011-10-11,0.0,River_Arno
2011-10-12,9.4,River_Arno
2011-11-01,9.6,River_Arno
2011-11-02,0.0,River_Arno
2011-11-03,0.0,River_Arno
2011-11-04,0.0,River_Arno
2011-11-05,0.0,River_Arno
2011-11-06,0.0,River_Arno
2011-11-07,0.0,River_Arno
2011-11-08,0.0,River_Arno
2011-11-09,0.0,River_Arno
2011-11-10,0.0,River_Arno
2011-11-11,0.0,River_Arno
2011-11-12,0.6,River_Arno
2011-12-01,0.8,River_Arno
2011-12-02,1.2,River_Arno
2011-12-03,0.2,River_Arno
2011-12-04,2.0,River_Arno
2011-12-05,0.0,River_Arno
2011-12-06,1.0,River_Arno
2011-12-07,0.0,River_Arno
2011-12-08,0.0,River_Arno
2011-12-09,0.0,River_Arno
2011-12-10,0.0,River_Arno
2011-12-11,0.0,River_Arno
2011-12-12,38.0,River_Arno
2012-01-01,0.0,River_Arno
2012-01-02,0.0,River_Arno
2012-01-03,0.2,River_Arno
2012-01-04,0.0,River_Arno
2012-01-05,9.6,River_Arno
2012-01-06,0.0,River_Arno
2012-01-07,0.0,River_Arno
2012-01-08,0.0,River_Arno
2012-01-09,6.0,River_Arno
2012-01-10,3.6,River_Arno
2012-01-11,12.4,River_Arno
2012-01-12,13.4,River_Arno
2012-02-01,13.4,River_Arno
2012-02-02,0.0,River_Arno
2012-02-03,0.0,River_Arno
2012-02-04,0.0,River_Arno
2012-02-05,0.2,River_Arno
2012-02-06,0.0,River_Arno
2012-02-07,0.0,River_Arno
2012-02-08,0.0,River_Arno
2012-02-09,0.2,River_Arno
2012-02-10,0.0,River_Arno
2012-02-11,0.4,River_Arno
2012-02-12,4.0,River_Arno
2012-03-01,4.0,River_Arno
2012-03-02,0.0,River_Arno
2012-03-03,0.0,River_Arno
2012-03-04,2.0,River_Arno
2012-03-05,0.0,River_Arno
2012-03-06,0.0,River_Arno
2012-03-07,0.0,River_Arno
2012-03-08,0.0,River_Arno
2012-03-09,17.6,River_Arno
2012-03-10,0.0,River_Arno
2012-03-11,0.2,River_Arno
2012-03-12,1.0,River_Arno
2012-04-01,3.6,River_Arno
2012-04-02,0.0,River_Arno
2012-04-03,0.0,River_Arno
2012-04-04,0.0,River_Arno
2012-04-05,0.0,River_Arno
2012-04-06,15.6,River_Arno
2012-04-07,0.0,River_Arno
2012-04-08,0.0,River_Arno
2012-04-09,0.2,River_Arno
2012-04-10,0.0,River_Arno
2012-04-11,18.8,River_Arno
2012-04-12,40.2,River_Arno
2012-05-01,3.2,River_Arno
2012-05-02,0.0,River_Arno
2012-05-03,5.4,River_Arno
2012-05-04,0.0,River_Arno
2012-05-05,0.2,River_Arno
2012-05-06,0.0,River_Arno
2012-05-07,0.0,River_Arno
2012-05-08,0.0,River_Arno
2012-05-09,0.2,River_Arno
2012-05-10,0.0,River_Arno
2012-05-11,9.6,River_Arno
2012-05-12,0.2,River_Arno
2012-06-01,0.0,River_Arno
2012-06-02,2.6,River_Arno
2012-06-03,16.0,River_Arno
2012-06-04,0.0,River_Arno
2012-06-05,17.0,River_Arno
2012-06-06,0.0,River_Arno
2012-06-07,0.0,River_Arno
2012-06-08,0.0,River_Arno
2012-06-09,0.0,River_Arno
2012-06-10,0.2,River_Arno
2012-06-11,0.6,River_Arno
2012-06-12,0.2,River_Arno
2012-07-01,0.0,River_Arno
2012-07-02,0.4,River_Arno
2012-07-03,0.0,River_Arno
2012-07-04,16.2,River_Arno
2012-07-05,14.2,River_Arno
2012-07-06,0.0,River_Arno
2012-07-07,0.0,River_Arno
2012-07-08,0.0,River_Arno
2012-07-09,0.0,River_Arno
2012-07-10,0.0,River_Arno
2012-07-11,0.0,River_Arno
2012-07-12,2.0,River_Arno
2012-08-01,0.0,River_Arno
2012-08-02,0.8,River_Arno
2012-08-03,0.0,River_Arno
2012-08-04,18.2,River_Arno
2012-08-05,0.0,River_Arno
2012-08-06,0.0,River_Arno
2012-08-07,0.0,River_Arno
2012-08-08,0.0,River_Arno
2012-08-09,0.0,River_Arno
2012-08-10,0.0,River_Arno
2012-08-11,0.0,River_Arno
2012-08-12,5.8,River_Arno
2012-09-01,0.0,River_Arno
2012-09-02,5.2,River_Arno
2012-09-03,0.0,River_Arno
2012-09-04,0.0,River_Arno
2012-09-05,0.0,River_Arno
2012-09-06,0.2,River_Arno
2012-09-07,0.0,River_Arno
2012-09-08,0.0,River_Arno
2012-09-09,0.0,River_Arno
2012-09-10,2.0,River_Arno
2012-09-11,0.4,River_Arno
2012-09-12,12.2,River_Arno
2012-10-01,0.0,River_Arno
2012-10-02,0.0,River_Arno
2012-10-03,0.0,River_Arno
2012-10-04,2.4,River_Arno
2012-10-05,0.0,River_Arno
2012-10-06,2.0,River_Arno
2012-10-07,0.0,River_Arno
2012-10-08,0.0,River_Arno
2012-10-09,0.0,River_Arno
2012-10-10,0.0,River_Arno
2012-10-11,0.4,River_Arno
2012-10-12,0.0,River_Arno
2012-11-01,0.0,River_Arno
2012-11-02,0.0,River_Arno
2012-11-03,0.0,River_Arno
2012-11-04,31.8,River_Arno
2012-11-05,0.0,River_Arno
2012-11-06,24.0,River_Arno
2012-11-07,0.0,River_Arno
2012-11-08,0.0,River_Arno
2012-11-09,0.0,River_Arno
2012-11-10,5.0,River_Arno
2012-11-11,15.2,River_Arno
2012-11-12,0.0,River_Arno
2012-12-01,0.0,River_Arno
2012-12-02,0.0,River_Arno
2012-12-03,0.0,River_Arno
2012-12-04,1.4,River_Arno
2012-12-05,0.0,River_Arno
2012-12-06,9.0,River_Arno
2012-12-07,0.0,River_Arno
2012-12-08,0.0,River_Arno
2012-12-09,0.0,River_Arno
2012-12-10,4.8,River_Arno
2012-12-11,6.8,River_Arno
2012-12-12,0.0,River_Arno
2013-01-01,0.8,River_Arno
2013-01-02,0.2,River_Arno
2013-01-03,0.0,River_Arno
2013-01-04,4.6,River_Arno
2013-01-05,0.4,River_Arno
2013-01-06,0.2,River_Arno
2013-01-07,0.0,River_Arno
2013-01-08,0.0,River_Arno
2013-01-09,0.0,River_Arno
2013-01-10,0.2,River_Arno
2013-01-11,0.0,River_Arno
2013-01-12,0.0,River_Arno
2013-02-01,14.2,River_Arno
2013-02-02,16.4,River_Arno
2013-02-03,0.0,River_Arno
2013-02-04,17.2,River_Arno
2013-02-05,3.2,River_Arno
2013-02-06,1.4,River_Arno
2013-02-07,0.0,River_Arno
2013-02-08,0.0,River_Arno
2013-02-09,0.0,River_Arno
2013-02-10,0.0,River_Arno
2013-02-11,6.6,River_Arno
2013-02-12,0.0,River_Arno
2013-03-01,0.2,River_Arno
2013-03-02,2.2,River_Arno
2013-03-03,0.0,River_Arno
2013-03-04,0.0,River_Arno
2013-03-05,0.0,River_Arno
2013-03-06,2.2,River_Arno
2013-03-07,0.0,River_Arno
2013-03-08,0.0,River_Arno
2013-03-09,0.0,River_Arno
2013-03-10,0.0,River_Arno
2013-03-11,0.0,River_Arno
2013-03-12,0.0,River_Arno
2013-04-01,0.2,River_Arno
2013-04-02,0.0,River_Arno
2013-04-03,0.0,River_Arno
2013-04-04,1.2,River_Arno
2013-04-05,0.0,River_Arno
2013-04-06,0.2,River_Arno
2013-04-07,0.2,River_Arno
2013-04-08,0.0,River_Arno
2013-04-09,0.0,River_Arno
2013-04-10,0.2,River_Arno
2013-04-11,14.4,River_Arno
2013-04-12,0.0,River_Arno
2013-05-01,0.0,River_Arno
2013-05-02,2.0,River_Arno
2013-05-03,8.2,River_Arno
2013-05-04,19.4,River_Arno
2013-05-05,12.0,River_Arno
2013-05-06,0.8,River_Arno
2013-05-07,0.0,River_Arno
2013-05-08,0.0,River_Arno
2013-05-09,0.0,River_Arno
2013-05-10,60.4,River_Arno
2013-05-11,5.0,River_Arno
2013-05-12,0.0,River_Arno
2013-06-01,0.2,River_Arno
2013-06-02,0.2,River_Arno
2013-06-03,23.2,River_Arno
2013-06-04,0.6,River_Arno
2013-06-05,0.0,River_Arno
2013-06-06,0.2,River_Arno
2013-06-07,0.0,River_Arno
2013-06-08,0.0,River_Arno
2013-06-09,0.0,River_Arno
2013-06-10,0.4,River_Arno
2013-06-11,0.0,River_Arno
2013-06-12,0.0,River_Arno
2013-07-01,0.2,River_Arno
2013-07-02,0.0,River_Arno
2013-07-03,10.2,River_Arno
2013-07-04,0.0,River_Arno
2013-07-05,0.0,River_Arno
2013-07-06,0.0,River_Arno
2013-07-07,0.0,River_Arno
2013-07-08,0.0,River_Arno
2013-07-09,0.0,River_Arno
2013-07-10,4.8,River_Arno
2013-07-11,0.0,River_Arno
2013-07-12,0.2,River_Arno
2013-08-01,0.0,River_Arno
2013-08-02,0.0,River_Arno
2013-08-03,14.0,River_Arno
2013-08-04,4.4,River_Arno
2013-08-05,0.4,River_Arno
2013-08-06,0.0,River_Arno
2013-08-07,0.0,River_Arno
2013-08-08,0.0,River_Arno
2013-08-09,0.0,River_Arno
2013-08-10,0.2,River_Arno
2013-08-11,0.2,River_Arno
2013-08-12,0.0,River_Arno
2013-09-01,0.0,River_Arno
2013-09-02,0.0,River_Arno
2013-09-03,11.0,River_Arno
2013-09-04,8.4,River_Arno
2013-09-05,0.0,River_Arno
2013-09-06,3.2,River_Arno
2013-09-07,0.0,River_Arno
2013-09-08,0.4,River_Arno
2013-09-09,26.2,River_Arno
2013-09-10,0.0,River_Arno
2013-09-11,6.0,River_Arno
2013-09-12,0.2,River_Arno
2013-10-01,0.0,River_Arno
2013-10-02,0.0,River_Arno
2013-10-03,8.4,River_Arno
2013-10-04,0.8,River_Arno
2013-10-05,1.6,River_Arno
2013-10-06,1.6,River_Arno
2013-10-07,0.0,River_Arno
2013-10-08,0.0,River_Arno
2013-10-09,5.0,River_Arno
2013-10-10,9.2,River_Arno
2013-10-11,14.0,River_Arno
2013-10-12,0.2,River_Arno
2013-11-01,5.4,River_Arno
2013-11-02,0.6,River_Arno
2013-11-03,6.0,River_Arno
2013-11-04,0.0,River_Arno
2013-11-05,0.8,River_Arno
2013-11-06,0.0,River_Arno
2013-11-07,0.0,River_Arno
2013-11-08,0.0,River_Arno
2013-11-09,3.2,River_Arno
2013-11-10,0.6,River_Arno
2013-11-11,8.6,River_Arno
2013-11-12,0.0,River_Arno
2013-12-01,6.4,River_Arno
2013-12-02,27.4,River_Arno
2013-12-03,3.4,River_Arno
2013-12-04,0.2,River_Arno
2013-12-05,13.6,River_Arno
2013-12-06,0.0,River_Arno
2013-12-07,0.0,River_Arno
2013-12-08,0.0,River_Arno
2013-12-09,2.0,River_Arno
2013-12-10,3.8,River_Arno
2013-12-11,0.0,River_Arno
2013-12-12,0.0,River_Arno
2014-01-01,0.0,River_Arno
2014-01-02,6.0,River_Arno
2014-01-03,16.2,River_Arno
2014-01-04,0.0,River_Arno
2014-01-05,0.4,River_Arno
2014-01-06,0.0,River_Arno
2014-01-07,0.0,River_Arno
2014-01-08,0.0,River_Arno
2014-01-09,16.0,River_Arno
2014-01-10,7.0,River_Arno
2014-01-11,0.0,River_Arno
2014-01-12,2.2,River_Arno
2014-02-01,24.2,River_Arno
2014-02-02,4.2,River_Arno
2014-02-03,0.0,River_Arno
2014-02-04,0.0,River_Arno
2014-02-05,13.6,River_Arno
2014-02-06,0.0,River_Arno
2014-02-07,0.0,River_Arno
2014-02-08,0.0,River_Arno
2014-02-09,0.0,River_Arno
2014-02-10,0.0,River_Arno
2014-02-11,0.0,River_Arno
2014-02-12,0.0,River_Arno
2014-03-01,12.2,River_Arno
2014-03-02,2.4,River_Arno
2014-03-03,0.4,River_Arno
2014-03-04,0.0,River_Arno
2014-03-05,9.0,River_Arno
2014-03-06,0.0,River_Arno
2014-03-07,0.0,River_Arno
2014-03-08,5.0,River_Arno
2014-03-09,0.2,River_Arno
2014-03-10,0.0,River_Arno
2014-03-11,0.0,River_Arno
2014-03-12,10.4,River_Arno
2014-04-01,7.4,River_Arno
2014-04-02,8.2,River_Arno
2014-04-03,9.6,River_Arno
2014-04-04,15.2,River_Arno
2014-04-05,0.0,River_Arno
2014-04-06,0.0,River_Arno
2014-04-07,0.0,River_Arno
2014-04-08,0.0,River_Arno
2014-04-09,0.0,River_Arno
2014-04-10,0.0,River_Arno
2014-04-11,0.0,River_Arno
2014-04-12,12.8,River_Arno
2014-05-01,19.8,River_Arno
2014-05-02,16.2,River_Arno
2014-05-03,0.0,River_Arno
2014-05-04,3.4,River_Arno
2014-05-05,0.0,River_Arno
2014-05-06,0.0,River_Arno
2014-05-07,0.0,River_Arno
2014-05-08,1.8,River_Arno
2014-05-09,0.2,River_Arno
2014-05-10,0.0,River_Arno
2014-05-11,30.2,River_Arno
2014-05-12,3.2,River_Arno
2014-06-01,0.2,River_Arno
2014-06-02,6.4,River_Arno
2014-06-03,0.0,River_Arno
2014-06-04,0.0,River_Arno
2014-06-05,0.0,River_Arno
2014-06-06,0.0,River_Arno
2014-06-07,0.0,River_Arno
2014-06-08,0.0,River_Arno
2014-06-09,0.0,River_Arno
2014-06-10,0.0,River_Arno
2014-06-11,21.8,River_Arno
2014-06-12,4.6,River_Arno
2014-07-01,0.2,River_Arno
2014-07-02,21.0,River_Arno
2014-07-03,0.0,River_Arno
2014-07-04,0.0,River_Arno
2014-07-05,2.0,River_Arno
2014-07-06,0.0,River_Arno
2014-07-07,5.2,River_Arno
2014-07-08,0.0,River_Arno
2014-07-09,0.0,River_Arno
2014-07-10,0.0,River_Arno
2014-07-11,0.4,River_Arno
2014-07-12,0.4,River_Arno
2014-08-01,0.0,River_Arno
2014-08-02,0.8,River_Arno
2014-08-03,0.0,River_Arno
2014-08-04,2.6,River_Arno
2014-08-05,0.2,River_Arno
2014-08-06,0.0,River_Arno
2014-08-07,17.0,River_Arno
2014-08-08,0.0,River_Arno
2014-08-09,0.0,River_Arno
2014-08-10,0.0,River_Arno
2014-08-11,0.0,River_Arno
2014-08-12,0.0,River_Arno
2014-09-01,0.0,River_Arno
2014-09-02,8.2,River_Arno
2014-09-03,0.0,River_Arno
2014-09-04,0.0,River_Arno
2014-09-05,0.0,River_Arno
2014-09-06,0.0,River_Arno
2014-09-07,5.8,River_Arno
2014-09-08,0.0,River_Arno
2014-09-09,0.0,River_Arno
2014-09-10,0.0,River_Arno
2014-09-11,0.8,River_Arno
2014-09-12,0.0,River_Arno
2014-10-01,2.2,River_Arno
2014-10-02,71.8,River_Arno
2014-10-03,0.0,River_Arno
2014-10-04,0.0,River_Arno
2014-10-05,0.0,River_Arno
2014-10-06,0.0,River_Arno
2014-10-07,2.8,River_Arno
2014-10-08,0.0,River_Arno
2014-10-09,12.8,River_Arno
2014-10-10,0.0,River_Arno
2014-10-11,14.0,River_Arno
2014-10-12,0.0,River_Arno
2014-11-01,0.4,River_Arno
2014-11-02,27.0,River_Arno
2014-11-03,0.0,River_Arno
2014-11-04,0.0,River_Arno
2014-11-05,0.0,River_Arno
2014-11-06,0.0,River_Arno
2014-11-07,0.0,River_Arno
2014-11-08,0.0,River_Arno
2014-11-09,16.8,River_Arno
2014-11-10,32.4,River_Arno
2014-11-11,0.2,River_Arno
2014-11-12,0.0,River_Arno
2014-12-01,0.2,River_Arno
2014-12-02,0.2,River_Arno
2014-12-03,0.0,River_Arno
2014-12-04,0.0,River_Arno
2014-12-05,0.0,River_Arno
2014-12-06,0.0,River_Arno
2014-12-07,5.0,River_Arno
2014-12-08,0.0,River_Arno
2014-12-09,6.2,River_Arno
2014-12-10,4.6,River_Arno
2014-12-11,2.2,River_Arno
2014-12-12,0.0,River_Arno
2015-01-01,0.0,River_Arno
2015-01-02,1.0,River_Arno
2015-01-03,1.0,River_Arno
2015-01-04,0.0,River_Arno
2015-01-05,0.0,River_Arno
2015-01-06,0.0,River_Arno
2015-01-07,0.0,River_Arno
2015-01-08,32.8,River_Arno
2015-01-09,0.0,River_Arno
2015-01-10,6.8,River_Arno
2015-01-11,0.0,River_Arno
2015-01-12,0.0,River_Arno
2015-02-01,0.0,River_Arno
2015-02-02,0.2,River_Arno
2015-02-03,16.4,River_Arno
2015-02-04,0.0,River_Arno
2015-02-05,2.0,River_Arno
2015-02-06,0.0,River_Arno
2015-02-07,0.0,River_Arno
2015-02-08,0.2,River_Arno
2015-02-09,0.0,River_Arno
2015-02-10,6.0,River_Arno
2015-02-11,0.0,River_Arno
2015-02-12,0.0,River_Arno
2015-03-01,0.0,River_Arno
2015-03-02,3.4,River_Arno
2015-03-03,0.0,River_Arno
2015-03-04,0.0,River_Arno
2015-03-05,0.0,River_Arno
2015-03-06,0.0,River_Arno
2015-03-07,0.0,River_Arno
2015-03-08,0.0,River_Arno
2015-03-09,0.0,River_Arno
2015-03-10,0.8,River_Arno
2015-03-11,0.0,River_Arno
2015-03-12,0.0,River_Arno
2015-04-01,0.0,River_Arno
2015-04-02,1.2,River_Arno
2015-04-03,12.6,River_Arno
2015-04-04,31.6,River_Arno
2015-04-05,0.0,River_Arno
2015-04-06,0.0,River_Arno
2015-04-07,0.0,River_Arno
2015-04-08,0.0,River_Arno
2015-04-09,1.0,River_Arno
2015-04-10,27.0,River_Arno
2015-04-11,0.0,River_Arno
2015-04-12,0.0,River_Arno
2015-05-01,0.0,River_Arno
2015-05-02,32.8,River_Arno
2015-05-03,3.2,River_Arno
2015-05-04,0.8,River_Arno
2015-05-05,0.0,River_Arno
2015-05-06,0.0,River_Arno
2015-05-07,0.0,River_Arno
2015-05-08,0.0,River_Arno
2015-05-09,0.0,River_Arno
2015-05-10,7.8,River_Arno
2015-05-11,0.0,River_Arno
2015-05-12,0.0,River_Arno
2015-06-01,0.0,River_Arno
2015-06-02,1.8,River_Arno
2015-06-03,0.0,River_Arno
2015-06-04,0.0,River_Arno
2015-06-05,0.0,River_Arno
2015-06-06,0.0,River_Arno
2015-06-07,0.0,River_Arno
2015-06-08,0.0,River_Arno
2015-06-09,0.0,River_Arno
2015-06-10,2.0,River_Arno
2015-06-11,0.0,River_Arno
2015-06-12,0.0,River_Arno
2015-07-01,0.0,River_Arno
2015-07-02,0.0,River_Arno
2015-07-03,0.0,River_Arno
2015-07-04,0.0,River_Arno
2015-07-05,0.0,River_Arno
2015-07-06,0.0,River_Arno
2015-07-07,0.0,River_Arno
2015-07-08,0.0,River_Arno
2015-07-09,0.0,River_Arno
2015-07-10,7.6,River_Arno
2015-07-11,0.2,River_Arno
2015-07-12,0.2,River_Arno
2015-08-01,0.0,River_Arno
2015-08-02,0.0,River_Arno
2015-08-03,0.0,River_Arno
2015-08-04,0.0,River_Arno
2015-08-05,0.0,River_Arno
2015-08-06,0.0,River_Arno
2015-08-07,0.0,River_Arno
2015-08-08,0.0,River_Arno
2015-08-09,0.0,River_Arno
2015-08-10,0.0,River_Arno
2015-08-11,0.0,River_Arno
2015-08-12,0.0,River_Arno
2015-09-01,0.0,River_Arno
2015-09-02,0.2,River_Arno
2015-09-03,0.0,River_Arno
2015-09-04,0.0,River_Arno
2015-09-05,0.0,River_Arno
2015-09-06,0.0,River_Arno
2015-09-07,0.0,River_Arno
2015-09-08,24.4,River_Arno
2015-09-09,0.0,River_Arno
2015-09-10,0.0,River_Arno
2015-09-11,0.0,River_Arno
2015-09-12,0.0,River_Arno
2015-10-01,0.2,River_Arno
2015-10-02,0.0,River_Arno
2015-10-03,0.0,River_Arno
2015-10-04,0.0,River_Arno
2015-10-05,0.0,River_Arno
2015-10-06,23.0,River_Arno
2015-10-07,0.0,River_Arno
2015-10-08,6.4,River_Arno
2015-10-09,0.0,River_Arno
2015-10-10,13.4,River_Arno
2015-10-11,0.0,River_Arno
2015-10-12,0.0,River_Arno
2015-11-01,0.8,River_Arno
2015-11-02,0.0,River_Arno
2015-11-03,0.0,River_Arno
2015-11-04,0.0,River_Arno
2015-11-05,0.0,River_Arno
2015-11-06,0.0,River_Arno
2015-11-07,0.0,River_Arno
2015-11-08,0.0,River_Arno
2015-11-09,0.0,River_Arno
2015-11-10,0.0,River_Arno
2015-11-11,0.0,River_Arno
2015-11-12,0.0,River_Arno
2015-12-01,0.0,River_Arno
2015-12-02,0.0,River_Arno
2015-12-03,0.0,River_Arno
2015-12-04,0.0,River_Arno
2015-12-05,0.0,River_Arno
2015-12-06,0.0,River_Arno
2015-12-07,0.0,River_Arno
2015-12-08,0.0,River_Arno
2015-12-09,0.0,River_Arno
2015-12-10,1.2,River_Arno
2015-12-11,0.2,River_Arno
2015-12-12,0.0,River_Arno
2016-01-01,47.8,River_Arno
2016-01-02,2.0,River_Arno
2016-01-03,4.0,River_Arno
2016-01-04,0.0,River_Arno
2016-01-05,0.0,River_Arno
2016-01-06,8.4,River_Arno
2016-01-07,0.0,River_Arno
2016-01-08,0.0,River_Arno
2016-01-09,0.0,River_Arno
2016-01-10,8.8,River_Arno
2016-01-11,11.6,River_Arno
2016-01-12,0.0,River_Arno
2016-02-01,6.0,River_Arno
2016-02-02,12.4,River_Arno
2016-02-03,6.8,River_Arno
2016-02-04,0.0,River_Arno
2016-02-05,5.0,River_Arno
2016-02-06,0.6,River_Arno
2016-02-07,0.0,River_Arno
2016-02-08,0.0,River_Arno
2016-02-09,0.0,River_Arno
2016-02-10,0.0,River_Arno
2016-02-11,0.2,River_Arno
2016-02-12,0.0,River_Arno
2016-03-01,12.6,River_Arno
2016-03-02,0.0,River_Arno
2016-03-03,0.0,River_Arno
2016-03-04,0.0,River_Arno
2016-03-05,0.8,River_Arno
2016-03-06,0.0,River_Arno
2016-03-07,0.0,River_Arno
2016-03-08,0.0,River_Arno
2016-03-09,0.0,River_Arno
2016-03-10,0.0,River_Arno
2016-03-11,0.0,River_Arno
2016-03-12,0.0,River_Arno
2016-04-01,8.4,River_Arno
2016-04-02,0.0,River_Arno
2016-04-03,24.0,River_Arno
2016-04-04,0.0,River_Arno
2016-04-05,0.0,River_Arno
2016-04-06,3.0,River_Arno
2016-04-07,0.0,River_Arno
2016-04-08,3.0,River_Arno
2016-04-09,0.0,River_Arno
2016-04-10,0.0,River_Arno
2016-04-11,43.4,River_Arno
2016-04-12,0.0,River_Arno
2016-05-01,9.8,River_Arno
2016-05-02,0.0,River_Arno
2016-05-03,11.4,River_Arno
2016-05-04,0.0,River_Arno
2016-05-05,0.0,River_Arno
2016-05-06,42.4,River_Arno
2016-05-07,0.4,River_Arno
2016-05-08,3.2,River_Arno
2016-05-09,3.6,River_Arno
2016-05-10,0.8,River_Arno
2016-05-11,27.4,River_Arno
2016-05-12,0.2,River_Arno
2016-06-01,4.0,River_Arno
2016-06-02,6.4,River_Arno
2016-06-03,1.4,River_Arno
2016-06-04,0.0,River_Arno
2016-06-05,0.0,River_Arno
2016-06-06,0.2,River_Arno
2016-06-07,0.0,River_Arno
2016-06-08,0.0,River_Arno
2016-06-09,0.0,River_Arno
2016-06-10,0.0,River_Arno
2016-06-11,3.2,River_Arno
2016-06-12,0.0,River_Arno
2016-07-01,3.6,River_Arno
2016-07-02,3.2,River_Arno
2016-07-03,9.2,River_Arno
2016-07-04,5.8,River_Arno
2016-07-05,1.0,River_Arno
2016-07-06,12.4,River_Arno
2016-07-07,0.0,River_Arno
2016-07-08,0.0,River_Arno
2016-07-09,0.0,River_Arno
2016-07-10,14.6,River_Arno
2016-07-11,0.6,River_Arno
2016-07-12,0.0,River_Arno
2016-08-01,6.2,River_Arno
2016-08-02,17.4,River_Arno
2016-08-03,0.8,River_Arno
2016-08-04,1.0,River_Arno
2016-08-05,0.0,River_Arno
2016-08-06,4.2,River_Arno
2016-08-07,0.0,River_Arno
2016-08-08,0.0,River_Arno
2016-08-09,0.0,River_Arno
2016-08-10,0.8,River_Arno
2016-08-11,10.0,River_Arno
2016-08-12,0.0,River_Arno
2016-09-01,8.6,River_Arno
2016-09-02,6.0,River_Arno
2016-09-03,0.0,River_Arno
2016-09-04,0.0,River_Arno
2016-09-05,0.2,River_Arno
2016-09-06,1.6,River_Arno
2016-09-07,0.0,River_Arno
2016-09-08,0.0,River_Arno
2016-09-09,0.0,River_Arno
2016-09-10,0.2,River_Arno
2016-09-11,0.0,River_Arno
2016-09-12,0.0,River_Arno
2016-10-01,1.4,River_Arno
2016-10-02,0.4,River_Arno
2016-10-03,0.0,River_Arno
2016-10-04,0.0,River_Arno
2016-10-05,17.0,River_Arno
2016-10-06,5.4,River_Arno
2016-10-07,0.0,River_Arno
2016-10-08,0.0,River_Arno
2016-10-09,0.0,River_Arno
2016-10-10,0.0,River_Arno
2016-10-11,15.6,River_Arno
2016-10-12,0.0,River_Arno
2016-11-01,0.0,River_Arno
2016-11-02,35.2,River_Arno
2016-11-03,0.0,River_Arno
2016-11-04,0.0,River_Arno
2016-11-05,4.6,River_Arno
2016-11-06,5.6,River_Arno
2016-11-07,0.0,River_Arno
2016-11-08,0.0,River_Arno
2016-11-09,0.0,River_Arno
2016-11-10,0.0,River_Arno
2016-11-11,0.4,River_Arno
2016-11-12,0.2,River_Arno
2016-12-01,0.0,River_Arno
2016-12-02,8.8,River_Arno
2016-12-03,0.0,River_Arno
2016-12-04,0.0,River_Arno
2016-12-05,7.8,River_Arno
2016-12-06,0.2,River_Arno
2016-12-07,0.0,River_Arno
2016-12-08,0.0,River_Arno
2016-12-09,0.0,River_Arno
2016-12-10,7.2,River_Arno
2016-12-11,0.0,River_Arno
2016-12-12,0.0,River_Arno
2017-01-01,16.2,River_Arno
2017-01-02,9.4,River_Arno
2017-01-03,2.6,River_Arno
2017-01-04,0.0,River_Arno
2017-01-05,0.0,River_Arno
2017-01-06,0.0,River_Arno
2017-01-07,0.0,River_Arno
2017-01-08,0.0,River_Arno
2017-01-09,1.0,River_Arno
2017-01-10,0.0,River_Arno
2017-01-11,1.4,River_Arno
2017-01-12,0.0,River_Arno
2017-02-01,14.2,River_Arno
2017-02-02,4.8,River_Arno
2017-02-03,0.0,River_Arno
2017-02-04,0.0,River_Arno
2017-02-05,2.0,River_Arno
2017-02-06,0.0,River_Arno
2017-02-07,0.0,River_Arno
2017-02-08,0.0,River_Arno
2017-02-09,0.2,River_Arno
2017-02-10,0.0,River_Arno
2017-02-11,3.0,River_Arno
2017-02-12,0.0,River_Arno
2017-03-01,0.0,River_Arno
2017-03-02,18.2,River_Arno
2017-03-03,14.8,River_Arno
2017-03-04,0.4,River_Arno
2017-03-05,5.8,River_Arno
2017-03-06,0.0,River_Arno
2017-03-07,0.0,River_Arno
2017-03-08,0.0,River_Arno
2017-03-09,0.0,River_Arno
2017-03-10,0.0,River_Arno
2017-03-11,0.2,River_Arno
2017-03-12,0.0,River_Arno
2017-04-01,0.0,River_Arno
2017-04-02,49.0,River_Arno
2017-04-03,21.2,River_Arno
2017-04-04,0.0,River_Arno
2017-04-05,0.0,River_Arno
2017-04-06,0.0,River_Arno
2017-04-07,0.0,River_Arno
2017-04-08,0.0,River_Arno
2017-04-09,0.0,River_Arno
2017-04-10,0.0,River_Arno
2017-04-11,32.0,River_Arno
2017-04-12,0.0,River_Arno
2017-05-01,0.0,River_Arno
2017-05-02,6.0,River_Arno
2017-05-03,40.0,River_Arno
2017-05-04,1.8,River_Arno
2017-05-05,14.6,River_Arno
2017-05-06,0.0,River_Arno
2017-05-07,0.0,River_Arno
2017-05-08,0.0,River_Arno
2017-05-09,1.8,River_Arno
2017-05-10,0.0,River_Arno
2017-05-11,28.2,River_Arno
2017-05-12,0.0,River_Arno
2017-06-01,0.0,River_Arno
2017-06-02,0.0,River_Arno
2017-06-03,0.0,River_Arno
2017-06-04,0.0,River_Arno
2017-06-05,2.0,River_Arno
2017-06-06,0.0,River_Arno
2017-06-07,0.0,River_Arno
2017-06-08,0.0,River_Arno
2017-06-09,25.6,River_Arno
2017-06-10,0.0,River_Arno
2017-06-11,19.4,River_Arno
2017-06-12,6.4,River_Arno
2017-07-01,0.0,River_Arno
2017-07-02,0.0,River_Arno
2017-07-03,0.0,River_Arno
2017-07-04,0.0,River_Arno
2017-07-05,5.2,River_Arno
2017-07-06,0.0,River_Arno
2017-07-07,0.0,River_Arno
2017-07-08,0.0,River_Arno
2017-07-09,0.0,River_Arno
2017-07-10,0.0,River_Arno
2017-07-11,0.0,River_Arno
2017-07-12,35.4,River_Arno
2017-08-01,0.0,River_Arno
2017-08-02,0.0,River_Arno
2017-08-03,0.0,River_Arno
2017-08-04,0.0,River_Arno
2017-08-05,5.0,River_Arno
2017-08-06,0.0,River_Arno
2017-08-07,0.0,River_Arno
2017-08-08,0.0,River_Arno
2017-08-09,10.2,River_Arno
2017-08-10,0.0,River_Arno
2017-08-11,0.6,River_Arno
2017-08-12,8.0,River_Arno
2017-09-01,0.0,River_Arno
2017-09-02,0.0,River_Arno
2017-09-03,0.0,River_Arno
2017-09-04,0.0,River_Arno
2017-09-05,2.8,River_Arno
2017-09-06,0.0,River_Arno
2017-09-07,0.0,River_Arno
2017-09-08,10.2,River_Arno
2017-09-09,88.4,River_Arno
2017-09-10,0.0,River_Arno
2017-09-11,0.0,River_Arno
2017-09-12,28.4,River_Arno
2017-10-01,0.0,River_Arno
2017-10-02,0.0,River_Arno
2017-10-03,0.0,River_Arno
2017-10-04,0.2,River_Arno
2017-10-05,0.0,River_Arno
2017-10-06,0.0,River_Arno
2017-10-07,0.0,River_Arno
2017-10-08,0.0,River_Arno
2017-10-09,2.6,River_Arno
2017-10-10,0.0,River_Arno
2017-10-11,0.2,River_Arno
2017-10-12,1.8,River_Arno
2017-11-01,1.8,River_Arno
2017-11-02,0.0,River_Arno
2017-11-03,0.0,River_Arno
2017-11-04,0.0,River_Arno
2017-11-05,0.0,River_Arno
2017-11-06,0.0,River_Arno
2017-11-07,0.0,River_Arno
2017-11-08,0.8,River_Arno
2017-11-09,0.2,River_Arno
2017-11-10,0.0,River_Arno
2017-11-11,6.8,River_Arno
2017-11-12,21.8,River_Arno
2017-12-01,15.8,River_Arno
2017-12-02,0.0,River_Arno
2017-12-03,0.0,River_Arno
2017-12-04,0.0,River_Arno
2017-12-05,0.0,River_Arno
2017-12-06,0.0,River_Arno
2017-12-07,0.0,River_Arno
2017-12-08,0.0,River_Arno
2017-12-09,0.0,River_Arno
2017-12-10,0.0,River_Arno
2017-12-11,49.0,River_Arno
2017-12-12,5.0,River_Arno
2018-01-01,5.0,River_Arno
2018-01-02,35.4,River_Arno
2018-01-03,36.0,River_Arno
2018-01-04,0.0,River_Arno
2018-01-05,14.2,River_Arno
2018-01-06,0.0,River_Arno
2018-01-07,0.0,River_Arno
2018-01-08,16.8,River_Arno
2018-01-09,4.0,River_Arno
2018-01-10,0.4,River_Arno
2018-01-11,2.6,River_Arno
2018-01-12,3.4,River_Arno
2018-02-01,6.6,River_Arno
2018-02-02,13.2,River_Arno
2018-02-03,28.8,River_Arno
2018-02-04,0.0,River_Arno
2018-02-05,4.2,River_Arno
2018-02-06,0.0,River_Arno
2018-02-07,0.0,River_Arno
2018-02-08,0.0,River_Arno
2018-02-09,0.2,River_Arno
2018-02-10,0.0,River_Arno
2018-02-11,0.0,River_Arno
2018-02-12,18.4,River_Arno
2018-03-01,2.6,River_Arno
2018-03-02,0.0,River_Arno
2018-03-03,1.6,River_Arno
2018-03-04,32.2,River_Arno
2018-03-05,2.4,River_Arno
2018-03-06,1.4,River_Arno
2018-03-07,0.0,River_Arno
2018-03-08,0.0,River_Arno
2018-03-09,0.0,River_Arno
2018-03-10,0.0,River_Arno
2018-03-11,6.0,River_Arno
2018-03-12,0.4,River_Arno
2018-04-01,3.8,River_Arno
2018-04-02,0.0,River_Arno
2018-04-03,4.0,River_Arno
2018-04-04,5.4,River_Arno
2018-04-05,0.0,River_Arno
2018-04-06,2.4,River_Arno
2018-04-07,0.0,River_Arno
2018-04-08,0.0,River_Arno
2018-04-09,0.0,River_Arno
2018-04-10,0.4,River_Arno
2018-04-11,0.6,River_Arno
2018-04-12,0.2,River_Arno
2018-05-01,0.2,River_Arno
2018-05-02,10.8,River_Arno
2018-05-03,5.6,River_Arno
2018-05-04,0.2,River_Arno
2018-05-05,0.6,River_Arno
2018-05-06,0.0,River_Arno
2018-05-07,3.2,River_Arno
2018-05-08,0.0,River_Arno
2018-05-09,0.0,River_Arno
2018-05-10,11.0,River_Arno
2018-05-11,8.4,River_Arno
2018-05-12,13.6,River_Arno
2018-06-01,0.0,River_Arno
2018-06-02,3.8,River_Arno
2018-06-03,15.0,River_Arno
2018-06-04,0.0,River_Arno
2018-06-05,0.6,River_Arno
2018-06-06,1.8,River_Arno
2018-06-07,0.0,River_Arno
2018-06-08,6.4,River_Arno
2018-06-09,1.4,River_Arno
2018-06-10,0.6,River_Arno
2018-06-11,6.0,River_Arno
2018-06-12,3.8,River_Arno
2018-07-01,0.0,River_Arno
2018-07-02,0.8,River_Arno
2018-07-03,0.0,River_Arno
2018-07-04,0.0,River_Arno
2018-07-05,1.2,River_Arno
2018-07-06,17.6,River_Arno
2018-07-07,0.0,River_Arno
2018-07-08,28.4,River_Arno
2018-07-09,0.0,River_Arno
2018-07-10,0.0,River_Arno
2018-07-11,0.0,River_Arno
2018-07-12,16.4,River_Arno
2018-08-01,4.2,River_Arno
2018-08-02,0.0,River_Arno
2018-08-03,0.0,River_Arno
2018-08-04,8.0,River_Arno
2018-08-05,0.2,River_Arno
2018-08-06,0.0,River_Arno
2018-08-07,0.0,River_Arno
2018-08-08,0.0,River_Arno
2018-08-09,0.0,River_Arno
2018-08-10,0.0,River_Arno
2018-08-11,0.0,River_Arno
2018-08-12,0.6,River_Arno
2018-09-01,0.4,River_Arno
2018-09-02,0.2,River_Arno
2018-09-03,2.0,River_Arno
2018-09-04,4.0,River_Arno
2018-09-05,2.8,River_Arno
2018-09-06,0.0,River_Arno
2018-09-07,0.0,River_Arno
2018-09-08,0.0,River_Arno
2018-09-09,0.0,River_Arno
2018-09-10,0.0,River_Arno
2018-09-11,0.2,River_Arno
2018-09-12,0.4,River_Arno
2018-10-01,6.2,River_Arno
2018-10-02,0.0,River_Arno
2018-10-03,39.8,River_Arno
2018-10-04,3.2,River_Arno
2018-10-05,0.0,River_Arno
2018-10-06,0.0,River_Arno
2018-10-07,0.0,River_Arno
2018-10-08,0.0,River_Arno
2018-10-09,0.0,River_Arno
2018-10-10,0.8,River_Arno
2018-10-11,5.4,River_Arno
2018-10-12,0.0,River_Arno
2018-11-01,0.0,River_Arno
2018-11-02,16.4,River_Arno
2018-11-03,11.6,River_Arno
2018-11-04,0.8,River_Arno
2018-11-05,0.0,River_Arno
2018-11-06,0.0,River_Arno
2018-11-07,0.0,River_Arno
2018-11-08,0.0,River_Arno
2018-11-09,0.0,River_Arno
2018-11-10,0.0,River_Arno
2018-11-11,0.2,River_Arno
2018-11-12,0.0,River_Arno
2018-12-01,0.0,River_Arno
2018-12-02,0.0,River_Arno
2018-12-03,12.8,River_Arno
2018-12-04,6.8,River_Arno
2018-12-05,6.4,River_Arno
2018-12-06,18.4,River_Arno
2018-12-07,0.0,River_Arno
2018-12-08,2.8,River_Arno
2018-12-09,0.0,River_Arno
2018-12-10,0.0,River_Arno
2018-12-11,0.4,River_Arno
2018-12-12,0.0,River_Arno
2019-01-01,0.0,River_Arno
2019-01-02,47.6,River_Arno
2019-01-03,0.0,River_Arno
2019-01-04,0.0,River_Arno
2019-01-05,0.0,River_Arno
2019-01-06,0.0,River_Arno
2019-01-07,0.0,River_Arno
2019-01-08,0.2,River_Arno
2019-01-09,0.6,River_Arno
2019-01-10,26.2,River_Arno
2019-01-11,33.8,River_Arno
2019-01-12,35.2,River_Arno
2019-02-01,0.0,River_Arno
2019-02-02,6.2,River_Arno
2019-02-03,0.0,River_Arno
2019-02-04,5.0,River_Arno
2019-02-05,2.2,River_Arno
2019-02-06,0.0,River_Arno
2019-02-07,0.0,River_Arno
2019-02-08,0.0,River_Arno
2019-02-09,0.0,River_Arno
2019-02-10,0.0,River_Arno
2019-02-11,32.0,River_Arno
2019-02-12,0.0,River_Arno
2019-03-01,0.0,River_Arno
2019-03-02,0.2,River_Arno
2019-03-03,1.0,River_Arno
2019-03-04,15.6,River_Arno
2019-03-05,0.0,River_Arno
2019-03-06,0.0,River_Arno
2019-03-07,0.0,River_Arno
2019-03-08,0.0,River_Arno
2019-03-09,0.0,River_Arno
2019-03-10,0.0,River_Arno
2019-03-11,3.4,River_Arno
2019-03-12,0.0,River_Arno
2019-04-01,0.0,River_Arno
2019-04-02,0.0,River_Arno
2019-04-03,0.0,River_Arno
2019-04-04,1.0,River_Arno
2019-04-05,22.8,River_Arno
2019-04-06,0.0,River_Arno
2019-04-07,0.0,River_Arno
2019-04-08,0.0,River_Arno
2019-04-09,0.0,River_Arno
2019-04-10,2.4,River_Arno
2019-04-11,20.6,River_Arno
2019-04-12,0.0,River_Arno
2019-05-01,0.0,River_Arno
2019-05-02,0.0,River_Arno
2019-05-03,0.0,River_Arno
2019-05-04,0.0,River_Arno
2019-05-05,0.0,River_Arno
2019-05-06,0.0,River_Arno
2019-05-07,0.0,River_Arno
2019-05-08,0.0,River_Arno
2019-05-09,1.6,River_Arno
2019-05-10,0.0,River_Arno
2019-05-11,17.4,River_Arno
2019-05-12,0.2,River_Arno
2019-06-01,0.2,River_Arno
2019-06-02,0.0,River_Arno
2019-06-03,0.0,River_Arno
2019-06-04,2.6,River_Arno
2019-06-05,0.0,River_Arno
2019-06-06,0.0,River_Arno
2019-06-07,2.4,River_Arno
2019-06-08,0.0,River_Arno
2019-06-09,0.2,River_Arno
2019-06-10,3.4,River_Arno
2019-06-11,0.0,River_Arno
2019-06-12,1.8,River_Arno
2019-07-01,0.0,River_Arno
2019-07-02,0.0,River_Arno
2019-07-03,0.0,River_Arno
2019-07-04,0.0,River_Arno
2019-07-05,2.6,River_Arno
2019-07-06,0.0,River_Arno
2019-07-07,0.0,River_Arno
2019-07-08,0.0,River_Arno
2019-07-09,9.6,River_Arno
2019-07-10,0.0,River_Arno
2019-07-11,49.2,River_Arno
2019-07-12,0.2,River_Arno
2019-08-01,0.0,River_Arno
2019-08-02,1.6,River_Arno
2019-08-03,0.0,River_Arno
2019-08-04,0.0,River_Arno
2019-08-05,31.4,River_Arno
2019-08-06,0.0,River_Arno
2019-08-07,2.4,River_Arno
2019-08-08,0.0,River_Arno
2019-08-09,0.0,River_Arno
2019-08-10,1.2,River_Arno
2019-08-11,2.6,River_Arno
2019-08-12,13.0,River_Arno
2019-09-01,0.0,River_Arno
2019-09-02,0.4,River_Arno
2019-09-03,0.8,River_Arno
2019-09-04,0.2,River_Arno
2019-09-05,0.4,River_Arno
2019-09-06,0.0,River_Arno
2019-09-07,0.4,River_Arno
2019-09-08,0.0,River_Arno
2019-09-09,0.0,River_Arno
2019-09-10,5.4,River_Arno
2019-09-11,0.4,River_Arno
2019-09-12,0.0,River_Arno
2019-10-01,0.0,River_Arno
2019-10-02,10.6,River_Arno
2019-10-03,2.4,River_Arno
2019-10-04,9.4,River_Arno
2019-10-05,6.0,River_Arno
2019-10-06,0.0,River_Arno
2019-10-07,4.8,River_Arno
2019-10-08,0.0,River_Arno
2019-10-09,0.0,River_Arno
2019-10-10,0.0,River_Arno
2019-10-11,8.2,River_Arno
2019-10-12,0.0,River_Arno
2019-11-01,0.0,River_Arno
2019-11-02,0.0,River_Arno
2019-11-03,0.0,River_Arno
2019-11-04,0.4,River_Arno
2019-11-05,3.2,River_Arno
2019-11-06,0.0,River_Arno
2019-11-07,0.0,River_Arno
2019-11-08,0.0,River_Arno
2019-11-09,0.0,River_Arno
2019-11-10,0.0,River_Arno
2019-11-11,20.8,River_Arno
2019-11-12,3.0,River_Arno
2019-12-01,0.0,River_Arno
2019-12-02,0.0,River_Arno
2019-12-03,7.2,River_Arno
2019-12-04,0.0,River_Arno
2019-12-05,0.8,River_Arno
2019-12-06,0.0,River_Arno
2019-12-07,0.0,River_Arno
2019-12-08,0.0,River_Arno
2019-12-09,0.0,River_Arno
2019-12-10,0.0,River_Arno
2019-12-11,6.2,River_Arno
2019-12-12,47.4,River_Arno
2020-01-01,0.0,River_Arno
2020-01-02,0.0,River_Arno
2020-01-03,34.2,River_Arno
2020-01-04,0.0,River_Arno
2020-01-05,0.8,River_Arno
2020-01-06,0.0,River_Arno
2020-02-01,0.0,River_Arno
2020-02-02,1.0,River_Arno
2020-02-03,22.8,River_Arno
2020-02-04,0.0,River_Arno
2020-02-05,0.0,River_Arno
2020-02-06,0.0,River_Arno
2020-03-01,0.4,River_Arno
2020-03-02,0.0,River_Arno
2020-03-03,0.2,River_Arno
2020-03-04,0.0,River_Arno
2020-03-05,0.0,River_Arno
2020-03-06,7.8,River_Arno
2020-04-01,0.0,River_Arno
2020-04-02,0.0,River_Arno
2020-04-03,23.2,River_Arno
2020-04-04,0.0,River_Arno
2020-04-05,0.0,River_Arno
2020-04-06,3.2,River_Arno
2020-05-01,0.0,River_Arno
2020-05-02,0.0,River_Arno
2020-05-03,10.6,River_Arno
2020-05-04,0.0,River_Arno
2020-05-05,0.0,River_Arno
2020-05-06,0.0,River_Arno
2020-06-01,0.0,River_Arno
2020-06-02,0.0,River_Arno
2020-06-03,1.0,River_Arno
2020-06-04,0.0,River_Arno
2020-06-05,0.0,River_Arno
2020-06-06,0.2,River_Arno
2020-07-01,0.0,River_Arno
2020-07-02,0.0,River_Arno
2020-07-03,0.0,River_Arno
2020-07-04,0.0,River_Arno
2020-07-05,0.0,River_Arno
2020-07-06,0.4,River_Arno
2020-08-01,0.0,River_Arno
2020-08-02,0.0,River_Arno
2020-08-03,1.0,River_Arno
2020-08-04,0.0,River_Arno
2020-08-05,0.0,River_Arno
2020-08-06,0.0,River_Arno
2020-09-01,0.0,River_Arno
2020-09-02,3.6,River_Arno
2020-09-03,0.0,River_Arno
2020-09-04,0.0,River_Arno
2020-09-05,0.0,River_Arno
2020-09-06,0.6,River_Arno
2020-10-01,0.0,River_Arno
2020-10-02,0.0,River_Arno
2020-10-03,0.0,River_Arno
2020-10-04,0.0,River_Arno
2020-10-05,15.2,River_Arno
2020-10-06,0.0,River_Arno
2020-11-01,0.0,River_Arno
2020-11-02,0.0,River_Arno
2020-11-03,3.8,River_Arno
2020-11-04,0.0,River_Arno
2020-11-05,14.2,River_Arno
2020-11-06,0.0,River_Arno
2020-12-01,0.0,River_Arno
2020-12-02,1.0,River_Arno
2020-12-03,0.0,River_Arno
2020-12-04,0.2,River_Arno
2020-12-05,0.0,River_Arno
2020-12-06,19.8,River_Arno
2015-01-01,0.0,Water_Spring_Amiata
2015-01-02,0.0,Water_Spring_Amiata
2015-01-03,0.0,Water_Spring_Amiata
2015-01-04,0.0,Water_Spring_Amiata
2015-01-05,0.0,Water_Spring_Amiata
2015-01-06,0.0,Water_Spring_Amiata
2015-01-07,0.0,Water_Spring_Amiata
2015-01-08,0.0,Water_Spring_Amiata
2015-01-09,0.0,Water_Spring_Amiata
2015-01-10,-0.338419355,Water_Spring_Amiata
2015-01-11,-0.339728736,Water_Spring_Amiata
2015-01-12,-0.346878252,Water_Spring_Amiata
2015-02-01,0.0,Water_Spring_Amiata
2015-02-02,0.0,Water_Spring_Amiata
2015-02-03,0.0,Water_Spring_Amiata
2015-02-04,0.0,Water_Spring_Amiata
2015-02-05,0.0,Water_Spring_Amiata
2015-02-06,0.0,Water_Spring_Amiata
2015-02-07,0.0,Water_Spring_Amiata
2015-02-08,0.0,Water_Spring_Amiata
2015-02-09,0.0,Water_Spring_Amiata
2015-02-10,-0.338419355,Water_Spring_Amiata
2015-02-11,-0.357609195,Water_Spring_Amiata
2015-02-12,-0.346878252,Water_Spring_Amiata
2015-03-01,0.0,Water_Spring_Amiata
2015-03-02,0.0,Water_Spring_Amiata
2015-03-03,0.0,Water_Spring_Amiata
2015-03-04,0.0,Water_Spring_Amiata
2015-03-05,0.0,Water_Spring_Amiata
2015-03-06,0.0,Water_Spring_Amiata
2015-03-07,0.0,Water_Spring_Amiata
2015-03-08,0.0,Water_Spring_Amiata
2015-03-09,0.0,Water_Spring_Amiata
2015-03-10,-0.338419355,Water_Spring_Amiata
2015-03-11,-0.357609195,Water_Spring_Amiata
2015-03-12,-0.346878252,Water_Spring_Amiata
2015-04-01,0.0,Water_Spring_Amiata
2015-04-02,0.0,Water_Spring_Amiata
2015-04-03,0.0,Water_Spring_Amiata
2015-04-04,0.0,Water_Spring_Amiata
2015-04-05,0.0,Water_Spring_Amiata
2015-04-06,0.0,Water_Spring_Amiata
2015-04-07,0.0,Water_Spring_Amiata
2015-04-08,0.0,Water_Spring_Amiata
2015-04-09,0.0,Water_Spring_Amiata
2015-04-10,-0.321498387,Water_Spring_Amiata
2015-04-11,-0.357609195,Water_Spring_Amiata
2015-04-12,-0.346878252,Water_Spring_Amiata
2015-05-01,0.0,Water_Spring_Amiata
2015-05-02,0.0,Water_Spring_Amiata
2015-05-03,0.0,Water_Spring_Amiata
2015-05-04,0.0,Water_Spring_Amiata
2015-05-05,0.0,Water_Spring_Amiata
2015-05-06,0.0,Water_Spring_Amiata
2015-05-07,0.0,Water_Spring_Amiata
2015-05-08,0.0,Water_Spring_Amiata
2015-05-09,0.0,Water_Spring_Amiata
2015-05-10,-0.338419355,Water_Spring_Amiata
2015-05-11,-0.357609195,Water_Spring_Amiata
2015-05-12,-0.346878252,Water_Spring_Amiata
2015-06-01,0.0,Water_Spring_Amiata
2015-06-02,0.0,Water_Spring_Amiata
2015-06-03,0.0,Water_Spring_Amiata
2015-06-04,0.0,Water_Spring_Amiata
2015-06-05,0.0,Water_Spring_Amiata
2015-06-06,0.0,Water_Spring_Amiata
2015-06-07,0.0,Water_Spring_Amiata
2015-06-08,0.0,Water_Spring_Amiata
2015-06-09,0.0,Water_Spring_Amiata
2015-06-10,-0.338419355,Water_Spring_Amiata
2015-06-11,-0.357609195,Water_Spring_Amiata
2015-06-12,-0.329534339,Water_Spring_Amiata
2015-07-01,0.0,Water_Spring_Amiata
2015-07-02,0.0,Water_Spring_Amiata
2015-07-03,0.0,Water_Spring_Amiata
2015-07-04,0.0,Water_Spring_Amiata
2015-07-05,0.0,Water_Spring_Amiata
2015-07-06,0.0,Water_Spring_Amiata
2015-07-07,0.0,Water_Spring_Amiata
2015-07-08,0.0,Water_Spring_Amiata
2015-07-09,0.0,Water_Spring_Amiata
2015-07-10,-0.338419355,Water_Spring_Amiata
2015-07-11,-0.357609195,Water_Spring_Amiata
2015-07-12,-0.346878252,Water_Spring_Amiata
2015-08-01,0.0,Water_Spring_Amiata
2015-08-02,0.0,Water_Spring_Amiata
2015-08-03,0.0,Water_Spring_Amiata
2015-08-04,0.0,Water_Spring_Amiata
2015-08-05,0.0,Water_Spring_Amiata
2015-08-06,0.0,Water_Spring_Amiata
2015-08-07,0.0,Water_Spring_Amiata
2015-08-08,0.0,Water_Spring_Amiata
2015-08-09,0.0,Water_Spring_Amiata
2015-08-10,-0.338419355,Water_Spring_Amiata
2015-08-11,-0.339728736,Water_Spring_Amiata
2015-08-12,-0.346878252,Water_Spring_Amiata
2015-09-01,0.0,Water_Spring_Amiata
2015-09-02,0.0,Water_Spring_Amiata
2015-09-03,0.0,Water_Spring_Amiata
2015-09-04,0.0,Water_Spring_Amiata
2015-09-05,0.0,Water_Spring_Amiata
2015-09-06,0.0,Water_Spring_Amiata
2015-09-07,0.0,Water_Spring_Amiata
2015-09-08,0.0,Water_Spring_Amiata
2015-09-09,0.0,Water_Spring_Amiata
2015-09-10,-0.338419355,Water_Spring_Amiata
2015-09-11,-0.357609195,Water_Spring_Amiata
2015-09-12,-0.346878252,Water_Spring_Amiata
2015-10-01,0.0,Water_Spring_Amiata
2015-10-02,0.0,Water_Spring_Amiata
2015-10-03,0.0,Water_Spring_Amiata
2015-10-04,0.0,Water_Spring_Amiata
2015-10-05,0.0,Water_Spring_Amiata
2015-10-06,0.0,Water_Spring_Amiata
2015-10-07,0.0,Water_Spring_Amiata
2015-10-08,0.0,Water_Spring_Amiata
2015-10-09,0.0,Water_Spring_Amiata
2015-10-10,-0.338419355,Water_Spring_Amiata
2015-10-11,-0.357609195,Water_Spring_Amiata
2015-10-12,-0.346878252,Water_Spring_Amiata
2015-11-01,0.0,Water_Spring_Amiata
2015-11-02,0.0,Water_Spring_Amiata
2015-11-03,0.0,Water_Spring_Amiata
2015-11-04,0.0,Water_Spring_Amiata
2015-11-05,0.0,Water_Spring_Amiata
2015-11-06,0.0,Water_Spring_Amiata
2015-11-07,0.0,Water_Spring_Amiata
2015-11-08,0.0,Water_Spring_Amiata
2015-11-09,0.0,Water_Spring_Amiata
2015-11-10,-0.321498387,Water_Spring_Amiata
2015-11-11,-0.357609195,Water_Spring_Amiata
2015-11-12,-0.346878252,Water_Spring_Amiata
2015-12-01,0.0,Water_Spring_Amiata
2015-12-02,0.0,Water_Spring_Amiata
2015-12-03,0.0,Water_Spring_Amiata
2015-12-04,0.0,Water_Spring_Amiata
2015-12-05,0.0,Water_Spring_Amiata
2015-12-06,0.0,Water_Spring_Amiata
2015-12-07,0.0,Water_Spring_Amiata
2015-12-08,0.0,Water_Spring_Amiata
2015-12-09,0.0,Water_Spring_Amiata
2015-12-10,-0.338419355,Water_Spring_Amiata
2015-12-11,-0.357609195,Water_Spring_Amiata
2015-12-12,-0.346878252,Water_Spring_Amiata
2016-01-01,-0.327773153,Water_Spring_Amiata
2016-01-02,-0.348571429,Water_Spring_Amiata
2016-01-03,-0.338895782,Water_Spring_Amiata
2016-01-04,-0.359876543,Water_Spring_Amiata
2016-01-05,-0.33573257,Water_Spring_Amiata
2016-01-06,-0.345559524,Water_Spring_Amiata
2016-01-07,-0.353974654,Water_Spring_Amiata
2016-01-08,-0.354172737,Water_Spring_Amiata
2016-01-09,-0.365811111,Water_Spring_Amiata
2016-01-10,-0.352290323,Water_Spring_Amiata
2016-01-11,-0.342566667,Water_Spring_Amiata
2016-01-12,-0.348532778,Water_Spring_Amiata
2016-02-01,-0.327773153,Water_Spring_Amiata
2016-02-02,-0.348571429,Water_Spring_Amiata
2016-02-03,-0.338895782,Water_Spring_Amiata
2016-02-04,-0.359876543,Water_Spring_Amiata
2016-02-05,-0.353402706,Water_Spring_Amiata
2016-02-06,-0.345559524,Water_Spring_Amiata
2016-02-07,-0.353974654,Water_Spring_Amiata
2016-02-08,-0.354172737,Water_Spring_Amiata
2016-02-09,-0.365811111,Water_Spring_Amiata
2016-02-10,-0.334675806,Water_Spring_Amiata
2016-02-11,-0.342566667,Water_Spring_Amiata
2016-02-12,-0.348532778,Water_Spring_Amiata
2016-03-01,-0.311384495,Water_Spring_Amiata
2016-03-02,-0.348571429,Water_Spring_Amiata
2016-03-03,-0.338895782,Water_Spring_Amiata
2016-03-04,-0.341882716,Water_Spring_Amiata
2016-03-05,-0.353402706,Water_Spring_Amiata
2016-03-06,-0.345559524,Water_Spring_Amiata
2016-03-07,-0.336275922,Water_Spring_Amiata
2016-03-08,-0.354172737,Water_Spring_Amiata
2016-03-09,-0.365811111,Water_Spring_Amiata
2016-03-10,-0.352290323,Water_Spring_Amiata
2016-03-11,-0.342566667,Water_Spring_Amiata
2016-03-12,-0.348532778,Water_Spring_Amiata
2016-04-01,-0.327773153,Water_Spring_Amiata
2016-04-02,-0.348571429,Water_Spring_Amiata
2016-04-03,-0.338895782,Water_Spring_Amiata
2016-04-04,-0.359876543,Water_Spring_Amiata
2016-04-05,-0.353402706,Water_Spring_Amiata
2016-04-06,-0.345559524,Water_Spring_Amiata
2016-04-07,-0.353974654,Water_Spring_Amiata
2016-04-08,-0.354172737,Water_Spring_Amiata
2016-04-09,-0.347520556,Water_Spring_Amiata
2016-04-10,-0.352290323,Water_Spring_Amiata
2016-04-11,-0.342566667,Water_Spring_Amiata
2016-04-12,-0.331106139,Water_Spring_Amiata
2016-05-01,-0.327773153,Water_Spring_Amiata
2016-05-02,-0.348571429,Water_Spring_Amiata
2016-05-03,-0.338895782,Water_Spring_Amiata
2016-05-04,-0.359876543,Water_Spring_Amiata
2016-05-05,-0.353402706,Water_Spring_Amiata
2016-05-06,-0.328281548,Water_Spring_Amiata
2016-05-07,-0.353974654,Water_Spring_Amiata
2016-05-08,-0.354172737,Water_Spring_Amiata
2016-05-09,-0.365811111,Water_Spring_Amiata
2016-05-10,-0.352290323,Water_Spring_Amiata
2016-05-11,-0.342566667,Water_Spring_Amiata
2016-05-12,-0.348532778,Water_Spring_Amiata
2016-06-01,-0.327773153,Water_Spring_Amiata
2016-06-02,-0.348571429,Water_Spring_Amiata
2016-06-03,-0.321950993,Water_Spring_Amiata
2016-06-04,-0.359876543,Water_Spring_Amiata
2016-06-05,-0.353402706,Water_Spring_Amiata
2016-06-06,-0.345559524,Water_Spring_Amiata
2016-06-07,-0.353974654,Water_Spring_Amiata
2016-06-08,-0.354172737,Water_Spring_Amiata
2016-06-09,-0.365811111,Water_Spring_Amiata
2016-06-10,-0.352290323,Water_Spring_Amiata
2016-06-11,-0.325438333,Water_Spring_Amiata
2016-06-12,-0.348532778,Water_Spring_Amiata
2016-07-01,-0.327773153,Water_Spring_Amiata
2016-07-02,-0.331142857,Water_Spring_Amiata
2016-07-03,-0.338895782,Water_Spring_Amiata
2016-07-04,-0.359876543,Water_Spring_Amiata
2016-07-05,-0.353402706,Water_Spring_Amiata
2016-07-06,-0.345559524,Water_Spring_Amiata
2016-07-07,-0.353974654,Water_Spring_Amiata
2016-07-08,-0.3364641,Water_Spring_Amiata
2016-07-09,-0.365811111,Water_Spring_Amiata
2016-07-10,-0.352290323,Water_Spring_Amiata
2016-07-11,-0.342566667,Water_Spring_Amiata
2016-07-12,-0.348532778,Water_Spring_Amiata
2016-08-01,-0.327773153,Water_Spring_Amiata
2016-08-02,-0.348571429,Water_Spring_Amiata
2016-08-03,-0.338895782,Water_Spring_Amiata
2016-08-04,-0.359876543,Water_Spring_Amiata
2016-08-05,-0.33573257,Water_Spring_Amiata
2016-08-06,-0.345559524,Water_Spring_Amiata
2016-08-07,-0.353974654,Water_Spring_Amiata
2016-08-08,-0.354172737,Water_Spring_Amiata
2016-08-09,-0.365811111,Water_Spring_Amiata
2016-08-10,-0.352290323,Water_Spring_Amiata
2016-08-11,-0.342566667,Water_Spring_Amiata
2016-08-12,-0.348532778,Water_Spring_Amiata
2016-09-01,-0.327773153,Water_Spring_Amiata
2016-09-02,-0.348571429,Water_Spring_Amiata
2016-09-03,-0.338895782,Water_Spring_Amiata
2016-09-04,-0.359876543,Water_Spring_Amiata
2016-09-05,-0.353402706,Water_Spring_Amiata
2016-09-06,-0.345559524,Water_Spring_Amiata
2016-09-07,-0.353974654,Water_Spring_Amiata
2016-09-08,-0.354172737,Water_Spring_Amiata
2016-09-09,-0.365811111,Water_Spring_Amiata
2016-09-10,-0.334675806,Water_Spring_Amiata
2016-09-11,-0.342566667,Water_Spring_Amiata
2016-09-12,-0.348532778,Water_Spring_Amiata
2016-10-01,-0.311384495,Water_Spring_Amiata
2016-10-02,-0.348571429,Water_Spring_Amiata
2016-10-03,-0.338895782,Water_Spring_Amiata
2016-10-04,-0.341882716,Water_Spring_Amiata
2016-10-05,-0.353402706,Water_Spring_Amiata
2016-10-06,-0.345559524,Water_Spring_Amiata
2016-10-07,-0.336275922,Water_Spring_Amiata
2016-10-08,-0.354172737,Water_Spring_Amiata
2016-10-09,-0.365811111,Water_Spring_Amiata
2016-10-10,-0.352290323,Water_Spring_Amiata
2016-10-11,-0.342566667,Water_Spring_Amiata
2016-10-12,-0.348532778,Water_Spring_Amiata
2016-11-01,-0.327773153,Water_Spring_Amiata
2016-11-02,-0.348571429,Water_Spring_Amiata
2016-11-03,-0.338895782,Water_Spring_Amiata
2016-11-04,-0.359876543,Water_Spring_Amiata
2016-11-05,-0.353402706,Water_Spring_Amiata
2016-11-06,-0.345559524,Water_Spring_Amiata
2016-11-07,-0.353974654,Water_Spring_Amiata
2016-11-08,-0.354172737,Water_Spring_Amiata
2016-11-09,-0.347520556,Water_Spring_Amiata
2016-11-10,-0.352290323,Water_Spring_Amiata
2016-11-11,-0.342566667,Water_Spring_Amiata
2016-11-12,-0.331106139,Water_Spring_Amiata
2016-12-01,-0.327773153,Water_Spring_Amiata
2016-12-02,-0.348571429,Water_Spring_Amiata
2016-12-03,-0.338895782,Water_Spring_Amiata
2016-12-04,-0.359876543,Water_Spring_Amiata
2016-12-05,-0.353402706,Water_Spring_Amiata
2016-12-06,-0.328281548,Water_Spring_Amiata
2016-12-07,-0.353974654,Water_Spring_Amiata
2016-12-08,-0.354172737,Water_Spring_Amiata
2016-12-09,-0.365811111,Water_Spring_Amiata
2016-12-10,-0.352290323,Water_Spring_Amiata
2016-12-11,-0.342566667,Water_Spring_Amiata
2016-12-12,-0.348532778,Water_Spring_Amiata
2017-01-01,-0.318907388,Water_Spring_Amiata
2017-01-02,-0.374897959,Water_Spring_Amiata
2017-01-03,-0.346097815,Water_Spring_Amiata
2017-01-04,-0.340566667,Water_Spring_Amiata
2017-01-05,-0.300526882,Water_Spring_Amiata
2017-01-06,-0.297322222,Water_Spring_Amiata
2017-01-07,-0.26119667,Water_Spring_Amiata
2017-01-08,-0.246201873,Water_Spring_Amiata
2017-01-09,-0.230761905,Water_Spring_Amiata
2017-01-10,-0.20844641,Water_Spring_Amiata
2017-01-11,-0.2036,Water_Spring_Amiata
2017-01-12,-0.188917794,Water_Spring_Amiata
2017-02-01,-0.335691988,Water_Spring_Amiata
2017-02-02,-0.374897959,Water_Spring_Amiata
2017-02-03,-0.346097815,Water_Spring_Amiata
2017-02-04,-0.323538333,Water_Spring_Amiata
2017-02-05,-0.300526882,Water_Spring_Amiata
2017-02-06,-0.297322222,Water_Spring_Amiata
2017-02-07,-0.248136837,Water_Spring_Amiata
2017-02-08,-0.246201873,Water_Spring_Amiata
2017-02-09,-0.230761905,Water_Spring_Amiata
2017-02-10,-0.219417274,Water_Spring_Amiata
2017-02-11,-0.2036,Water_Spring_Amiata
2017-02-12,-0.188917794,Water_Spring_Amiata
2017-03-01,-0.335691988,Water_Spring_Amiata
2017-03-02,-0.374897959,Water_Spring_Amiata
2017-03-03,-0.346097815,Water_Spring_Amiata
2017-03-04,-0.340566667,Water_Spring_Amiata
2017-03-05,-0.300526882,Water_Spring_Amiata
2017-03-06,-0.297322222,Water_Spring_Amiata
2017-03-07,-0.26119667,Water_Spring_Amiata
2017-03-08,-0.246201873,Water_Spring_Amiata
2017-03-09,-0.21922381,Water_Spring_Amiata
2017-03-10,-0.219417274,Water_Spring_Amiata
2017-03-11,-0.2036,Water_Spring_Amiata
2017-03-12,-0.179471904,Water_Spring_Amiata
2017-04-01,-0.335691988,Water_Spring_Amiata
2017-04-02,-0.374897959,Water_Spring_Amiata
2017-04-03,-0.346097815,Water_Spring_Amiata
2017-04-04,-0.340566667,Water_Spring_Amiata
2017-04-05,-0.300526882,Water_Spring_Amiata
2017-04-06,-0.282456111,Water_Spring_Amiata
2017-04-07,-0.26119667,Water_Spring_Amiata
2017-04-08,-0.246201873,Water_Spring_Amiata
2017-04-09,-0.230761905,Water_Spring_Amiata
2017-04-10,-0.219417274,Water_Spring_Amiata
2017-04-11,-0.2036,Water_Spring_Amiata
2017-04-12,-0.188917794,Water_Spring_Amiata
2017-05-01,-0.335691988,Water_Spring_Amiata
2017-05-02,-0.356153061,Water_Spring_Amiata
2017-05-03,-0.328792924,Water_Spring_Amiata
2017-05-04,-0.340566667,Water_Spring_Amiata
2017-05-05,-0.300526882,Water_Spring_Amiata
2017-05-06,-0.297322222,Water_Spring_Amiata
2017-05-07,-0.26119667,Water_Spring_Amiata
2017-05-08,-0.246201873,Water_Spring_Amiata
2017-05-09,-0.230761905,Water_Spring_Amiata
2017-05-10,-0.219417274,Water_Spring_Amiata
2017-05-11,-0.19342,Water_Spring_Amiata
2017-05-12,-0.188917794,Water_Spring_Amiata
2017-06-01,-0.335691988,Water_Spring_Amiata
2017-06-02,-0.374897959,Water_Spring_Amiata
2017-06-03,-0.346097815,Water_Spring_Amiata
2017-06-04,-0.340566667,Water_Spring_Amiata
2017-06-05,-0.300526882,Water_Spring_Amiata
2017-06-06,-0.297322222,Water_Spring_Amiata
2017-06-07,-0.26119667,Water_Spring_Amiata
2017-06-08,-0.233891779,Water_Spring_Amiata
2017-06-09,-0.230761905,Water_Spring_Amiata
2017-06-10,-0.219417274,Water_Spring_Amiata
2017-06-11,-0.2036,Water_Spring_Amiata
2017-06-12,-0.188917794,Water_Spring_Amiata
2017-07-01,-0.335691988,Water_Spring_Amiata
2017-07-02,-0.374897959,Water_Spring_Amiata
2017-07-03,-0.346097815,Water_Spring_Amiata
2017-07-04,-0.340566667,Water_Spring_Amiata
2017-07-05,-0.285500538,Water_Spring_Amiata
2017-07-06,-0.297322222,Water_Spring_Amiata
2017-07-07,-0.26119667,Water_Spring_Amiata
2017-07-08,-0.246201873,Water_Spring_Amiata
2017-07-09,-0.230761905,Water_Spring_Amiata
2017-07-10,-0.219417274,Water_Spring_Amiata
2017-07-11,-0.2036,Water_Spring_Amiata
2017-07-12,-0.188917794,Water_Spring_Amiata
2017-08-01,-0.318907388,Water_Spring_Amiata
2017-08-02,-0.374897959,Water_Spring_Amiata
2017-08-03,-0.346097815,Water_Spring_Amiata
2017-08-04,-0.340566667,Water_Spring_Amiata
2017-08-05,-0.300526882,Water_Spring_Amiata
2017-08-06,-0.297322222,Water_Spring_Amiata
2017-08-07,-0.26119667,Water_Spring_Amiata
2017-08-08,-0.246201873,Water_Spring_Amiata
2017-08-09,-0.230761905,Water_Spring_Amiata
2017-08-10,-0.20844641,Water_Spring_Amiata
2017-08-11,-0.2036,Water_Spring_Amiata
2017-08-12,-0.188917794,Water_Spring_Amiata
2017-09-01,-0.335691988,Water_Spring_Amiata
2017-09-02,-0.374897959,Water_Spring_Amiata
2017-09-03,-0.346097815,Water_Spring_Amiata
2017-09-04,-0.323538333,Water_Spring_Amiata
2017-09-05,-0.300526882,Water_Spring_Amiata
2017-09-06,-0.297322222,Water_Spring_Amiata
2017-09-07,-0.248136837,Water_Spring_Amiata
2017-09-08,-0.246201873,Water_Spring_Amiata
2017-09-09,-0.230761905,Water_Spring_Amiata
2017-09-10,-0.219417274,Water_Spring_Amiata
2017-09-11,-0.2036,Water_Spring_Amiata
2017-09-12,-0.188917794,Water_Spring_Amiata
2017-10-01,-0.335691988,Water_Spring_Amiata
2017-10-02,-0.374897959,Water_Spring_Amiata
2017-10-03,-0.346097815,Water_Spring_Amiata
2017-10-04,-0.340566667,Water_Spring_Amiata
2017-10-05,-0.300526882,Water_Spring_Amiata
2017-10-06,-0.297322222,Water_Spring_Amiata
2017-10-07,-0.26119667,Water_Spring_Amiata
2017-10-08,-0.246201873,Water_Spring_Amiata
2017-10-09,-0.21922381,Water_Spring_Amiata
2017-10-10,-0.219417274,Water_Spring_Amiata
2017-10-11,-0.2036,Water_Spring_Amiata
2017-10-12,-0.179471904,Water_Spring_Amiata
2017-11-01,-0.335691988,Water_Spring_Amiata
2017-11-02,-0.374897959,Water_Spring_Amiata
2017-11-03,-0.346097815,Water_Spring_Amiata
2017-11-04,-0.340566667,Water_Spring_Amiata
2017-11-05,-0.300526882,Water_Spring_Amiata
2017-11-06,-0.282456111,Water_Spring_Amiata
2017-11-07,-0.26119667,Water_Spring_Amiata
2017-11-08,-0.246201873,Water_Spring_Amiata
2017-11-09,-0.230761905,Water_Spring_Amiata
2017-11-10,-0.219417274,Water_Spring_Amiata
2017-11-11,-0.2036,Water_Spring_Amiata
2017-11-12,-0.188917794,Water_Spring_Amiata
2017-12-01,-0.335691988,Water_Spring_Amiata
2017-12-02,-0.356153061,Water_Spring_Amiata
2017-12-03,-0.328792924,Water_Spring_Amiata
2017-12-04,-0.340566667,Water_Spring_Amiata
2017-12-05,-0.300526882,Water_Spring_Amiata
2017-12-06,-0.297322222,Water_Spring_Amiata
2017-12-07,-0.26119667,Water_Spring_Amiata
2017-12-08,-0.246201873,Water_Spring_Amiata
2017-12-09,-0.230761905,Water_Spring_Amiata
2017-12-10,-0.219417274,Water_Spring_Amiata
2017-12-11,-0.19342,Water_Spring_Amiata
2017-12-12,-0.188917794,Water_Spring_Amiata
2018-01-01,-0.198730489,Water_Spring_Amiata
2018-01-02,-0.218941327,Water_Spring_Amiata
2018-01-03,-0.277440166,Water_Spring_Amiata
2018-01-04,-0.251116667,Water_Spring_Amiata
2018-01-05,-0.28875576,Water_Spring_Amiata
2018-01-06,-0.313097222,Water_Spring_Amiata
2018-01-07,-0.284325806,Water_Spring_Amiata
2018-01-08,0.0,Water_Spring_Amiata
2018-01-09,-0.306254902,Water_Spring_Amiata
2018-01-10,-0.315067638,Water_Spring_Amiata
2018-01-11,-0.327333333,Water_Spring_Amiata
2018-01-12,0.0,Water_Spring_Amiata
2018-02-01,-0.198730489,Water_Spring_Amiata
2018-02-02,-0.218941327,Water_Spring_Amiata
2018-02-03,-0.277440166,Water_Spring_Amiata
2018-02-04,-0.264333333,Water_Spring_Amiata
2018-02-05,-0.28875576,Water_Spring_Amiata
2018-02-06,-0.313097222,Water_Spring_Amiata
2018-02-07,-0.299290323,Water_Spring_Amiata
2018-02-08,0.0,Water_Spring_Amiata
2018-02-09,-0.290942157,Water_Spring_Amiata
2018-02-10,-0.315067638,Water_Spring_Amiata
2018-02-11,-0.327333333,Water_Spring_Amiata
2018-02-12,0.0,Water_Spring_Amiata
2018-03-01,-0.198730489,Water_Spring_Amiata
2018-03-02,-0.218941327,Water_Spring_Amiata
2018-03-03,-0.277440166,Water_Spring_Amiata
2018-03-04,-0.264333333,Water_Spring_Amiata
2018-03-05,-0.28875576,Water_Spring_Amiata
2018-03-06,-0.297442361,Water_Spring_Amiata
2018-03-07,-0.299290323,Water_Spring_Amiata
2018-03-08,0.0,Water_Spring_Amiata
2018-03-09,-0.306254902,Water_Spring_Amiata
2018-03-10,-0.315067638,Water_Spring_Amiata
2018-03-11,-0.327333333,Water_Spring_Amiata
2018-03-12,0.0,Water_Spring_Amiata
2018-04-01,-0.198730489,Water_Spring_Amiata
2018-04-02,-0.20799426,Water_Spring_Amiata
2018-04-03,-0.263568158,Water_Spring_Amiata
2018-04-04,-0.264333333,Water_Spring_Amiata
2018-04-05,-0.28875576,Water_Spring_Amiata
2018-04-06,-0.313097222,Water_Spring_Amiata
2018-04-07,-0.299290323,Water_Spring_Amiata
2018-04-08,0.0,Water_Spring_Amiata
2018-04-09,-0.306254902,Water_Spring_Amiata
2018-04-10,-0.315067638,Water_Spring_Amiata
2018-04-11,-0.310966667,Water_Spring_Amiata
2018-04-12,0.0,Water_Spring_Amiata
2018-05-01,-0.198730489,Water_Spring_Amiata
2018-05-02,-0.218941327,Water_Spring_Amiata
2018-05-03,-0.277440166,Water_Spring_Amiata
2018-05-04,-0.264333333,Water_Spring_Amiata
2018-05-05,-0.28875576,Water_Spring_Amiata
2018-05-06,-0.313097222,Water_Spring_Amiata
2018-05-07,-0.299290323,Water_Spring_Amiata
2018-05-08,0.0,Water_Spring_Amiata
2018-05-09,-0.306254902,Water_Spring_Amiata
2018-05-10,-0.315067638,Water_Spring_Amiata
2018-05-11,-0.327333333,Water_Spring_Amiata
2018-05-12,0.0,Water_Spring_Amiata
2018-06-01,-0.198730489,Water_Spring_Amiata
2018-06-02,-0.218941327,Water_Spring_Amiata
2018-06-03,-0.277440166,Water_Spring_Amiata
2018-06-04,-0.264333333,Water_Spring_Amiata
2018-06-05,-0.274317972,Water_Spring_Amiata
2018-06-06,-0.313097222,Water_Spring_Amiata
2018-06-07,-0.299290323,Water_Spring_Amiata
2018-06-08,0.0,Water_Spring_Amiata
2018-06-09,-0.306254902,Water_Spring_Amiata
2018-06-10,-0.315067638,Water_Spring_Amiata
2018-06-11,-0.327333333,Water_Spring_Amiata
2018-06-12,0.0,Water_Spring_Amiata
2018-07-01,-0.188793965,Water_Spring_Amiata
2018-07-02,-0.218941327,Water_Spring_Amiata
2018-07-03,-0.277440166,Water_Spring_Amiata
2018-07-04,-0.264333333,Water_Spring_Amiata
2018-07-05,-0.28875576,Water_Spring_Amiata
2018-07-06,-0.313097222,Water_Spring_Amiata
2018-07-07,-0.299290323,Water_Spring_Amiata
2018-07-08,0.0,Water_Spring_Amiata
2018-07-09,-0.306254902,Water_Spring_Amiata
2018-07-10,-0.299314256,Water_Spring_Amiata
2018-07-11,-0.327333333,Water_Spring_Amiata
2018-07-12,0.0,Water_Spring_Amiata
2018-08-01,-0.198730489,Water_Spring_Amiata
2018-08-02,-0.218941327,Water_Spring_Amiata
2018-08-03,-0.277440166,Water_Spring_Amiata
2018-08-04,-0.251116667,Water_Spring_Amiata
2018-08-05,-0.28875576,Water_Spring_Amiata
2018-08-06,-0.313097222,Water_Spring_Amiata
2018-08-07,-0.284325806,Water_Spring_Amiata
2018-08-08,0.0,Water_Spring_Amiata
2018-08-09,-0.306254902,Water_Spring_Amiata
2018-08-10,-0.315067638,Water_Spring_Amiata
2018-08-11,-0.327333333,Water_Spring_Amiata
2018-08-12,0.0,Water_Spring_Amiata
2018-09-01,-0.198730489,Water_Spring_Amiata
2018-09-02,-0.218941327,Water_Spring_Amiata
2018-09-03,-0.277440166,Water_Spring_Amiata
2018-09-04,-0.264333333,Water_Spring_Amiata
2018-09-05,-0.28875576,Water_Spring_Amiata
2018-09-06,-0.313097222,Water_Spring_Amiata
2018-09-07,-0.299290323,Water_Spring_Amiata
2018-09-08,0.0,Water_Spring_Amiata
2018-09-09,-0.290942157,Water_Spring_Amiata
2018-09-10,-0.315067638,Water_Spring_Amiata
2018-09-11,-0.327333333,Water_Spring_Amiata
2018-09-12,0.0,Water_Spring_Amiata
2018-10-01,-0.198730489,Water_Spring_Amiata
2018-10-02,-0.218941327,Water_Spring_Amiata
2018-10-03,-0.277440166,Water_Spring_Amiata
2018-10-04,-0.264333333,Water_Spring_Amiata
2018-10-05,-0.28875576,Water_Spring_Amiata
2018-10-06,-0.297442361,Water_Spring_Amiata
2018-10-07,-0.299290323,Water_Spring_Amiata
2018-10-08,0.0,Water_Spring_Amiata
2018-10-09,-0.306254902,Water_Spring_Amiata
2018-10-10,-0.315067638,Water_Spring_Amiata
2018-10-11,-0.327333333,Water_Spring_Amiata
2018-10-12,0.0,Water_Spring_Amiata
2018-11-01,-0.198730489,Water_Spring_Amiata
2018-11-02,-0.20799426,Water_Spring_Amiata
2018-11-03,-0.263568158,Water_Spring_Amiata
2018-11-04,-0.264333333,Water_Spring_Amiata
2018-11-05,-0.28875576,Water_Spring_Amiata
2018-11-06,-0.313097222,Water_Spring_Amiata
2018-11-07,-0.299290323,Water_Spring_Amiata
2018-11-08,0.0,Water_Spring_Amiata
2018-11-09,-0.306254902,Water_Spring_Amiata
2018-11-10,-0.315067638,Water_Spring_Amiata
2018-11-11,-0.310966667,Water_Spring_Amiata
2018-11-12,0.0,Water_Spring_Amiata
2018-12-01,-0.198730489,Water_Spring_Amiata
2018-12-02,-0.218941327,Water_Spring_Amiata
2018-12-03,-0.277440166,Water_Spring_Amiata
2018-12-04,-0.264333333,Water_Spring_Amiata
2018-12-05,-0.28875576,Water_Spring_Amiata
2018-12-06,-0.313097222,Water_Spring_Amiata
2018-12-07,-0.299290323,Water_Spring_Amiata
2018-12-08,0.0,Water_Spring_Amiata
2018-12-09,-0.306254902,Water_Spring_Amiata
2018-12-10,-0.315067638,Water_Spring_Amiata
2018-12-11,-0.327333333,Water_Spring_Amiata
2018-12-12,0.0,Water_Spring_Amiata
2019-01-01,0.0,Water_Spring_Amiata
2019-01-02,-0.336304945,Water_Spring_Amiata
2019-01-03,-0.315702393,Water_Spring_Amiata
2019-01-04,-0.326077778,Water_Spring_Amiata
2019-01-05,-0.29973607,Water_Spring_Amiata
2019-01-06,-0.328692308,Water_Spring_Amiata
2019-01-07,-0.304892473,Water_Spring_Amiata
2019-01-08,-0.333971079,Water_Spring_Amiata
2019-01-09,-0.351205952,Water_Spring_Amiata
2019-01-10,-0.361644121,Water_Spring_Amiata
2019-01-11,-0.365,Water_Spring_Amiata
2019-01-12,-0.33323153,Water_Spring_Amiata
2019-02-01,0.0,Water_Spring_Amiata
2019-02-02,-0.336304945,Water_Spring_Amiata
2019-02-03,-0.315702393,Water_Spring_Amiata
2019-02-04,-0.326077778,Water_Spring_Amiata
2019-02-05,-0.29973607,Water_Spring_Amiata
2019-02-06,-0.312257692,Water_Spring_Amiata
2019-02-07,-0.304892473,Water_Spring_Amiata
2019-02-08,-0.333971079,Water_Spring_Amiata
2019-02-09,-0.369690476,Water_Spring_Amiata
2019-02-10,-0.361644121,Water_Spring_Amiata
2019-02-11,-0.365,Water_Spring_Amiata
2019-02-12,-0.350770031,Water_Spring_Amiata
2019-03-01,0.0,Water_Spring_Amiata
2019-03-02,-0.319489698,Water_Spring_Amiata
2019-03-03,-0.299917274,Water_Spring_Amiata
2019-03-04,-0.326077778,Water_Spring_Amiata
2019-03-05,-0.29973607,Water_Spring_Amiata
2019-03-06,-0.328692308,Water_Spring_Amiata
2019-03-07,-0.304892473,Water_Spring_Amiata
2019-03-08,-0.333971079,Water_Spring_Amiata
2019-03-09,-0.369690476,Water_Spring_Amiata
2019-03-10,-0.361644121,Water_Spring_Amiata
2019-03-11,-0.34675,Water_Spring_Amiata
2019-03-12,-0.350770031,Water_Spring_Amiata
2019-04-01,0.0,Water_Spring_Amiata
2019-04-02,-0.336304945,Water_Spring_Amiata
2019-04-03,-0.315702393,Water_Spring_Amiata
2019-04-04,-0.326077778,Water_Spring_Amiata
2019-04-05,-0.29973607,Water_Spring_Amiata
2019-04-06,-0.328692308,Water_Spring_Amiata
2019-04-07,-0.304892473,Water_Spring_Amiata
2019-04-08,-0.317272525,Water_Spring_Amiata
2019-04-09,-0.369690476,Water_Spring_Amiata
2019-04-10,-0.361644121,Water_Spring_Amiata
2019-04-11,-0.365,Water_Spring_Amiata
2019-04-12,-0.350770031,Water_Spring_Amiata
2019-05-01,0.0,Water_Spring_Amiata
2019-05-02,-0.336304945,Water_Spring_Amiata
2019-05-03,-0.315702393,Water_Spring_Amiata
2019-05-04,-0.326077778,Water_Spring_Amiata
2019-05-05,-0.284749267,Water_Spring_Amiata
2019-05-06,-0.328692308,Water_Spring_Amiata
2019-05-07,-0.304892473,Water_Spring_Amiata
2019-05-08,-0.333971079,Water_Spring_Amiata
2019-05-09,-0.369690476,Water_Spring_Amiata
2019-05-10,-0.361644121,Water_Spring_Amiata
2019-05-11,-0.365,Water_Spring_Amiata
2019-05-12,-0.350770031,Water_Spring_Amiata
2019-06-01,0.0,Water_Spring_Amiata
2019-06-02,-0.336304945,Water_Spring_Amiata
2019-06-03,-0.315702393,Water_Spring_Amiata
2019-06-04,-0.326077778,Water_Spring_Amiata
2019-06-05,-0.29973607,Water_Spring_Amiata
2019-06-06,-0.328692308,Water_Spring_Amiata
2019-06-07,-0.304892473,Water_Spring_Amiata
2019-06-08,-0.333971079,Water_Spring_Amiata
2019-06-09,-0.369690476,Water_Spring_Amiata
2019-06-10,-0.343561915,Water_Spring_Amiata
2019-06-11,-0.365,Water_Spring_Amiata
2019-06-12,-0.350770031,Water_Spring_Amiata
2019-07-01,0.0,Water_Spring_Amiata
2019-07-02,-0.336304945,Water_Spring_Amiata
2019-07-03,-0.315702393,Water_Spring_Amiata
2019-07-04,-0.309773889,Water_Spring_Amiata
2019-07-05,-0.29973607,Water_Spring_Amiata
2019-07-06,-0.328692308,Water_Spring_Amiata
2019-07-07,-0.289647849,Water_Spring_Amiata
2019-07-08,-0.333971079,Water_Spring_Amiata
2019-07-09,-0.369690476,Water_Spring_Amiata
2019-07-10,-0.361644121,Water_Spring_Amiata
2019-07-11,-0.365,Water_Spring_Amiata
2019-07-12,-0.350770031,Water_Spring_Amiata
2019-08-01,0.0,Water_Spring_Amiata
2019-08-02,-0.336304945,Water_Spring_Amiata
2019-08-03,-0.315702393,Water_Spring_Amiata
2019-08-04,-0.326077778,Water_Spring_Amiata
2019-08-05,-0.29973607,Water_Spring_Amiata
2019-08-06,-0.328692308,Water_Spring_Amiata
2019-08-07,-0.304892473,Water_Spring_Amiata
2019-08-08,-0.333971079,Water_Spring_Amiata
2019-08-09,-0.351205952,Water_Spring_Amiata
2019-08-10,-0.361644121,Water_Spring_Amiata
2019-08-11,-0.365,Water_Spring_Amiata
2019-08-12,-0.33323153,Water_Spring_Amiata
2019-09-01,0.0,Water_Spring_Amiata
2019-09-02,-0.336304945,Water_Spring_Amiata
2019-09-03,-0.315702393,Water_Spring_Amiata
2019-09-04,-0.326077778,Water_Spring_Amiata
2019-09-05,-0.29973607,Water_Spring_Amiata
2019-09-06,-0.312257692,Water_Spring_Amiata
2019-09-07,-0.304892473,Water_Spring_Amiata
2019-09-08,-0.333971079,Water_Spring_Amiata
2019-09-09,-0.369690476,Water_Spring_Amiata
2019-09-10,-0.361644121,Water_Spring_Amiata
2019-09-11,-0.365,Water_Spring_Amiata
2019-09-12,-0.350770031,Water_Spring_Amiata
2019-10-01,0.0,Water_Spring_Amiata
2019-10-02,-0.319489698,Water_Spring_Amiata
2019-10-03,-0.299917274,Water_Spring_Amiata
2019-10-04,-0.326077778,Water_Spring_Amiata
2019-10-05,-0.29973607,Water_Spring_Amiata
2019-10-06,-0.328692308,Water_Spring_Amiata
2019-10-07,-0.304892473,Water_Spring_Amiata
2019-10-08,-0.333971079,Water_Spring_Amiata
2019-10-09,-0.369690476,Water_Spring_Amiata
2019-10-10,-0.361644121,Water_Spring_Amiata
2019-10-11,-0.34675,Water_Spring_Amiata
2019-10-12,-0.350770031,Water_Spring_Amiata
2019-11-01,0.0,Water_Spring_Amiata
2019-11-02,-0.336304945,Water_Spring_Amiata
2019-11-03,-0.315702393,Water_Spring_Amiata
2019-11-04,-0.326077778,Water_Spring_Amiata
2019-11-05,-0.29973607,Water_Spring_Amiata
2019-11-06,-0.328692308,Water_Spring_Amiata
2019-11-07,-0.304892473,Water_Spring_Amiata
2019-11-08,-0.317272525,Water_Spring_Amiata
2019-11-09,-0.369690476,Water_Spring_Amiata
2019-11-10,-0.361644121,Water_Spring_Amiata
2019-11-11,-0.365,Water_Spring_Amiata
2019-11-12,-0.350770031,Water_Spring_Amiata
2019-12-01,0.0,Water_Spring_Amiata
2019-12-02,-0.336304945,Water_Spring_Amiata
2019-12-03,-0.315702393,Water_Spring_Amiata
2019-12-04,-0.326077778,Water_Spring_Amiata
2019-12-05,-0.284749267,Water_Spring_Amiata
2019-12-06,-0.328692308,Water_Spring_Amiata
2019-12-07,-0.304892473,Water_Spring_Amiata
2019-12-08,-0.333971079,Water_Spring_Amiata
2019-12-09,-0.369690476,Water_Spring_Amiata
2019-12-10,-0.361644121,Water_Spring_Amiata
2019-12-11,-0.365,Water_Spring_Amiata
2019-12-12,-0.350770031,Water_Spring_Amiata
2020-01-01,-0.360228928,Water_Spring_Amiata
2020-01-02,-0.385529132,Water_Spring_Amiata
2020-01-03,-0.34071488,Water_Spring_Amiata
2020-01-04,-0.3733,Water_Spring_Amiata
2020-01-05,-0.342085672,Water_Spring_Amiata
2020-01-06,-0.359941929,Water_Spring_Amiata
2020-02-01,-0.360228928,Water_Spring_Amiata
2020-02-02,-0.366252675,Water_Spring_Amiata
2020-02-03,-0.358647242,Water_Spring_Amiata
2020-02-04,-0.3733,Water_Spring_Amiata
2020-02-05,-0.342085672,Water_Spring_Amiata
2020-02-06,-0.359941929,Water_Spring_Amiata
2020-03-01,-0.360228928,Water_Spring_Amiata
2020-03-02,-0.385529132,Water_Spring_Amiata
2020-03-03,-0.358647242,Water_Spring_Amiata
2020-03-04,-0.3733,Water_Spring_Amiata
2020-03-05,-0.324981389,Water_Spring_Amiata
2020-03-06,-0.359941929,Water_Spring_Amiata
2020-04-01,-0.360228928,Water_Spring_Amiata
2020-04-02,-0.385529132,Water_Spring_Amiata
2020-04-03,-0.358647242,Water_Spring_Amiata
2020-04-04,-0.3733,Water_Spring_Amiata
2020-04-05,-0.342085672,Water_Spring_Amiata
2020-04-06,-0.359941929,Water_Spring_Amiata
2020-05-01,-0.342217482,Water_Spring_Amiata
2020-05-02,-0.385529132,Water_Spring_Amiata
2020-05-03,-0.358647242,Water_Spring_Amiata
2020-05-04,-0.354635,Water_Spring_Amiata
2020-05-05,-0.342085672,Water_Spring_Amiata
2020-05-06,-0.359941929,Water_Spring_Amiata
2020-06-01,-0.360228928,Water_Spring_Amiata
2020-06-02,-0.385529132,Water_Spring_Amiata
2020-06-03,-0.358647242,Water_Spring_Amiata
2020-06-04,-0.3733,Water_Spring_Amiata
2020-06-05,-0.342085672,Water_Spring_Amiata
2020-06-06,-0.359941929,Water_Spring_Amiata
2020-07-01,-0.360228928,Water_Spring_Amiata
2020-07-02,-0.385529132,Water_Spring_Amiata
2020-07-03,-0.358647242,Water_Spring_Amiata
2020-07-04,-0.3733,Water_Spring_Amiata
2020-07-05,-0.342085672,Water_Spring_Amiata
2020-07-06,-0.341944833,Water_Spring_Amiata
2020-08-01,-0.360228928,Water_Spring_Amiata
2020-08-02,-0.385529132,Water_Spring_Amiata
2020-08-03,-0.34071488,Water_Spring_Amiata
2020-08-04,-0.3733,Water_Spring_Amiata
2020-08-05,-0.342085672,Water_Spring_Amiata
2020-08-06,-0.359941929,Water_Spring_Amiata
2020-09-01,-0.360228928,Water_Spring_Amiata
2020-09-02,-0.366252675,Water_Spring_Amiata
2020-09-03,-0.358647242,Water_Spring_Amiata
2020-09-04,-0.3733,Water_Spring_Amiata
2020-09-05,-0.342085672,Water_Spring_Amiata
2020-09-06,-0.359941929,Water_Spring_Amiata
2020-10-01,-0.360228928,Water_Spring_Amiata
2020-10-02,-0.385529132,Water_Spring_Amiata
2020-10-03,-0.358647242,Water_Spring_Amiata
2020-10-04,-0.3733,Water_Spring_Amiata
2020-10-05,-0.324981389,Water_Spring_Amiata
2020-10-06,-0.359941929,Water_Spring_Amiata
2020-11-01,-0.360228928,Water_Spring_Amiata
2020-11-02,-0.385529132,Water_Spring_Amiata
2020-11-03,-0.358647242,Water_Spring_Amiata
2020-11-04,-0.3733,Water_Spring_Amiata
2020-11-05,-0.342085672,Water_Spring_Amiata
2020-11-06,-0.359941929,Water_Spring_Amiata
2020-12-01,-0.342217482,Water_Spring_Amiata
2020-12-02,-0.385529132,Water_Spring_Amiata
2020-12-03,-0.358647242,Water_Spring_Amiata
2020-12-04,-0.354635,Water_Spring_Amiata
2020-12-05,-0.342085672,Water_Spring_Amiata
2020-12-06,-0.359941929,Water_Spring_Amiata
2009-01-03,-172.68,Water_Spring_Lupa
2009-01-04,-180.18,Water_Spring_Lupa
2009-01-06,-156.61,Water_Spring_Lupa
2009-01-07,-134.99,Water_Spring_Lupa
2009-01-08,-117.19,Water_Spring_Lupa
2009-01-09,-99.14,Water_Spring_Lupa
2009-01-10,-86.53,Water_Spring_Lupa
2009-02-03,-172.88,Water_Spring_Lupa
2009-02-04,-179.95,Water_Spring_Lupa
2009-02-06,-156.68,Water_Spring_Lupa
2009-02-07,-134.52,Water_Spring_Lupa
2009-02-08,-116.51,Water_Spring_Lupa
2009-02-09,-98.7,Water_Spring_Lupa
2009-02-10,-86.12,Water_Spring_Lupa
2009-03-03,-173.15,Water_Spring_Lupa
2009-03-04,-179.92,Water_Spring_Lupa
2009-03-06,-156.36,Water_Spring_Lupa
2009-03-07,-134.31,Water_Spring_Lupa
2009-03-08,-116.11,Water_Spring_Lupa
2009-03-09,-98.18,Water_Spring_Lupa
2009-03-10,-85.54,Water_Spring_Lupa
2009-04-03,-173.55,Water_Spring_Lupa
2009-04-04,-179.89,Water_Spring_Lupa
2009-04-06,-155.79,Water_Spring_Lupa
2009-04-07,-133.7,Water_Spring_Lupa
2009-04-08,-115.68,Water_Spring_Lupa
2009-04-09,-97.78,Water_Spring_Lupa
2009-04-10,-85.02,Water_Spring_Lupa
2009-05-03,-173.83,Water_Spring_Lupa
2009-05-04,-179.94,Water_Spring_Lupa
2009-05-06,-155.1,Water_Spring_Lupa
2009-05-07,-133.56,Water_Spring_Lupa
2009-05-08,-115.22,Water_Spring_Lupa
2009-05-09,-97.08,Water_Spring_Lupa
2009-05-10,-84.83,Water_Spring_Lupa
2009-06-03,-175.7,Water_Spring_Lupa
2009-06-04,-180.3,Water_Spring_Lupa
2009-06-06,-154.31,Water_Spring_Lupa
2009-06-07,-134.17,Water_Spring_Lupa
2009-06-08,-114.8,Water_Spring_Lupa
2009-06-09,-96.35,Water_Spring_Lupa
2009-06-10,-84.47,Water_Spring_Lupa
2009-07-03,-176.86,Water_Spring_Lupa
2009-07-04,-180.43,Water_Spring_Lupa
2009-07-06,-153.18,Water_Spring_Lupa
2009-07-07,-133.88,Water_Spring_Lupa
2009-07-08,-114.36,Water_Spring_Lupa
2009-07-09,-96.17,Water_Spring_Lupa
2009-07-10,-84.05,Water_Spring_Lupa
2009-08-03,-177.86,Water_Spring_Lupa
2009-08-04,-180.45,Water_Spring_Lupa
2009-08-06,-152.38,Water_Spring_Lupa
2009-08-07,-133.62,Water_Spring_Lupa
2009-08-08,-113.77,Water_Spring_Lupa
2009-08-09,-95.81,Water_Spring_Lupa
2009-08-10,-83.63,Water_Spring_Lupa
2009-09-03,-178.9,Water_Spring_Lupa
2009-09-04,-180.46,Water_Spring_Lupa
2009-09-06,-151.77,Water_Spring_Lupa
2009-09-07,-132.81,Water_Spring_Lupa
2009-09-08,-112.92,Water_Spring_Lupa
2009-09-09,-95.43,Water_Spring_Lupa
2009-09-10,-83.22,Water_Spring_Lupa
2009-10-03,-180.08,Water_Spring_Lupa
2009-10-06,-150.98,Water_Spring_Lupa
2009-10-07,-132.12,Water_Spring_Lupa
2009-10-08,-112.36,Water_Spring_Lupa
2009-10-09,-95.1,Water_Spring_Lupa
2009-10-10,-82.13,Water_Spring_Lupa
2009-11-03,-180.45,Water_Spring_Lupa
2009-11-06,-150.15,Water_Spring_Lupa
2009-11-07,-131.21,Water_Spring_Lupa
2009-11-08,-111.77,Water_Spring_Lupa
2009-11-09,-94.68,Water_Spring_Lupa
2009-11-10,-82.19,Water_Spring_Lupa
2009-12-03,-181.34,Water_Spring_Lupa
2009-12-06,-149.33,Water_Spring_Lupa
2009-12-07,-130.35,Water_Spring_Lupa
2009-12-08,-111.25,Water_Spring_Lupa
2009-12-09,-94.12,Water_Spring_Lupa
2009-12-10,-81.5,Water_Spring_Lupa
2010-01-01,-77.69,Water_Spring_Lupa
2010-01-02,-78.0,Water_Spring_Lupa
2010-01-03,-78.28,Water_Spring_Lupa
2010-01-04,-79.11,Water_Spring_Lupa
2010-01-05,-78.89,Water_Spring_Lupa
2010-01-09,-79.64,Water_Spring_Lupa
2010-01-10,-79.92,Water_Spring_Lupa
2010-01-11,-80.23,Water_Spring_Lupa
2010-01-12,-80.55,Water_Spring_Lupa
2010-02-01,-77.7,Water_Spring_Lupa
2010-02-02,-78.01,Water_Spring_Lupa
2010-02-03,-78.29,Water_Spring_Lupa
2010-02-04,-79.12,Water_Spring_Lupa
2010-02-05,-78.9,Water_Spring_Lupa
2010-02-10,-79.93,Water_Spring_Lupa
2010-02-11,-80.24,Water_Spring_Lupa
2010-02-12,-80.56,Water_Spring_Lupa
2010-03-01,-77.71,Water_Spring_Lupa
2010-03-02,-78.02,Water_Spring_Lupa
2010-03-03,-78.3,Water_Spring_Lupa
2010-03-04,-78.61,Water_Spring_Lupa
2010-03-05,-78.91,Water_Spring_Lupa
2010-03-10,-79.94,Water_Spring_Lupa
2010-03-11,-80.25,Water_Spring_Lupa
2010-03-12,-80.57,Water_Spring_Lupa
2010-04-01,-77.72,Water_Spring_Lupa
2010-04-02,-78.05,Water_Spring_Lupa
2010-04-03,-78.31,Water_Spring_Lupa
2010-04-04,-78.62,Water_Spring_Lupa
2010-04-05,-78.92,Water_Spring_Lupa
2010-04-09,-79.65,Water_Spring_Lupa
2010-04-10,-79.95,Water_Spring_Lupa
2010-04-11,-80.26,Water_Spring_Lupa
2010-04-12,-80.58,Water_Spring_Lupa
2010-05-01,-77.73,Water_Spring_Lupa
2010-05-02,-78.06,Water_Spring_Lupa
2010-05-03,-78.32,Water_Spring_Lupa
2010-05-04,-78.63,Water_Spring_Lupa
2010-05-05,-78.93,Water_Spring_Lupa
2010-05-09,-79.66,Water_Spring_Lupa
2010-05-10,-79.96,Water_Spring_Lupa
2010-05-11,-80.27,Water_Spring_Lupa
2010-05-12,-80.59,Water_Spring_Lupa
2010-06-01,-77.74,Water_Spring_Lupa
2010-06-02,-78.07,Water_Spring_Lupa
2010-06-03,-78.33,Water_Spring_Lupa
2010-06-04,-78.64,Water_Spring_Lupa
2010-06-05,-78.94,Water_Spring_Lupa
2010-06-09,-79.67,Water_Spring_Lupa
2010-06-10,-79.97,Water_Spring_Lupa
2010-06-11,-80.28,Water_Spring_Lupa
2010-06-12,-80.6,Water_Spring_Lupa
2010-07-01,-77.75,Water_Spring_Lupa
2010-07-02,-78.08,Water_Spring_Lupa
2010-07-03,-78.34,Water_Spring_Lupa
2010-07-04,-78.65,Water_Spring_Lupa
2010-07-05,-78.95,Water_Spring_Lupa
2010-07-09,-79.68,Water_Spring_Lupa
2010-07-10,-79.98,Water_Spring_Lupa
2010-07-11,-80.29,Water_Spring_Lupa
2010-07-12,-80.61,Water_Spring_Lupa
2010-08-01,-77.76,Water_Spring_Lupa
2010-08-03,-78.35,Water_Spring_Lupa
2010-08-04,-78.66,Water_Spring_Lupa
2010-08-05,-78.96,Water_Spring_Lupa
2010-08-09,-79.69,Water_Spring_Lupa
2010-08-10,-79.99,Water_Spring_Lupa
2010-08-11,-80.3,Water_Spring_Lupa
2010-08-12,-80.62,Water_Spring_Lupa
2010-09-01,-77.77,Water_Spring_Lupa
2010-09-03,-78.36,Water_Spring_Lupa
2010-09-04,-78.67,Water_Spring_Lupa
2010-09-05,-78.97,Water_Spring_Lupa
2010-09-09,-79.7,Water_Spring_Lupa
2010-09-10,-80.0,Water_Spring_Lupa
2010-09-11,-80.31,Water_Spring_Lupa
2010-09-12,-80.63,Water_Spring_Lupa
2010-10-01,-77.78,Water_Spring_Lupa
2010-10-02,-78.09,Water_Spring_Lupa
2010-10-03,-78.37,Water_Spring_Lupa
2010-10-04,-78.68,Water_Spring_Lupa
2010-10-05,-78.98,Water_Spring_Lupa
2010-10-09,-79.71,Water_Spring_Lupa
2010-10-10,-80.01,Water_Spring_Lupa
2010-10-11,-80.32,Water_Spring_Lupa
2010-10-12,-80.64,Water_Spring_Lupa
2010-11-01,-77.79,Water_Spring_Lupa
2010-11-02,-78.1,Water_Spring_Lupa
2010-11-03,-78.38,Water_Spring_Lupa
2010-11-04,-78.69,Water_Spring_Lupa
2010-11-05,-78.99,Water_Spring_Lupa
2010-11-09,-79.72,Water_Spring_Lupa
2010-11-10,-80.02,Water_Spring_Lupa
2010-11-11,-80.33,Water_Spring_Lupa
2010-11-12,-80.65,Water_Spring_Lupa
2010-12-01,-77.8,Water_Spring_Lupa
2010-12-02,-78.11,Water_Spring_Lupa
2010-12-03,-78.39,Water_Spring_Lupa
2010-12-04,-78.7,Water_Spring_Lupa
2010-12-05,-79.0,Water_Spring_Lupa
2010-12-09,-79.73,Water_Spring_Lupa
2010-12-10,-80.05,Water_Spring_Lupa
2010-12-11,-80.34,Water_Spring_Lupa
2010-12-12,-80.66,Water_Spring_Lupa
2011-01-01,-80.84,Water_Spring_Lupa
2011-01-02,-81.17,Water_Spring_Lupa
2011-01-03,-81.43,Water_Spring_Lupa
2011-01-04,-81.74,Water_Spring_Lupa
2011-01-05,-82.06,Water_Spring_Lupa
2011-01-06,-82.35,Water_Spring_Lupa
2011-01-07,-82.67,Water_Spring_Lupa
2011-01-08,-82.96,Water_Spring_Lupa
2011-01-10,-83.59,Water_Spring_Lupa
2011-01-11,-83.88,Water_Spring_Lupa
2011-01-12,-84.2,Water_Spring_Lupa
2011-02-01,-80.85,Water_Spring_Lupa
2011-02-02,-81.18,Water_Spring_Lupa
2011-02-03,-81.44,Water_Spring_Lupa
2011-02-04,-81.75,Water_Spring_Lupa
2011-02-05,-82.07,Water_Spring_Lupa
2011-02-06,-82.36,Water_Spring_Lupa
2011-02-07,-82.68,Water_Spring_Lupa
2011-02-08,-82.97,Water_Spring_Lupa
2011-02-10,-83.6,Water_Spring_Lupa
2011-02-11,-83.89,Water_Spring_Lupa
2011-02-12,-84.21,Water_Spring_Lupa
2011-03-01,-80.86,Water_Spring_Lupa
2011-03-02,-81.19,Water_Spring_Lupa
2011-03-03,-81.45,Water_Spring_Lupa
2011-03-04,-81.76,Water_Spring_Lupa
2011-03-05,-82.08,Water_Spring_Lupa
2011-03-06,-82.37,Water_Spring_Lupa
2011-03-07,-82.69,Water_Spring_Lupa
2011-03-08,-82.98,Water_Spring_Lupa
2011-03-09,-83.29,Water_Spring_Lupa
2011-03-10,-83.61,Water_Spring_Lupa
2011-03-11,-83.9,Water_Spring_Lupa
2011-03-12,-84.22,Water_Spring_Lupa
2011-04-01,-80.87,Water_Spring_Lupa
2011-04-02,-81.2,Water_Spring_Lupa
2011-04-03,-81.46,Water_Spring_Lupa
2011-04-04,-81.77,Water_Spring_Lupa
2011-04-05,-82.09,Water_Spring_Lupa
2011-04-06,-82.38,Water_Spring_Lupa
2011-04-07,-82.7,Water_Spring_Lupa
2011-04-08,-82.99,Water_Spring_Lupa
2011-04-09,-83.3,Water_Spring_Lupa
2011-04-10,-83.62,Water_Spring_Lupa
2011-04-11,-83.91,Water_Spring_Lupa
2011-04-12,-84.23,Water_Spring_Lupa
2011-05-01,-80.88,Water_Spring_Lupa
2011-05-03,-81.47,Water_Spring_Lupa
2011-05-04,-81.78,Water_Spring_Lupa
2011-05-05,-82.1,Water_Spring_Lupa
2011-05-06,-82.39,Water_Spring_Lupa
2011-05-07,-82.71,Water_Spring_Lupa
2011-05-08,-83.0,Water_Spring_Lupa
2011-05-09,-83.31,Water_Spring_Lupa
2011-05-10,-83.63,Water_Spring_Lupa
2011-05-11,-83.92,Water_Spring_Lupa
2011-05-12,-84.24,Water_Spring_Lupa
2011-06-01,-80.89,Water_Spring_Lupa
2011-06-03,-81.48,Water_Spring_Lupa
2011-06-04,-81.79,Water_Spring_Lupa
2011-06-05,-82.11,Water_Spring_Lupa
2011-06-06,-82.4,Water_Spring_Lupa
2011-06-07,-82.72,Water_Spring_Lupa
2011-06-08,-83.01,Water_Spring_Lupa
2011-06-09,-83.32,Water_Spring_Lupa
2011-06-10,-83.64,Water_Spring_Lupa
2011-06-11,-83.93,Water_Spring_Lupa
2011-06-12,-84.25,Water_Spring_Lupa
2011-07-01,-80.9,Water_Spring_Lupa
2011-07-02,-81.21,Water_Spring_Lupa
2011-07-03,-81.49,Water_Spring_Lupa
2011-07-04,-81.8,Water_Spring_Lupa
2011-07-05,-82.12,Water_Spring_Lupa
2011-07-06,-82.41,Water_Spring_Lupa
2011-07-07,-82.73,Water_Spring_Lupa
2011-07-08,-83.02,Water_Spring_Lupa
2011-07-09,-83.33,Water_Spring_Lupa
2011-07-10,-83.65,Water_Spring_Lupa
2011-07-11,-83.94,Water_Spring_Lupa
2011-07-12,-84.26,Water_Spring_Lupa
2011-08-01,-80.91,Water_Spring_Lupa
2011-08-02,-81.22,Water_Spring_Lupa
2011-08-03,-81.5,Water_Spring_Lupa
2011-08-04,-81.81,Water_Spring_Lupa
2011-08-05,-82.13,Water_Spring_Lupa
2011-08-06,-82.42,Water_Spring_Lupa
2011-08-07,-82.74,Water_Spring_Lupa
2011-08-08,-83.05,Water_Spring_Lupa
2011-08-09,-83.34,Water_Spring_Lupa
2011-08-10,-83.66,Water_Spring_Lupa
2011-08-11,-83.95,Water_Spring_Lupa
2011-08-12,-84.27,Water_Spring_Lupa
2011-09-01,-80.92,Water_Spring_Lupa
2011-09-02,-81.23,Water_Spring_Lupa
2011-09-03,-81.51,Water_Spring_Lupa
2011-09-04,-81.82,Water_Spring_Lupa
2011-09-05,-82.14,Water_Spring_Lupa
2011-09-06,-82.43,Water_Spring_Lupa
2011-09-07,-82.75,Water_Spring_Lupa
2011-09-08,-83.06,Water_Spring_Lupa
2011-09-09,-83.35,Water_Spring_Lupa
2011-09-10,-83.67,Water_Spring_Lupa
2011-09-11,-83.96,Water_Spring_Lupa
2011-09-12,-84.28,Water_Spring_Lupa
2011-10-01,-80.93,Water_Spring_Lupa
2011-10-02,-81.24,Water_Spring_Lupa
2011-10-03,-81.52,Water_Spring_Lupa
2011-10-04,-81.83,Water_Spring_Lupa
2011-10-05,-82.15,Water_Spring_Lupa
2011-10-06,-82.44,Water_Spring_Lupa
2011-10-07,-82.76,Water_Spring_Lupa
2011-10-08,-83.07,Water_Spring_Lupa
2011-10-09,-83.36,Water_Spring_Lupa
2011-10-10,-83.68,Water_Spring_Lupa
2011-10-11,-83.97,Water_Spring_Lupa
2011-10-12,-84.29,Water_Spring_Lupa
2011-11-01,-80.94,Water_Spring_Lupa
2011-11-02,-81.25,Water_Spring_Lupa
2011-11-03,-81.55,Water_Spring_Lupa
2011-11-04,-81.84,Water_Spring_Lupa
2011-11-05,-82.16,Water_Spring_Lupa
2011-11-06,-82.45,Water_Spring_Lupa
2011-11-08,-83.08,Water_Spring_Lupa
2011-11-09,-83.37,Water_Spring_Lupa
2011-11-10,-83.69,Water_Spring_Lupa
2011-11-11,-83.98,Water_Spring_Lupa
2011-11-12,-84.3,Water_Spring_Lupa
2011-12-01,-80.95,Water_Spring_Lupa
2011-12-02,-81.26,Water_Spring_Lupa
2011-12-03,-81.56,Water_Spring_Lupa
2011-12-04,-81.85,Water_Spring_Lupa
2011-12-05,-82.17,Water_Spring_Lupa
2011-12-06,-82.46,Water_Spring_Lupa
2011-12-08,-83.09,Water_Spring_Lupa
2011-12-09,-83.38,Water_Spring_Lupa
2011-12-10,-83.7,Water_Spring_Lupa
2011-12-11,-83.99,Water_Spring_Lupa
2011-12-12,-84.31,Water_Spring_Lupa
2012-01-01,-84.49,Water_Spring_Lupa
2012-01-02,-84.82,Water_Spring_Lupa
2012-01-03,-85.11,Water_Spring_Lupa
2012-01-04,-85.4,Water_Spring_Lupa
2012-01-05,-85.72,Water_Spring_Lupa
2012-01-06,-86.01,Water_Spring_Lupa
2012-01-07,-86.33,Water_Spring_Lupa
2012-01-08,-86.64,Water_Spring_Lupa
2012-01-09,-86.93,Water_Spring_Lupa
2012-01-10,-87.25,Water_Spring_Lupa
2012-01-11,-87.56,Water_Spring_Lupa
2012-01-12,-87.86,Water_Spring_Lupa
2012-02-01,-84.5,Water_Spring_Lupa
2012-02-02,-84.83,Water_Spring_Lupa
2012-02-03,-85.12,Water_Spring_Lupa
2012-02-04,-85.41,Water_Spring_Lupa
2012-02-05,-85.73,Water_Spring_Lupa
2012-02-06,-86.02,Water_Spring_Lupa
2012-02-07,-86.34,Water_Spring_Lupa
2012-02-08,-86.65,Water_Spring_Lupa
2012-02-09,-86.94,Water_Spring_Lupa
2012-02-10,-87.26,Water_Spring_Lupa
2012-02-11,-87.57,Water_Spring_Lupa
2012-02-12,-87.87,Water_Spring_Lupa
2012-03-01,-84.51,Water_Spring_Lupa
2012-03-02,-84.84,Water_Spring_Lupa
2012-03-03,-85.13,Water_Spring_Lupa
2012-03-04,-85.42,Water_Spring_Lupa
2012-03-05,-85.74,Water_Spring_Lupa
2012-03-06,-86.05,Water_Spring_Lupa
2012-03-07,-86.35,Water_Spring_Lupa
2012-03-08,-86.66,Water_Spring_Lupa
2012-03-09,-86.95,Water_Spring_Lupa
2012-03-10,-87.27,Water_Spring_Lupa
2012-03-11,-87.58,Water_Spring_Lupa
2012-03-12,-87.88,Water_Spring_Lupa
2012-04-01,-84.52,Water_Spring_Lupa
2012-04-03,-85.14,Water_Spring_Lupa
2012-04-04,-85.43,Water_Spring_Lupa
2012-04-05,-85.75,Water_Spring_Lupa
2012-04-06,-86.06,Water_Spring_Lupa
2012-04-07,-86.36,Water_Spring_Lupa
2012-04-08,-86.67,Water_Spring_Lupa
2012-04-09,-86.96,Water_Spring_Lupa
2012-04-10,-87.28,Water_Spring_Lupa
2012-04-11,-87.59,Water_Spring_Lupa
2012-04-12,-87.89,Water_Spring_Lupa
2012-05-01,-84.55,Water_Spring_Lupa
2012-05-03,-85.15,Water_Spring_Lupa
2012-05-04,-85.44,Water_Spring_Lupa
2012-05-05,-85.76,Water_Spring_Lupa
2012-05-06,-86.07,Water_Spring_Lupa
2012-05-07,-86.37,Water_Spring_Lupa
2012-05-08,-86.68,Water_Spring_Lupa
2012-05-09,-86.97,Water_Spring_Lupa
2012-05-10,-87.29,Water_Spring_Lupa
2012-05-11,-87.6,Water_Spring_Lupa
2012-05-12,-87.9,Water_Spring_Lupa
2012-06-01,-84.56,Water_Spring_Lupa
2012-06-02,-84.85,Water_Spring_Lupa
2012-06-03,-85.16,Water_Spring_Lupa
2012-06-04,-85.45,Water_Spring_Lupa
2012-06-05,-85.77,Water_Spring_Lupa
2012-06-06,-86.08,Water_Spring_Lupa
2012-06-07,-86.38,Water_Spring_Lupa
2012-06-08,-86.69,Water_Spring_Lupa
2012-06-09,-86.98,Water_Spring_Lupa
2012-06-10,-87.3,Water_Spring_Lupa
2012-06-11,-87.61,Water_Spring_Lupa
2012-06-12,-87.91,Water_Spring_Lupa
2012-07-01,-84.57,Water_Spring_Lupa
2012-07-02,-84.86,Water_Spring_Lupa
2012-07-03,-85.17,Water_Spring_Lupa
2012-07-04,-85.46,Water_Spring_Lupa
2012-07-05,-85.78,Water_Spring_Lupa
2012-07-06,-86.09,Water_Spring_Lupa
2012-07-07,-86.39,Water_Spring_Lupa
2012-07-08,-86.7,Water_Spring_Lupa
2012-07-09,-86.99,Water_Spring_Lupa
2012-07-10,-87.31,Water_Spring_Lupa
2012-07-11,-87.62,Water_Spring_Lupa
2012-07-12,-87.92,Water_Spring_Lupa
2012-08-01,-84.58,Water_Spring_Lupa
2012-08-02,-84.87,Water_Spring_Lupa
2012-08-03,-85.18,Water_Spring_Lupa
2012-08-04,-85.47,Water_Spring_Lupa
2012-08-05,-85.79,Water_Spring_Lupa
2012-08-06,-86.1,Water_Spring_Lupa
2012-08-07,-86.4,Water_Spring_Lupa
2012-08-08,-86.71,Water_Spring_Lupa
2012-08-09,-87.0,Water_Spring_Lupa
2012-08-10,-87.32,Water_Spring_Lupa
2012-08-11,-87.63,Water_Spring_Lupa
2012-08-12,-87.93,Water_Spring_Lupa
2012-09-01,-84.59,Water_Spring_Lupa
2012-09-02,-84.88,Water_Spring_Lupa
2012-09-03,-85.19,Water_Spring_Lupa
2012-09-04,-85.48,Water_Spring_Lupa
2012-09-05,-85.8,Water_Spring_Lupa
2012-09-06,-86.11,Water_Spring_Lupa
2012-09-08,-86.72,Water_Spring_Lupa
2012-09-09,-87.01,Water_Spring_Lupa
2012-09-10,-87.33,Water_Spring_Lupa
2012-09-11,-87.64,Water_Spring_Lupa
2012-09-12,-87.94,Water_Spring_Lupa
2012-10-01,-84.6,Water_Spring_Lupa
2012-10-02,-84.89,Water_Spring_Lupa
2012-10-03,-85.2,Water_Spring_Lupa
2012-10-04,-85.49,Water_Spring_Lupa
2012-10-05,-85.81,Water_Spring_Lupa
2012-10-06,-86.12,Water_Spring_Lupa
2012-10-08,-86.73,Water_Spring_Lupa
2012-10-09,-87.02,Water_Spring_Lupa
2012-10-10,-87.34,Water_Spring_Lupa
2012-10-11,-87.65,Water_Spring_Lupa
2012-10-12,-87.95,Water_Spring_Lupa
2012-11-01,-84.61,Water_Spring_Lupa
2012-11-02,-84.9,Water_Spring_Lupa
2012-11-03,-85.21,Water_Spring_Lupa
2012-11-04,-85.5,Water_Spring_Lupa
2012-11-05,-85.82,Water_Spring_Lupa
2012-11-06,-86.13,Water_Spring_Lupa
2012-11-07,-86.41,Water_Spring_Lupa
2012-11-08,-86.74,Water_Spring_Lupa
2012-11-09,-87.05,Water_Spring_Lupa
2012-11-10,-87.35,Water_Spring_Lupa
2012-11-11,-87.66,Water_Spring_Lupa
2012-11-12,-87.96,Water_Spring_Lupa
2012-12-01,-84.62,Water_Spring_Lupa
2012-12-02,-84.91,Water_Spring_Lupa
2012-12-03,-85.22,Water_Spring_Lupa
2012-12-04,-85.51,Water_Spring_Lupa
2012-12-05,-85.83,Water_Spring_Lupa
2012-12-06,-86.14,Water_Spring_Lupa
2012-12-07,-86.42,Water_Spring_Lupa
2012-12-08,-86.75,Water_Spring_Lupa
2012-12-09,-87.06,Water_Spring_Lupa
2012-12-10,-87.36,Water_Spring_Lupa
2012-12-11,-87.67,Water_Spring_Lupa
2013-01-01,-88.17,Water_Spring_Lupa
2013-01-02,-88.48,Water_Spring_Lupa
2013-01-03,-88.76,Water_Spring_Lupa
2013-01-04,-89.07,Water_Spring_Lupa
2013-01-05,-89.37,Water_Spring_Lupa
2013-01-06,-89.68,Water_Spring_Lupa
2013-01-07,-89.98,Water_Spring_Lupa
2013-01-08,-90.29,Water_Spring_Lupa
2013-01-09,-90.6,Water_Spring_Lupa
2013-01-10,-90.9,Water_Spring_Lupa
2013-01-11,-91.21,Water_Spring_Lupa
2013-01-12,-91.51,Water_Spring_Lupa
2013-02-01,-88.18,Water_Spring_Lupa
2013-02-03,-88.77,Water_Spring_Lupa
2013-02-04,-89.08,Water_Spring_Lupa
2013-02-05,-89.38,Water_Spring_Lupa
2013-02-06,-89.69,Water_Spring_Lupa
2013-02-07,-89.99,Water_Spring_Lupa
2013-02-08,-90.3,Water_Spring_Lupa
2013-02-09,-90.61,Water_Spring_Lupa
2013-02-10,-90.91,Water_Spring_Lupa
2013-02-11,-91.22,Water_Spring_Lupa
2013-02-12,-91.52,Water_Spring_Lupa
2013-03-01,-88.19,Water_Spring_Lupa
2013-03-03,-88.78,Water_Spring_Lupa
2013-03-04,-89.09,Water_Spring_Lupa
2013-03-05,-89.39,Water_Spring_Lupa
2013-03-06,-89.7,Water_Spring_Lupa
2013-03-07,-90.0,Water_Spring_Lupa
2013-03-08,-90.31,Water_Spring_Lupa
2013-03-09,-90.62,Water_Spring_Lupa
2013-03-10,-90.92,Water_Spring_Lupa
2013-03-11,-91.23,Water_Spring_Lupa
2013-03-12,-91.53,Water_Spring_Lupa
2013-04-01,-88.2,Water_Spring_Lupa
2013-04-02,-88.49,Water_Spring_Lupa
2013-04-03,-88.79,Water_Spring_Lupa
2013-04-04,-89.1,Water_Spring_Lupa
2013-04-05,-89.4,Water_Spring_Lupa
2013-04-06,-89.71,Water_Spring_Lupa
2013-04-07,-90.01,Water_Spring_Lupa
2013-04-08,-90.32,Water_Spring_Lupa
2013-04-09,-90.63,Water_Spring_Lupa
2013-04-10,-90.93,Water_Spring_Lupa
2013-04-11,-91.24,Water_Spring_Lupa
2013-04-12,-91.54,Water_Spring_Lupa
2013-05-01,-88.21,Water_Spring_Lupa
2013-05-02,-88.5,Water_Spring_Lupa
2013-05-03,-88.8,Water_Spring_Lupa
2013-05-04,-89.11,Water_Spring_Lupa
2013-05-05,-89.41,Water_Spring_Lupa
2013-05-06,-89.72,Water_Spring_Lupa
2013-05-07,-90.02,Water_Spring_Lupa
2013-05-08,-90.33,Water_Spring_Lupa
2013-05-09,-90.64,Water_Spring_Lupa
2013-05-10,-90.94,Water_Spring_Lupa
2013-05-11,-91.25,Water_Spring_Lupa
2013-05-12,-91.57,Water_Spring_Lupa
2013-06-01,-88.22,Water_Spring_Lupa
2013-06-02,-88.51,Water_Spring_Lupa
2013-06-03,-88.81,Water_Spring_Lupa
2013-06-04,-89.12,Water_Spring_Lupa
2013-06-05,-89.42,Water_Spring_Lupa
2013-06-06,-89.73,Water_Spring_Lupa
2013-06-07,-90.03,Water_Spring_Lupa
2013-06-08,-90.34,Water_Spring_Lupa
2013-06-09,-90.65,Water_Spring_Lupa
2013-06-10,-90.95,Water_Spring_Lupa
2013-06-11,-91.26,Water_Spring_Lupa
2013-06-12,-91.58,Water_Spring_Lupa
2013-07-01,-88.23,Water_Spring_Lupa
2013-07-02,-88.52,Water_Spring_Lupa
2013-07-03,-88.82,Water_Spring_Lupa
2013-07-04,-89.13,Water_Spring_Lupa
2013-07-05,-89.43,Water_Spring_Lupa
2013-07-06,-89.74,Water_Spring_Lupa
2013-07-07,-90.04,Water_Spring_Lupa
2013-07-08,-90.35,Water_Spring_Lupa
2013-07-09,-90.66,Water_Spring_Lupa
2013-07-10,-90.96,Water_Spring_Lupa
2013-07-11,-91.27,Water_Spring_Lupa
2013-07-12,-91.59,Water_Spring_Lupa
2013-08-01,-88.24,Water_Spring_Lupa
2013-08-02,-88.55,Water_Spring_Lupa
2013-08-03,-88.83,Water_Spring_Lupa
2013-08-04,-89.14,Water_Spring_Lupa
2013-08-05,-89.44,Water_Spring_Lupa
2013-08-06,-89.75,Water_Spring_Lupa
2013-08-07,-90.05,Water_Spring_Lupa
2013-08-08,-90.36,Water_Spring_Lupa
2013-08-09,-90.67,Water_Spring_Lupa
2013-08-10,-90.97,Water_Spring_Lupa
2013-08-11,-91.28,Water_Spring_Lupa
2013-08-12,-91.6,Water_Spring_Lupa
2013-09-01,-88.25,Water_Spring_Lupa
2013-09-02,-88.56,Water_Spring_Lupa
2013-09-03,-88.84,Water_Spring_Lupa
2013-09-04,-89.15,Water_Spring_Lupa
2013-09-05,-89.45,Water_Spring_Lupa
2013-09-06,-89.76,Water_Spring_Lupa
2013-09-07,-90.06,Water_Spring_Lupa
2013-09-08,-90.37,Water_Spring_Lupa
2013-09-09,-90.68,Water_Spring_Lupa
2013-09-10,-90.98,Water_Spring_Lupa
2013-09-11,-91.29,Water_Spring_Lupa
2013-10-01,-88.26,Water_Spring_Lupa
2013-10-02,-88.57,Water_Spring_Lupa
2013-10-03,-88.85,Water_Spring_Lupa
2013-10-04,-89.16,Water_Spring_Lupa
2013-10-05,-89.46,Water_Spring_Lupa
2013-10-06,-89.77,Water_Spring_Lupa
2013-10-07,-90.07,Water_Spring_Lupa
2013-10-08,-90.38,Water_Spring_Lupa
2013-10-09,-90.69,Water_Spring_Lupa
2013-10-10,-90.99,Water_Spring_Lupa
2013-10-11,-91.3,Water_Spring_Lupa
2013-11-01,-88.27,Water_Spring_Lupa
2013-11-02,-88.58,Water_Spring_Lupa
2013-11-03,-88.86,Water_Spring_Lupa
2013-11-04,-89.17,Water_Spring_Lupa
2013-11-05,-89.47,Water_Spring_Lupa
2013-11-06,-89.78,Water_Spring_Lupa
2013-11-07,-90.08,Water_Spring_Lupa
2013-11-08,-90.39,Water_Spring_Lupa
2013-11-09,-90.7,Water_Spring_Lupa
2013-11-10,-91.0,Water_Spring_Lupa
2013-11-11,-91.31,Water_Spring_Lupa
2013-11-12,-91.61,Water_Spring_Lupa
2013-12-01,-88.28,Water_Spring_Lupa
2013-12-02,-88.59,Water_Spring_Lupa
2013-12-03,-88.87,Water_Spring_Lupa
2013-12-04,-89.18,Water_Spring_Lupa
2013-12-05,-89.48,Water_Spring_Lupa
2013-12-06,-89.79,Water_Spring_Lupa
2013-12-07,-90.09,Water_Spring_Lupa
2013-12-08,-90.4,Water_Spring_Lupa
2013-12-09,-90.71,Water_Spring_Lupa
2013-12-10,-91.01,Water_Spring_Lupa
2013-12-11,-91.32,Water_Spring_Lupa
2013-12-12,-91.62,Water_Spring_Lupa
2014-01-01,-91.82,Water_Spring_Lupa
2014-01-02,-92.13,Water_Spring_Lupa
2014-01-03,-92.41,Water_Spring_Lupa
2014-01-04,-92.72,Water_Spring_Lupa
2014-01-05,-93.02,Water_Spring_Lupa
2014-01-06,-93.33,Water_Spring_Lupa
2014-01-07,-93.65,Water_Spring_Lupa
2014-01-08,-93.94,Water_Spring_Lupa
2014-01-09,-94.25,Water_Spring_Lupa
2014-01-10,-94.57,Water_Spring_Lupa
2014-01-11,-94.86,Water_Spring_Lupa
2014-01-12,-95.18,Water_Spring_Lupa
2014-02-01,-91.83,Water_Spring_Lupa
2014-02-02,-92.14,Water_Spring_Lupa
2014-02-03,-92.42,Water_Spring_Lupa
2014-02-04,-92.73,Water_Spring_Lupa
2014-02-05,-93.03,Water_Spring_Lupa
2014-02-06,-93.34,Water_Spring_Lupa
2014-02-07,-93.66,Water_Spring_Lupa
2014-02-08,-93.95,Water_Spring_Lupa
2014-02-09,-94.26,Water_Spring_Lupa
2014-02-10,-94.58,Water_Spring_Lupa
2014-02-11,-94.87,Water_Spring_Lupa
2014-02-12,-95.19,Water_Spring_Lupa
2014-03-01,-91.84,Water_Spring_Lupa
2014-03-02,-92.15,Water_Spring_Lupa
2014-03-03,-92.43,Water_Spring_Lupa
2014-03-04,-92.74,Water_Spring_Lupa
2014-03-05,-93.04,Water_Spring_Lupa
2014-03-06,-93.35,Water_Spring_Lupa
2014-03-07,-93.67,Water_Spring_Lupa
2014-03-08,-93.96,Water_Spring_Lupa
2014-03-09,-94.27,Water_Spring_Lupa
2014-03-10,-94.59,Water_Spring_Lupa
2014-03-11,-94.88,Water_Spring_Lupa
2014-03-12,-95.2,Water_Spring_Lupa
2014-04-01,-91.85,Water_Spring_Lupa
2014-04-02,-92.16,Water_Spring_Lupa
2014-04-03,-92.44,Water_Spring_Lupa
2014-04-04,-92.75,Water_Spring_Lupa
2014-04-05,-93.07,Water_Spring_Lupa
2014-04-06,-93.36,Water_Spring_Lupa
2014-04-07,-93.68,Water_Spring_Lupa
2014-04-08,-93.97,Water_Spring_Lupa
2014-04-09,-94.28,Water_Spring_Lupa
2014-04-10,-94.6,Water_Spring_Lupa
2014-04-11,-94.89,Water_Spring_Lupa
2014-04-12,-95.21,Water_Spring_Lupa
2014-05-01,-91.86,Water_Spring_Lupa
2014-05-02,-92.17,Water_Spring_Lupa
2014-05-03,-92.45,Water_Spring_Lupa
2014-05-04,-92.76,Water_Spring_Lupa
2014-05-05,-93.08,Water_Spring_Lupa
2014-05-06,-93.37,Water_Spring_Lupa
2014-05-08,-93.98,Water_Spring_Lupa
2014-05-09,-94.29,Water_Spring_Lupa
2014-05-10,-94.61,Water_Spring_Lupa
2014-05-11,-94.9,Water_Spring_Lupa
2014-05-12,-95.22,Water_Spring_Lupa
2014-06-01,-91.87,Water_Spring_Lupa
2014-06-02,-92.18,Water_Spring_Lupa
2014-06-03,-92.46,Water_Spring_Lupa
2014-06-04,-92.77,Water_Spring_Lupa
2014-06-05,-93.09,Water_Spring_Lupa
2014-06-06,-93.38,Water_Spring_Lupa
2014-06-08,-93.99,Water_Spring_Lupa
2014-06-09,-94.3,Water_Spring_Lupa
2014-06-10,-94.62,Water_Spring_Lupa
2014-06-11,-94.91,Water_Spring_Lupa
2014-06-12,-95.23,Water_Spring_Lupa
2014-07-01,-91.88,Water_Spring_Lupa
2014-07-02,-92.19,Water_Spring_Lupa
2014-07-03,-92.47,Water_Spring_Lupa
2014-07-04,-92.78,Water_Spring_Lupa
2014-07-05,-93.1,Water_Spring_Lupa
2014-07-06,-93.39,Water_Spring_Lupa
2014-07-07,-93.69,Water_Spring_Lupa
2014-07-08,-94.0,Water_Spring_Lupa
2014-07-09,-94.31,Water_Spring_Lupa
2014-07-10,-94.63,Water_Spring_Lupa
2014-07-11,-94.92,Water_Spring_Lupa
2014-07-12,-95.24,Water_Spring_Lupa
2014-08-01,-91.89,Water_Spring_Lupa
2014-08-02,-92.2,Water_Spring_Lupa
2014-08-03,-92.48,Water_Spring_Lupa
2014-08-04,-92.79,Water_Spring_Lupa
2014-08-05,-93.11,Water_Spring_Lupa
2014-08-06,-93.4,Water_Spring_Lupa
2014-08-07,-93.7,Water_Spring_Lupa
2014-08-08,-94.01,Water_Spring_Lupa
2014-08-09,-94.32,Water_Spring_Lupa
2014-08-10,-94.64,Water_Spring_Lupa
2014-08-11,-94.93,Water_Spring_Lupa
2014-09-01,-91.9,Water_Spring_Lupa
2014-09-02,-92.21,Water_Spring_Lupa
2014-09-03,-92.49,Water_Spring_Lupa
2014-09-04,-92.8,Water_Spring_Lupa
2014-09-05,-93.12,Water_Spring_Lupa
2014-09-06,-93.41,Water_Spring_Lupa
2014-09-07,-93.71,Water_Spring_Lupa
2014-09-08,-94.02,Water_Spring_Lupa
2014-09-09,-94.33,Water_Spring_Lupa
2014-09-10,-94.65,Water_Spring_Lupa
2014-09-11,-94.94,Water_Spring_Lupa
2014-10-01,-91.91,Water_Spring_Lupa
2014-10-02,-92.22,Water_Spring_Lupa
2014-10-03,-92.5,Water_Spring_Lupa
2014-10-04,-92.81,Water_Spring_Lupa
2014-10-05,-93.13,Water_Spring_Lupa
2014-10-06,-93.42,Water_Spring_Lupa
2014-10-07,-93.72,Water_Spring_Lupa
2014-10-08,-94.03,Water_Spring_Lupa
2014-10-09,-94.34,Water_Spring_Lupa
2014-10-10,-94.66,Water_Spring_Lupa
2014-10-11,-94.95,Water_Spring_Lupa
2014-10-12,-95.25,Water_Spring_Lupa
2014-11-01,-91.92,Water_Spring_Lupa
2014-11-02,-92.23,Water_Spring_Lupa
2014-11-03,-92.51,Water_Spring_Lupa
2014-11-04,-92.82,Water_Spring_Lupa
2014-11-05,-93.14,Water_Spring_Lupa
2014-11-06,-93.43,Water_Spring_Lupa
2014-11-07,-93.73,Water_Spring_Lupa
2014-11-08,-94.04,Water_Spring_Lupa
2014-11-09,-94.35,Water_Spring_Lupa
2014-11-10,-94.67,Water_Spring_Lupa
2014-11-11,-94.96,Water_Spring_Lupa
2014-11-12,-95.26,Water_Spring_Lupa
2014-12-01,-91.93,Water_Spring_Lupa
2014-12-02,-92.24,Water_Spring_Lupa
2014-12-03,-92.52,Water_Spring_Lupa
2014-12-04,-92.83,Water_Spring_Lupa
2014-12-05,-93.15,Water_Spring_Lupa
2014-12-06,-93.44,Water_Spring_Lupa
2014-12-07,-93.74,Water_Spring_Lupa
2014-12-08,-94.07,Water_Spring_Lupa
2014-12-09,-94.36,Water_Spring_Lupa
2014-12-10,-94.68,Water_Spring_Lupa
2014-12-11,-94.97,Water_Spring_Lupa
2014-12-12,-95.27,Water_Spring_Lupa
2015-01-01,-95.47,Water_Spring_Lupa
2015-01-02,-95.78,Water_Spring_Lupa
2015-01-03,-96.08,Water_Spring_Lupa
2015-01-04,-96.37,Water_Spring_Lupa
2015-01-05,-96.69,Water_Spring_Lupa
2015-01-06,-96.98,Water_Spring_Lupa
2015-01-07,-97.3,Water_Spring_Lupa
2015-01-08,-97.61,Water_Spring_Lupa
2015-01-09,-97.9,Water_Spring_Lupa
2015-01-10,-98.22,Water_Spring_Lupa
2015-01-11,-98.51,Water_Spring_Lupa
2015-01-12,-98.83,Water_Spring_Lupa
2015-02-01,-95.48,Water_Spring_Lupa
2015-02-02,-95.79,Water_Spring_Lupa
2015-02-03,-96.09,Water_Spring_Lupa
2015-02-04,-96.38,Water_Spring_Lupa
2015-02-05,-96.7,Water_Spring_Lupa
2015-02-06,-96.99,Water_Spring_Lupa
2015-02-07,-97.31,Water_Spring_Lupa
2015-02-08,-97.62,Water_Spring_Lupa
2015-02-09,-97.91,Water_Spring_Lupa
2015-02-10,-98.23,Water_Spring_Lupa
2015-02-11,-98.52,Water_Spring_Lupa
2015-02-12,-98.84,Water_Spring_Lupa
2015-03-01,-95.49,Water_Spring_Lupa
2015-03-02,-95.8,Water_Spring_Lupa
2015-03-03,-96.1,Water_Spring_Lupa
2015-03-04,-96.39,Water_Spring_Lupa
2015-03-05,-96.71,Water_Spring_Lupa
2015-03-06,-97.0,Water_Spring_Lupa
2015-03-07,-97.32,Water_Spring_Lupa
2015-03-08,-97.63,Water_Spring_Lupa
2015-03-09,-97.92,Water_Spring_Lupa
2015-03-10,-98.24,Water_Spring_Lupa
2015-03-11,-98.53,Water_Spring_Lupa
2015-03-12,-98.85,Water_Spring_Lupa
2015-04-01,-95.5,Water_Spring_Lupa
2015-04-02,-95.81,Water_Spring_Lupa
2015-04-03,-96.11,Water_Spring_Lupa
2015-04-04,-96.4,Water_Spring_Lupa
2015-04-05,-96.72,Water_Spring_Lupa
2015-04-06,-97.01,Water_Spring_Lupa
2015-04-08,-97.64,Water_Spring_Lupa
2015-04-09,-97.93,Water_Spring_Lupa
2015-04-10,-98.25,Water_Spring_Lupa
2015-04-11,-98.54,Water_Spring_Lupa
2015-04-12,-98.86,Water_Spring_Lupa
2015-05-01,-95.51,Water_Spring_Lupa
2015-05-02,-95.82,Water_Spring_Lupa
2015-05-03,-96.12,Water_Spring_Lupa
2015-05-04,-96.41,Water_Spring_Lupa
2015-05-05,-96.73,Water_Spring_Lupa
2015-05-06,-97.02,Water_Spring_Lupa
2015-05-08,-97.65,Water_Spring_Lupa
2015-05-09,-97.94,Water_Spring_Lupa
2015-05-10,-98.26,Water_Spring_Lupa
2015-05-11,-98.57,Water_Spring_Lupa
2015-05-12,-98.87,Water_Spring_Lupa
2015-06-01,-95.52,Water_Spring_Lupa
2015-06-02,-95.83,Water_Spring_Lupa
2015-06-03,-96.13,Water_Spring_Lupa
2015-06-04,-96.42,Water_Spring_Lupa
2015-06-05,-96.74,Water_Spring_Lupa
2015-06-06,-97.03,Water_Spring_Lupa
2015-06-07,-97.33,Water_Spring_Lupa
2015-06-08,-97.66,Water_Spring_Lupa
2015-06-09,-97.95,Water_Spring_Lupa
2015-06-10,-98.27,Water_Spring_Lupa
2015-06-11,-98.58,Water_Spring_Lupa
2015-06-12,-98.88,Water_Spring_Lupa
2015-07-01,-95.53,Water_Spring_Lupa
2015-07-02,-95.84,Water_Spring_Lupa
2015-07-03,-96.14,Water_Spring_Lupa
2015-07-04,-96.43,Water_Spring_Lupa
2015-07-05,-96.75,Water_Spring_Lupa
2015-07-06,-97.04,Water_Spring_Lupa
2015-07-07,-97.34,Water_Spring_Lupa
2015-07-08,-97.67,Water_Spring_Lupa
2015-07-09,-97.96,Water_Spring_Lupa
2015-07-10,-98.28,Water_Spring_Lupa
2015-07-11,-98.59,Water_Spring_Lupa
2015-08-01,-95.54,Water_Spring_Lupa
2015-08-02,-95.85,Water_Spring_Lupa
2015-08-03,-96.15,Water_Spring_Lupa
2015-08-04,-96.44,Water_Spring_Lupa
2015-08-05,-96.76,Water_Spring_Lupa
2015-08-06,-97.07,Water_Spring_Lupa
2015-08-07,-97.35,Water_Spring_Lupa
2015-08-08,-97.68,Water_Spring_Lupa
2015-08-09,-97.97,Water_Spring_Lupa
2015-08-10,-98.29,Water_Spring_Lupa
2015-08-11,-98.6,Water_Spring_Lupa
2015-09-01,-95.57,Water_Spring_Lupa
2015-09-02,-95.86,Water_Spring_Lupa
2015-09-03,-96.16,Water_Spring_Lupa
2015-09-04,-96.45,Water_Spring_Lupa
2015-09-05,-96.77,Water_Spring_Lupa
2015-09-06,-97.08,Water_Spring_Lupa
2015-09-07,-97.36,Water_Spring_Lupa
2015-09-08,-97.69,Water_Spring_Lupa
2015-09-09,-97.98,Water_Spring_Lupa
2015-09-10,-98.3,Water_Spring_Lupa
2015-09-11,-98.61,Water_Spring_Lupa
2015-09-12,-98.89,Water_Spring_Lupa
2015-10-01,-95.58,Water_Spring_Lupa
2015-10-02,-95.87,Water_Spring_Lupa
2015-10-03,-96.17,Water_Spring_Lupa
2015-10-04,-96.46,Water_Spring_Lupa
2015-10-05,-96.78,Water_Spring_Lupa
2015-10-06,-97.09,Water_Spring_Lupa
2015-10-07,-97.37,Water_Spring_Lupa
2015-10-08,-97.7,Water_Spring_Lupa
2015-10-09,-97.99,Water_Spring_Lupa
2015-10-10,-98.31,Water_Spring_Lupa
2015-10-11,-98.62,Water_Spring_Lupa
2015-10-12,-98.9,Water_Spring_Lupa
2015-11-01,-95.59,Water_Spring_Lupa
2015-11-02,-95.88,Water_Spring_Lupa
2015-11-03,-96.18,Water_Spring_Lupa
2015-11-04,-96.47,Water_Spring_Lupa
2015-11-05,-96.79,Water_Spring_Lupa
2015-11-06,-97.1,Water_Spring_Lupa
2015-11-07,-97.38,Water_Spring_Lupa
2015-11-08,-97.71,Water_Spring_Lupa
2015-11-09,-98.0,Water_Spring_Lupa
2015-11-10,-98.32,Water_Spring_Lupa
2015-11-11,-98.63,Water_Spring_Lupa
2015-11-12,-98.91,Water_Spring_Lupa
2015-12-01,-95.6,Water_Spring_Lupa
2015-12-02,-95.89,Water_Spring_Lupa
2015-12-03,-96.19,Water_Spring_Lupa
2015-12-04,-96.48,Water_Spring_Lupa
2015-12-05,-96.8,Water_Spring_Lupa
2015-12-06,-97.11,Water_Spring_Lupa
2015-12-07,-97.39,Water_Spring_Lupa
2015-12-08,-97.72,Water_Spring_Lupa
2015-12-09,-98.01,Water_Spring_Lupa
2015-12-10,-98.33,Water_Spring_Lupa
2015-12-11,-98.64,Water_Spring_Lupa
2015-12-12,-98.92,Water_Spring_Lupa
2016-01-01,-99.14,Water_Spring_Lupa
2016-01-02,-99.43,Water_Spring_Lupa
2016-01-03,-99.74,Water_Spring_Lupa
2016-01-04,-100.03,Water_Spring_Lupa
2016-01-05,-100.35,Water_Spring_Lupa
2016-01-06,-100.66,Water_Spring_Lupa
2016-01-07,-100.96,Water_Spring_Lupa
2016-01-08,-101.27,Water_Spring_Lupa
2016-01-09,-101.58,Water_Spring_Lupa
2016-01-10,-101.88,Water_Spring_Lupa
2016-01-11,-102.19,Water_Spring_Lupa
2016-01-12,-102.49,Water_Spring_Lupa
2016-02-01,-99.15,Water_Spring_Lupa
2016-02-02,-99.44,Water_Spring_Lupa
2016-02-03,-99.75,Water_Spring_Lupa
2016-02-04,-100.04,Water_Spring_Lupa
2016-02-05,-100.36,Water_Spring_Lupa
2016-02-06,-100.67,Water_Spring_Lupa
2016-02-08,-101.28,Water_Spring_Lupa
2016-02-09,-101.59,Water_Spring_Lupa
2016-02-10,-101.89,Water_Spring_Lupa
2016-02-11,-102.2,Water_Spring_Lupa
2016-02-12,-102.5,Water_Spring_Lupa
2016-03-01,-99.16,Water_Spring_Lupa
2016-03-02,-99.45,Water_Spring_Lupa
2016-03-03,-99.76,Water_Spring_Lupa
2016-03-04,-100.07,Water_Spring_Lupa
2016-03-05,-100.37,Water_Spring_Lupa
2016-03-06,-100.68,Water_Spring_Lupa
2016-03-08,-101.29,Water_Spring_Lupa
2016-03-09,-101.6,Water_Spring_Lupa
2016-03-10,-101.9,Water_Spring_Lupa
2016-03-11,-102.21,Water_Spring_Lupa
2016-03-12,-102.51,Water_Spring_Lupa
2016-04-01,-99.17,Water_Spring_Lupa
2016-04-02,-99.46,Water_Spring_Lupa
2016-04-03,-99.77,Water_Spring_Lupa
2016-04-04,-100.08,Water_Spring_Lupa
2016-04-05,-100.38,Water_Spring_Lupa
2016-04-06,-100.69,Water_Spring_Lupa
2016-04-07,-100.97,Water_Spring_Lupa
2016-04-08,-101.3,Water_Spring_Lupa
2016-04-09,-101.61,Water_Spring_Lupa
2016-04-10,-101.91,Water_Spring_Lupa
2016-04-11,-102.22,Water_Spring_Lupa
2016-04-12,-102.52,Water_Spring_Lupa
2016-05-01,-99.18,Water_Spring_Lupa
2016-05-02,-99.47,Water_Spring_Lupa
2016-05-03,-99.78,Water_Spring_Lupa
2016-05-04,-100.09,Water_Spring_Lupa
2016-05-05,-100.39,Water_Spring_Lupa
2016-05-06,-100.7,Water_Spring_Lupa
2016-05-07,-100.98,Water_Spring_Lupa
2016-05-08,-101.31,Water_Spring_Lupa
2016-05-09,-101.62,Water_Spring_Lupa
2016-05-10,-101.92,Water_Spring_Lupa
2016-05-11,-102.23,Water_Spring_Lupa
2016-06-01,-99.19,Water_Spring_Lupa
2016-06-02,-99.48,Water_Spring_Lupa
2016-06-03,-99.79,Water_Spring_Lupa
2016-06-04,-100.1,Water_Spring_Lupa
2016-06-05,-100.4,Water_Spring_Lupa
2016-06-06,-100.71,Water_Spring_Lupa
2016-06-07,-100.99,Water_Spring_Lupa
2016-06-08,-101.32,Water_Spring_Lupa
2016-06-09,-101.63,Water_Spring_Lupa
2016-06-10,-101.93,Water_Spring_Lupa
2016-06-11,-102.24,Water_Spring_Lupa
2016-07-01,-99.2,Water_Spring_Lupa
2016-07-02,-99.49,Water_Spring_Lupa
2016-07-03,-99.8,Water_Spring_Lupa
2016-07-04,-100.11,Water_Spring_Lupa
2016-07-05,-100.41,Water_Spring_Lupa
2016-07-06,-100.72,Water_Spring_Lupa
2016-07-07,-101.0,Water_Spring_Lupa
2016-07-08,-101.33,Water_Spring_Lupa
2016-07-09,-101.64,Water_Spring_Lupa
2016-07-10,-101.94,Water_Spring_Lupa
2016-07-11,-102.25,Water_Spring_Lupa
2016-07-12,-102.53,Water_Spring_Lupa
2016-08-01,-99.21,Water_Spring_Lupa
2016-08-02,-99.5,Water_Spring_Lupa
2016-08-03,-99.81,Water_Spring_Lupa
2016-08-04,-100.12,Water_Spring_Lupa
2016-08-05,-100.42,Water_Spring_Lupa
2016-08-06,-100.73,Water_Spring_Lupa
2016-08-07,-101.01,Water_Spring_Lupa
2016-08-08,-101.34,Water_Spring_Lupa
2016-08-09,-101.65,Water_Spring_Lupa
2016-08-10,-101.95,Water_Spring_Lupa
2016-08-11,-102.26,Water_Spring_Lupa
2016-08-12,-102.54,Water_Spring_Lupa
2016-09-01,-99.22,Water_Spring_Lupa
2016-09-02,-99.51,Water_Spring_Lupa
2016-09-03,-99.82,Water_Spring_Lupa
2016-09-04,-100.13,Water_Spring_Lupa
2016-09-05,-100.43,Water_Spring_Lupa
2016-09-06,-100.74,Water_Spring_Lupa
2016-09-07,-101.02,Water_Spring_Lupa
2016-09-08,-101.35,Water_Spring_Lupa
2016-09-09,-101.66,Water_Spring_Lupa
2016-09-10,-101.96,Water_Spring_Lupa
2016-09-11,-102.27,Water_Spring_Lupa
2016-09-12,-102.57,Water_Spring_Lupa
2016-10-01,-99.23,Water_Spring_Lupa
2016-10-02,-99.52,Water_Spring_Lupa
2016-10-03,-99.83,Water_Spring_Lupa
2016-10-04,-100.14,Water_Spring_Lupa
2016-10-05,-100.44,Water_Spring_Lupa
2016-10-06,-100.75,Water_Spring_Lupa
2016-10-07,-101.03,Water_Spring_Lupa
2016-10-08,-101.36,Water_Spring_Lupa
2016-10-09,-101.67,Water_Spring_Lupa
2016-10-10,-101.97,Water_Spring_Lupa
2016-10-11,-102.28,Water_Spring_Lupa
2016-10-12,-102.58,Water_Spring_Lupa
2016-11-01,-99.24,Water_Spring_Lupa
2016-11-02,-99.53,Water_Spring_Lupa
2016-11-03,-99.84,Water_Spring_Lupa
2016-11-04,-100.15,Water_Spring_Lupa
2016-11-06,-100.76,Water_Spring_Lupa
2016-11-07,-101.04,Water_Spring_Lupa
2016-11-08,-101.37,Water_Spring_Lupa
2016-11-09,-101.68,Water_Spring_Lupa
2016-11-10,-101.98,Water_Spring_Lupa
2016-11-11,-102.29,Water_Spring_Lupa
2016-11-12,-102.59,Water_Spring_Lupa
2016-12-01,-99.25,Water_Spring_Lupa
2016-12-02,-99.54,Water_Spring_Lupa
2016-12-03,-99.85,Water_Spring_Lupa
2016-12-04,-100.16,Water_Spring_Lupa
2016-12-06,-100.77,Water_Spring_Lupa
2016-12-07,-101.07,Water_Spring_Lupa
2016-12-08,-101.38,Water_Spring_Lupa
2016-12-09,-101.69,Water_Spring_Lupa
2016-12-10,-101.99,Water_Spring_Lupa
2016-12-11,-102.3,Water_Spring_Lupa
2016-12-12,-102.6,Water_Spring_Lupa
2017-01-01,-102.8,Water_Spring_Lupa
2017-01-02,-103.11,Water_Spring_Lupa
2017-01-03,-103.39,Water_Spring_Lupa
2017-01-04,-103.7,Water_Spring_Lupa
2017-01-05,-104.0,Water_Spring_Lupa
2017-01-06,-104.31,Water_Spring_Lupa
2017-01-07,-104.61,Water_Spring_Lupa
2017-01-08,-104.92,Water_Spring_Lupa
2017-01-09,-105.23,Water_Spring_Lupa
2017-01-10,-105.53,Water_Spring_Lupa
2017-01-11,-105.84,Water_Spring_Lupa
2017-01-12,-106.16,Water_Spring_Lupa
2017-02-01,-102.81,Water_Spring_Lupa
2017-02-02,-103.12,Water_Spring_Lupa
2017-02-03,-103.4,Water_Spring_Lupa
2017-02-04,-103.71,Water_Spring_Lupa
2017-02-05,-104.01,Water_Spring_Lupa
2017-02-06,-104.32,Water_Spring_Lupa
2017-02-07,-104.62,Water_Spring_Lupa
2017-02-08,-104.93,Water_Spring_Lupa
2017-02-09,-105.24,Water_Spring_Lupa
2017-02-10,-105.54,Water_Spring_Lupa
2017-02-11,-105.85,Water_Spring_Lupa
2017-03-01,-102.82,Water_Spring_Lupa
2017-03-02,-103.13,Water_Spring_Lupa
2017-03-03,-103.41,Water_Spring_Lupa
2017-03-04,-103.72,Water_Spring_Lupa
2017-03-05,-104.02,Water_Spring_Lupa
2017-03-06,-104.33,Water_Spring_Lupa
2017-03-07,-104.63,Water_Spring_Lupa
2017-03-08,-104.94,Water_Spring_Lupa
2017-03-09,-105.25,Water_Spring_Lupa
2017-03-10,-105.55,Water_Spring_Lupa
2017-03-11,-105.86,Water_Spring_Lupa
2017-04-01,-102.83,Water_Spring_Lupa
2017-04-02,-103.14,Water_Spring_Lupa
2017-04-03,-103.42,Water_Spring_Lupa
2017-04-04,-103.73,Water_Spring_Lupa
2017-04-05,-104.03,Water_Spring_Lupa
2017-04-06,-104.34,Water_Spring_Lupa
2017-04-07,-104.64,Water_Spring_Lupa
2017-04-08,-104.95,Water_Spring_Lupa
2017-04-09,-105.26,Water_Spring_Lupa
2017-04-10,-105.56,Water_Spring_Lupa
2017-04-11,-105.87,Water_Spring_Lupa
2017-04-12,-106.17,Water_Spring_Lupa
2017-05-01,-102.84,Water_Spring_Lupa
2017-05-02,-103.15,Water_Spring_Lupa
2017-05-03,-103.43,Water_Spring_Lupa
2017-05-04,-103.74,Water_Spring_Lupa
2017-05-05,-104.04,Water_Spring_Lupa
2017-05-06,-104.35,Water_Spring_Lupa
2017-05-07,-104.65,Water_Spring_Lupa
2017-05-08,-104.96,Water_Spring_Lupa
2017-05-09,-105.27,Water_Spring_Lupa
2017-05-10,-105.59,Water_Spring_Lupa
2017-05-11,-105.88,Water_Spring_Lupa
2017-05-12,-106.18,Water_Spring_Lupa
2017-06-01,-102.85,Water_Spring_Lupa
2017-06-02,-103.16,Water_Spring_Lupa
2017-06-03,-103.44,Water_Spring_Lupa
2017-06-04,-103.75,Water_Spring_Lupa
2017-06-05,-104.05,Water_Spring_Lupa
2017-06-06,-104.36,Water_Spring_Lupa
2017-06-07,-104.66,Water_Spring_Lupa
2017-06-08,-104.97,Water_Spring_Lupa
2017-06-09,-105.28,Water_Spring_Lupa
2017-06-10,-105.6,Water_Spring_Lupa
2017-06-11,-105.89,Water_Spring_Lupa
2017-06-12,-106.19,Water_Spring_Lupa
2017-07-01,-102.86,Water_Spring_Lupa
2017-07-02,-103.17,Water_Spring_Lupa
2017-07-03,-103.45,Water_Spring_Lupa
2017-07-04,-103.76,Water_Spring_Lupa
2017-07-05,-104.06,Water_Spring_Lupa
2017-07-06,-104.37,Water_Spring_Lupa
2017-07-07,-104.67,Water_Spring_Lupa
2017-07-08,-104.98,Water_Spring_Lupa
2017-07-09,-105.29,Water_Spring_Lupa
2017-07-10,-105.61,Water_Spring_Lupa
2017-07-11,-105.9,Water_Spring_Lupa
2017-07-12,-106.2,Water_Spring_Lupa
2017-08-01,-102.87,Water_Spring_Lupa
2017-08-02,-103.18,Water_Spring_Lupa
2017-08-03,-103.46,Water_Spring_Lupa
2017-08-04,-103.77,Water_Spring_Lupa
2017-08-06,-104.38,Water_Spring_Lupa
2017-08-07,-104.68,Water_Spring_Lupa
2017-08-08,-104.99,Water_Spring_Lupa
2017-08-09,-105.3,Water_Spring_Lupa
2017-08-10,-105.62,Water_Spring_Lupa
2017-08-11,-105.91,Water_Spring_Lupa
2017-08-12,-106.21,Water_Spring_Lupa
2017-09-01,-102.88,Water_Spring_Lupa
2017-09-02,-103.19,Water_Spring_Lupa
2017-09-03,-103.47,Water_Spring_Lupa
2017-09-04,-103.78,Water_Spring_Lupa
2017-09-06,-104.39,Water_Spring_Lupa
2017-09-07,-104.69,Water_Spring_Lupa
2017-09-08,-105.0,Water_Spring_Lupa
2017-09-09,-105.31,Water_Spring_Lupa
2017-09-10,-105.63,Water_Spring_Lupa
2017-09-11,-105.92,Water_Spring_Lupa
2017-09-12,-106.22,Water_Spring_Lupa
2017-10-01,-102.89,Water_Spring_Lupa
2017-10-02,-103.2,Water_Spring_Lupa
2017-10-03,-103.48,Water_Spring_Lupa
2017-10-04,-103.79,Water_Spring_Lupa
2017-10-05,-104.09,Water_Spring_Lupa
2017-10-06,-104.4,Water_Spring_Lupa
2017-10-07,-104.7,Water_Spring_Lupa
2017-10-08,-105.01,Water_Spring_Lupa
2017-10-09,-105.32,Water_Spring_Lupa
2017-10-10,-105.64,Water_Spring_Lupa
2017-10-11,-105.93,Water_Spring_Lupa
2017-10-12,-106.23,Water_Spring_Lupa
2017-11-01,-102.9,Water_Spring_Lupa
2017-11-02,-103.21,Water_Spring_Lupa
2017-11-03,-103.49,Water_Spring_Lupa
2017-11-04,-103.8,Water_Spring_Lupa
2017-11-05,-104.1,Water_Spring_Lupa
2017-11-06,-104.41,Water_Spring_Lupa
2017-11-07,-104.71,Water_Spring_Lupa
2017-11-08,-105.02,Water_Spring_Lupa
2017-11-09,-105.33,Water_Spring_Lupa
2017-11-11,-105.94,Water_Spring_Lupa
2017-11-12,-106.24,Water_Spring_Lupa
2017-12-01,-102.91,Water_Spring_Lupa
2017-12-02,-103.22,Water_Spring_Lupa
2017-12-03,-103.5,Water_Spring_Lupa
2017-12-04,-103.81,Water_Spring_Lupa
2017-12-05,-104.11,Water_Spring_Lupa
2017-12-06,-104.42,Water_Spring_Lupa
2017-12-07,-104.72,Water_Spring_Lupa
2017-12-08,-105.03,Water_Spring_Lupa
2017-12-09,-105.34,Water_Spring_Lupa
2017-12-11,-105.95,Water_Spring_Lupa
2017-12-12,-106.25,Water_Spring_Lupa
2018-01-01,-106.45,Water_Spring_Lupa
2018-01-02,-106.76,Water_Spring_Lupa
2018-01-03,-107.04,Water_Spring_Lupa
2018-01-04,-107.35,Water_Spring_Lupa
2018-01-05,-107.67,Water_Spring_Lupa
2018-01-06,-107.96,Water_Spring_Lupa
2018-01-07,-108.26,Water_Spring_Lupa
2018-01-08,-108.59,Water_Spring_Lupa
2018-01-09,-108.88,Water_Spring_Lupa
2018-01-10,-109.2,Water_Spring_Lupa
2018-01-11,-109.49,Water_Spring_Lupa
2018-02-01,-106.46,Water_Spring_Lupa
2018-02-02,-106.77,Water_Spring_Lupa
2018-02-03,-107.05,Water_Spring_Lupa
2018-02-04,-107.36,Water_Spring_Lupa
2018-02-05,-107.68,Water_Spring_Lupa
2018-02-06,-107.97,Water_Spring_Lupa
2018-02-07,-108.27,Water_Spring_Lupa
2018-02-08,-108.6,Water_Spring_Lupa
2018-02-09,-108.89,Water_Spring_Lupa
2018-02-10,-109.21,Water_Spring_Lupa
2018-02-11,-109.5,Water_Spring_Lupa
2018-03-01,-106.47,Water_Spring_Lupa
2018-03-02,-106.78,Water_Spring_Lupa
2018-03-03,-107.06,Water_Spring_Lupa
2018-03-04,-107.37,Water_Spring_Lupa
2018-03-05,-107.69,Water_Spring_Lupa
2018-03-06,-107.98,Water_Spring_Lupa
2018-03-07,-108.28,Water_Spring_Lupa
2018-03-08,-108.61,Water_Spring_Lupa
2018-03-09,-108.9,Water_Spring_Lupa
2018-03-10,-109.22,Water_Spring_Lupa
2018-03-11,-109.51,Water_Spring_Lupa
2018-03-12,-109.81,Water_Spring_Lupa
2018-04-01,-106.48,Water_Spring_Lupa
2018-04-02,-106.79,Water_Spring_Lupa
2018-04-03,-107.09,Water_Spring_Lupa
2018-04-04,-107.38,Water_Spring_Lupa
2018-04-05,-107.7,Water_Spring_Lupa
2018-04-06,-107.99,Water_Spring_Lupa
2018-04-07,-108.29,Water_Spring_Lupa
2018-04-08,-108.62,Water_Spring_Lupa
2018-04-09,-108.91,Water_Spring_Lupa
2018-04-10,-109.23,Water_Spring_Lupa
2018-04-11,-109.52,Water_Spring_Lupa
2018-04-12,-109.82,Water_Spring_Lupa
2018-05-01,-106.49,Water_Spring_Lupa
2018-05-02,-106.8,Water_Spring_Lupa
2018-05-03,-107.1,Water_Spring_Lupa
2018-05-04,-107.39,Water_Spring_Lupa
2018-05-05,-107.71,Water_Spring_Lupa
2018-05-06,-108.0,Water_Spring_Lupa
2018-05-07,-108.3,Water_Spring_Lupa
2018-05-08,-108.63,Water_Spring_Lupa
2018-05-09,-108.92,Water_Spring_Lupa
2018-05-10,-109.24,Water_Spring_Lupa
2018-05-11,-109.53,Water_Spring_Lupa
2018-05-12,-109.83,Water_Spring_Lupa
2018-06-01,-106.5,Water_Spring_Lupa
2018-06-02,-106.81,Water_Spring_Lupa
2018-06-03,-107.11,Water_Spring_Lupa
2018-06-04,-107.4,Water_Spring_Lupa
2018-06-05,-107.72,Water_Spring_Lupa
2018-06-06,-108.01,Water_Spring_Lupa
2018-06-07,-108.31,Water_Spring_Lupa
2018-06-08,-108.64,Water_Spring_Lupa
2018-06-09,-108.93,Water_Spring_Lupa
2018-06-10,-109.25,Water_Spring_Lupa
2018-06-11,-109.54,Water_Spring_Lupa
2018-06-12,-109.84,Water_Spring_Lupa
2018-07-01,-106.51,Water_Spring_Lupa
2018-07-02,-106.82,Water_Spring_Lupa
2018-07-03,-107.12,Water_Spring_Lupa
2018-07-04,-107.41,Water_Spring_Lupa
2018-07-06,-108.02,Water_Spring_Lupa
2018-07-07,-108.32,Water_Spring_Lupa
2018-07-08,-108.65,Water_Spring_Lupa
2018-07-09,-108.94,Water_Spring_Lupa
2018-07-10,-109.26,Water_Spring_Lupa
2018-07-11,-109.55,Water_Spring_Lupa
2018-07-12,-109.85,Water_Spring_Lupa
2018-08-01,-106.52,Water_Spring_Lupa
2018-08-02,-106.83,Water_Spring_Lupa
2018-08-03,-107.13,Water_Spring_Lupa
2018-08-04,-107.42,Water_Spring_Lupa
2018-08-06,-108.03,Water_Spring_Lupa
2018-08-07,-108.33,Water_Spring_Lupa
2018-08-08,-108.66,Water_Spring_Lupa
2018-08-09,-108.95,Water_Spring_Lupa
2018-08-10,-109.27,Water_Spring_Lupa
2018-08-11,-109.56,Water_Spring_Lupa
2018-08-12,-109.86,Water_Spring_Lupa
2018-09-01,-106.53,Water_Spring_Lupa
2018-09-02,-106.84,Water_Spring_Lupa
2018-09-03,-107.14,Water_Spring_Lupa
2018-09-04,-107.43,Water_Spring_Lupa
2018-09-05,-107.73,Water_Spring_Lupa
2018-09-06,-108.04,Water_Spring_Lupa
2018-09-07,-108.34,Water_Spring_Lupa
2018-09-08,-108.67,Water_Spring_Lupa
2018-09-09,-108.96,Water_Spring_Lupa
2018-09-10,-109.28,Water_Spring_Lupa
2018-09-11,-109.59,Water_Spring_Lupa
2018-09-12,-109.87,Water_Spring_Lupa
2018-10-01,-106.54,Water_Spring_Lupa
2018-10-02,-106.85,Water_Spring_Lupa
2018-10-03,-107.15,Water_Spring_Lupa
2018-10-04,-107.44,Water_Spring_Lupa
2018-10-05,-107.74,Water_Spring_Lupa
2018-10-06,-108.05,Water_Spring_Lupa
2018-10-07,-108.35,Water_Spring_Lupa
2018-10-08,-108.68,Water_Spring_Lupa
2018-10-09,-108.97,Water_Spring_Lupa
2018-10-11,-109.6,Water_Spring_Lupa
2018-10-12,-109.88,Water_Spring_Lupa
2018-11-01,-106.55,Water_Spring_Lupa
2018-11-02,-106.86,Water_Spring_Lupa
2018-11-03,-107.16,Water_Spring_Lupa
2018-11-04,-107.45,Water_Spring_Lupa
2018-11-05,-107.75,Water_Spring_Lupa
2018-11-06,-108.06,Water_Spring_Lupa
2018-11-07,-108.36,Water_Spring_Lupa
2018-11-08,-108.69,Water_Spring_Lupa
2018-11-09,-108.98,Water_Spring_Lupa
2018-11-11,-109.61,Water_Spring_Lupa
2018-11-12,-109.89,Water_Spring_Lupa
2018-12-01,-106.56,Water_Spring_Lupa
2018-12-02,-106.87,Water_Spring_Lupa
2018-12-03,-107.17,Water_Spring_Lupa
2018-12-04,-107.46,Water_Spring_Lupa
2018-12-05,-107.76,Water_Spring_Lupa
2018-12-06,-108.09,Water_Spring_Lupa
2018-12-07,-108.37,Water_Spring_Lupa
2018-12-08,-108.7,Water_Spring_Lupa
2018-12-09,-108.99,Water_Spring_Lupa
2018-12-10,-109.29,Water_Spring_Lupa
2018-12-11,-109.62,Water_Spring_Lupa
2018-12-12,-109.9,Water_Spring_Lupa
2019-01-01,-110.12,Water_Spring_Lupa
2019-01-02,-110.41,Water_Spring_Lupa
2019-01-03,-110.71,Water_Spring_Lupa
2019-01-04,-111.0,Water_Spring_Lupa
2019-01-05,-111.32,Water_Spring_Lupa
2019-01-06,-111.63,Water_Spring_Lupa
2019-01-07,-111.91,Water_Spring_Lupa
2019-01-08,-112.24,Water_Spring_Lupa
2019-01-09,-112.53,Water_Spring_Lupa
2019-01-10,-112.85,Water_Spring_Lupa
2019-01-11,-113.16,Water_Spring_Lupa
2019-02-01,-110.13,Water_Spring_Lupa
2019-02-02,-110.42,Water_Spring_Lupa
2019-02-03,-110.72,Water_Spring_Lupa
2019-02-04,-111.01,Water_Spring_Lupa
2019-02-05,-111.33,Water_Spring_Lupa
2019-02-06,-111.64,Water_Spring_Lupa
2019-02-07,-111.92,Water_Spring_Lupa
2019-02-08,-112.25,Water_Spring_Lupa
2019-02-09,-112.54,Water_Spring_Lupa
2019-02-10,-112.86,Water_Spring_Lupa
2019-02-11,-113.17,Water_Spring_Lupa
2019-02-12,-113.45,Water_Spring_Lupa
2019-03-01,-110.14,Water_Spring_Lupa
2019-03-02,-110.43,Water_Spring_Lupa
2019-03-03,-110.73,Water_Spring_Lupa
2019-03-04,-111.02,Water_Spring_Lupa
2019-03-05,-111.34,Water_Spring_Lupa
2019-03-06,-111.65,Water_Spring_Lupa
2019-03-07,-111.93,Water_Spring_Lupa
2019-03-08,-112.26,Water_Spring_Lupa
2019-03-09,-112.55,Water_Spring_Lupa
2019-03-10,-112.87,Water_Spring_Lupa
2019-03-11,-113.18,Water_Spring_Lupa
2019-03-12,-113.46,Water_Spring_Lupa
2019-04-01,-110.15,Water_Spring_Lupa
2019-04-02,-110.44,Water_Spring_Lupa
2019-04-03,-110.74,Water_Spring_Lupa
2019-04-04,-111.03,Water_Spring_Lupa
2019-04-05,-111.35,Water_Spring_Lupa
2019-04-06,-111.66,Water_Spring_Lupa
2019-04-07,-111.94,Water_Spring_Lupa
2019-04-08,-112.27,Water_Spring_Lupa
2019-04-09,-112.56,Water_Spring_Lupa
2019-04-10,-112.88,Water_Spring_Lupa
2019-04-11,-113.19,Water_Spring_Lupa
2019-04-12,-113.47,Water_Spring_Lupa
2019-05-01,-110.16,Water_Spring_Lupa
2019-05-02,-110.45,Water_Spring_Lupa
2019-05-03,-110.75,Water_Spring_Lupa
2019-05-04,-111.04,Water_Spring_Lupa
2019-05-05,-111.36,Water_Spring_Lupa
2019-05-06,-111.67,Water_Spring_Lupa
2019-05-07,-111.95,Water_Spring_Lupa
2019-05-08,-112.28,Water_Spring_Lupa
2019-05-09,-112.59,Water_Spring_Lupa
2019-05-10,-112.89,Water_Spring_Lupa
2019-05-11,-113.2,Water_Spring_Lupa
2019-05-12,-113.48,Water_Spring_Lupa
2019-06-01,-110.17,Water_Spring_Lupa
2019-06-02,-110.46,Water_Spring_Lupa
2019-06-03,-110.76,Water_Spring_Lupa
2019-06-04,-111.05,Water_Spring_Lupa
2019-06-06,-111.68,Water_Spring_Lupa
2019-06-07,-111.96,Water_Spring_Lupa
2019-06-08,-112.29,Water_Spring_Lupa
2019-06-09,-112.6,Water_Spring_Lupa
2019-06-10,-112.9,Water_Spring_Lupa
2019-06-11,-113.21,Water_Spring_Lupa
2019-06-12,-113.49,Water_Spring_Lupa
2019-07-01,-110.18,Water_Spring_Lupa
2019-07-02,-110.47,Water_Spring_Lupa
2019-07-03,-110.77,Water_Spring_Lupa
2019-07-04,-111.06,Water_Spring_Lupa
2019-07-06,-111.69,Water_Spring_Lupa
2019-07-07,-111.97,Water_Spring_Lupa
2019-07-08,-112.3,Water_Spring_Lupa
2019-07-09,-112.61,Water_Spring_Lupa
2019-07-10,-112.91,Water_Spring_Lupa
2019-07-11,-113.22,Water_Spring_Lupa
2019-07-12,-113.5,Water_Spring_Lupa
2019-08-01,-110.19,Water_Spring_Lupa
2019-08-02,-110.48,Water_Spring_Lupa
2019-08-03,-110.78,Water_Spring_Lupa
2019-08-04,-111.09,Water_Spring_Lupa
2019-08-05,-111.37,Water_Spring_Lupa
2019-08-06,-111.7,Water_Spring_Lupa
2019-08-07,-111.98,Water_Spring_Lupa
2019-08-08,-112.31,Water_Spring_Lupa
2019-08-09,-112.62,Water_Spring_Lupa
2019-08-10,-112.92,Water_Spring_Lupa
2019-08-11,-113.23,Water_Spring_Lupa
2019-08-12,-113.51,Water_Spring_Lupa
2019-09-01,-110.2,Water_Spring_Lupa
2019-09-02,-110.49,Water_Spring_Lupa
2019-09-03,-110.79,Water_Spring_Lupa
2019-09-04,-111.1,Water_Spring_Lupa
2019-09-05,-111.38,Water_Spring_Lupa
2019-09-06,-111.71,Water_Spring_Lupa
2019-09-07,-111.99,Water_Spring_Lupa
2019-09-08,-112.32,Water_Spring_Lupa
2019-09-09,-112.63,Water_Spring_Lupa
2019-09-11,-113.24,Water_Spring_Lupa
2019-09-12,-113.52,Water_Spring_Lupa
2019-10-01,-110.21,Water_Spring_Lupa
2019-10-02,-110.5,Water_Spring_Lupa
2019-10-03,-110.8,Water_Spring_Lupa
2019-10-04,-111.11,Water_Spring_Lupa
2019-10-05,-111.39,Water_Spring_Lupa
2019-10-06,-111.72,Water_Spring_Lupa
2019-10-07,-112.0,Water_Spring_Lupa
2019-10-08,-112.33,Water_Spring_Lupa
2019-10-09,-112.64,Water_Spring_Lupa
2019-10-11,-113.25,Water_Spring_Lupa
2019-10-12,-113.53,Water_Spring_Lupa
2019-11-01,-110.22,Water_Spring_Lupa
2019-11-02,-110.51,Water_Spring_Lupa
2019-11-03,-110.81,Water_Spring_Lupa
2019-11-04,-111.12,Water_Spring_Lupa
2019-11-05,-111.4,Water_Spring_Lupa
2019-11-06,-111.73,Water_Spring_Lupa
2019-11-07,-112.01,Water_Spring_Lupa
2019-11-08,-112.34,Water_Spring_Lupa
2019-11-09,-112.65,Water_Spring_Lupa
2019-11-10,-112.93,Water_Spring_Lupa
2019-11-11,-113.26,Water_Spring_Lupa
2019-11-12,-113.54,Water_Spring_Lupa
2019-12-01,-110.23,Water_Spring_Lupa
2019-12-02,-110.52,Water_Spring_Lupa
2019-12-03,-110.82,Water_Spring_Lupa
2019-12-04,-111.13,Water_Spring_Lupa
2019-12-05,-111.41,Water_Spring_Lupa
2019-12-06,-111.74,Water_Spring_Lupa
2019-12-07,-112.02,Water_Spring_Lupa
2019-12-08,-112.35,Water_Spring_Lupa
2019-12-09,-112.66,Water_Spring_Lupa
2019-12-10,-112.94,Water_Spring_Lupa
2019-12-11,-113.27,Water_Spring_Lupa
2019-12-12,-113.55,Water_Spring_Lupa
2020-01-01,-113.77,Water_Spring_Lupa
2020-01-02,-114.06,Water_Spring_Lupa
2020-01-04,-101.61,Water_Spring_Lupa
2020-01-05,-93.99,Water_Spring_Lupa
2020-01-06,-82.48,Water_Spring_Lupa
2020-02-01,-113.78,Water_Spring_Lupa
2020-02-02,-114.09,Water_Spring_Lupa
2020-02-03,-103.27,Water_Spring_Lupa
2020-02-04,-101.36,Water_Spring_Lupa
2020-02-05,-93.65,Water_Spring_Lupa
2020-02-06,-81.83,Water_Spring_Lupa
2020-03-01,-113.79,Water_Spring_Lupa
2020-03-02,-114.1,Water_Spring_Lupa
2020-03-03,-104.06,Water_Spring_Lupa
2020-03-04,-101.2,Water_Spring_Lupa
2020-03-05,-93.26,Water_Spring_Lupa
2020-03-06,-81.64,Water_Spring_Lupa
2020-04-01,-113.8,Water_Spring_Lupa
2020-04-02,-114.11,Water_Spring_Lupa
2020-04-03,-104.49,Water_Spring_Lupa
2020-04-04,-101.07,Water_Spring_Lupa
2020-04-05,-92.82,Water_Spring_Lupa
2020-04-06,-81.23,Water_Spring_Lupa
2020-05-01,-113.81,Water_Spring_Lupa
2020-05-02,-114.12,Water_Spring_Lupa
2020-05-03,-104.57,Water_Spring_Lupa
2020-05-04,-100.89,Water_Spring_Lupa
2020-05-05,-92.46,Water_Spring_Lupa
2020-05-06,-81.51,Water_Spring_Lupa
2020-06-01,-113.82,Water_Spring_Lupa
2020-06-02,-114.13,Water_Spring_Lupa
2020-06-03,-104.56,Water_Spring_Lupa
2020-06-04,-100.65,Water_Spring_Lupa
2020-06-05,-92.06,Water_Spring_Lupa
2020-06-06,-81.16,Water_Spring_Lupa
2020-07-01,-113.83,Water_Spring_Lupa
2020-07-02,-114.14,Water_Spring_Lupa
2020-07-03,-104.35,Water_Spring_Lupa
2020-07-04,-100.23,Water_Spring_Lupa
2020-07-05,-91.65,Water_Spring_Lupa
2020-07-06,-80.81,Water_Spring_Lupa
2020-08-01,-113.84,Water_Spring_Lupa
2020-08-02,-114.15,Water_Spring_Lupa
2020-08-03,-104.22,Water_Spring_Lupa
2020-08-04,-99.91,Water_Spring_Lupa
2020-08-05,-91.28,Water_Spring_Lupa
2020-08-06,-80.27,Water_Spring_Lupa
2020-09-01,-113.85,Water_Spring_Lupa
2020-09-02,-114.16,Water_Spring_Lupa
2020-09-03,-104.08,Water_Spring_Lupa
2020-09-04,-99.65,Water_Spring_Lupa
2020-09-05,-90.88,Water_Spring_Lupa
2020-09-06,-79.73,Water_Spring_Lupa
2020-10-01,-113.86,Water_Spring_Lupa
2020-10-02,-114.17,Water_Spring_Lupa
2020-10-03,-103.83,Water_Spring_Lupa
2020-10-04,-99.35,Water_Spring_Lupa
2020-10-05,-90.49,Water_Spring_Lupa
2020-10-06,-79.3,Water_Spring_Lupa
2020-11-01,-113.87,Water_Spring_Lupa
2020-11-02,-114.18,Water_Spring_Lupa
2020-11-03,-103.54,Water_Spring_Lupa
2020-11-04,-99.11,Water_Spring_Lupa
2020-11-05,-90.17,Water_Spring_Lupa
2020-11-06,-79.12,Water_Spring_Lupa
2020-12-01,-113.88,Water_Spring_Lupa
2020-12-02,-114.19,Water_Spring_Lupa
2020-12-03,-103.34,Water_Spring_Lupa
2020-12-04,-98.8,Water_Spring_Lupa
2020-12-05,-89.78,Water_Spring_Lupa
2020-12-06,-78.63,Water_Spring_Lupa
2015-01-04,275.0547686,Water_Spring_Madonna_di_Canneto
2015-01-05,274.5162938,Water_Spring_Madonna_di_Canneto
2015-01-06,273.6683519,Water_Spring_Madonna_di_Canneto
2015-02-04,273.9272583,Water_Spring_Madonna_di_Canneto
2015-02-05,274.5120852,Water_Spring_Madonna_di_Canneto
2015-02-06,273.6685172,Water_Spring_Madonna_di_Canneto
2015-02-10,224.941935,Water_Spring_Madonna_di_Canneto
2015-03-04,273.877707,Water_Spring_Madonna_di_Canneto
2015-03-05,274.5641337,Water_Spring_Madonna_di_Canneto
2015-03-06,273.6884255,Water_Spring_Madonna_di_Canneto
2015-04-04,273.9227575,Water_Spring_Madonna_di_Canneto
2015-04-05,274.6890818,Water_Spring_Madonna_di_Canneto
2015-04-06,273.6998817,Water_Spring_Madonna_di_Canneto
2015-04-10,227.1598042,Water_Spring_Madonna_di_Canneto
2015-05-04,273.5561175,Water_Spring_Madonna_di_Canneto
2015-05-05,274.6811391,Water_Spring_Madonna_di_Canneto
2015-05-06,273.6648734,Water_Spring_Madonna_di_Canneto
2015-05-10,225.6479256,Water_Spring_Madonna_di_Canneto
2015-06-04,273.8512721,Water_Spring_Madonna_di_Canneto
2015-06-05,274.6076082,Water_Spring_Madonna_di_Canneto
2015-06-06,273.741792,Water_Spring_Madonna_di_Canneto
2015-06-10,223.0236674,Water_Spring_Madonna_di_Canneto
2015-07-04,273.6301476,Water_Spring_Madonna_di_Canneto
2015-07-05,274.6448834,Water_Spring_Madonna_di_Canneto
2015-07-06,273.8530483,Water_Spring_Madonna_di_Canneto
2015-08-04,273.4032263,Water_Spring_Madonna_di_Canneto
2015-08-05,274.7271288,Water_Spring_Madonna_di_Canneto
2015-08-06,273.7789352,Water_Spring_Madonna_di_Canneto
2015-09-04,261.8903418,Water_Spring_Madonna_di_Canneto
2015-09-05,274.739544,Water_Spring_Madonna_di_Canneto
2015-10-04,277.0050769,Water_Spring_Madonna_di_Canneto
2015-10-05,274.8317938,Water_Spring_Madonna_di_Canneto
2015-10-06,274.1147766,Water_Spring_Madonna_di_Canneto
2015-11-04,276.7164202,Water_Spring_Madonna_di_Canneto
2015-11-05,274.695843,Water_Spring_Madonna_di_Canneto
2015-12-04,276.891222,Water_Spring_Madonna_di_Canneto
2015-12-05,274.8093921,Water_Spring_Madonna_di_Canneto
2016-01-05,276.9418741,Water_Spring_Madonna_di_Canneto
2016-01-06,277.1255654,Water_Spring_Madonna_di_Canneto
2016-01-07,277.0872416,Water_Spring_Madonna_di_Canneto
2016-01-08,289.0679475,Water_Spring_Madonna_di_Canneto
2016-01-09,294.6554726,Water_Spring_Madonna_di_Canneto
2016-01-10,269.0900348,Water_Spring_Madonna_di_Canneto
2016-01-11,294.7167377,Water_Spring_Madonna_di_Canneto
2016-01-12,296.6075439,Water_Spring_Madonna_di_Canneto
2016-02-05,277.0451587,Water_Spring_Madonna_di_Canneto
2016-02-06,277.045497,Water_Spring_Madonna_di_Canneto
2016-02-07,277.2163325,Water_Spring_Madonna_di_Canneto
2016-02-08,291.4645194,Water_Spring_Madonna_di_Canneto
2016-02-09,294.5999651,Water_Spring_Madonna_di_Canneto
2016-02-10,266.936223,Water_Spring_Madonna_di_Canneto
2016-02-11,294.679629,Water_Spring_Madonna_di_Canneto
2016-02-12,296.6075439,Water_Spring_Madonna_di_Canneto
2016-03-05,275.6731375,Water_Spring_Madonna_di_Canneto
2016-03-06,276.8969536,Water_Spring_Madonna_di_Canneto
2016-03-07,277.2061131,Water_Spring_Madonna_di_Canneto
2016-03-08,291.8707007,Water_Spring_Madonna_di_Canneto
2016-03-09,294.604008,Water_Spring_Madonna_di_Canneto
2016-03-10,266.3381576,Water_Spring_Madonna_di_Canneto
2016-03-11,295.7556422,Water_Spring_Madonna_di_Canneto
2016-03-12,296.6075439,Water_Spring_Madonna_di_Canneto
2016-04-05,275.6340509,Water_Spring_Madonna_di_Canneto
2016-04-06,277.0327085,Water_Spring_Madonna_di_Canneto
2016-04-07,277.033899,Water_Spring_Madonna_di_Canneto
2016-04-08,291.8392389,Water_Spring_Madonna_di_Canneto
2016-04-09,294.6496661,Water_Spring_Madonna_di_Canneto
2016-04-10,268.188346,Water_Spring_Madonna_di_Canneto
2016-04-11,296.6075439,Water_Spring_Madonna_di_Canneto
2016-04-12,296.6075439,Water_Spring_Madonna_di_Canneto
2016-05-05,275.8300855,Water_Spring_Madonna_di_Canneto
2016-05-06,276.9569736,Water_Spring_Madonna_di_Canneto
2016-05-07,277.2789493,Water_Spring_Madonna_di_Canneto
2016-05-08,292.9908446,Water_Spring_Madonna_di_Canneto
2016-05-09,294.4624094,Water_Spring_Madonna_di_Canneto
2016-05-10,268.7119371,Water_Spring_Madonna_di_Canneto
2016-05-11,296.6075439,Water_Spring_Madonna_di_Canneto
2016-05-12,296.6075439,Water_Spring_Madonna_di_Canneto
2016-06-05,275.6085185,Water_Spring_Madonna_di_Canneto
2016-06-06,276.9506957,Water_Spring_Madonna_di_Canneto
2016-06-07,277.3454921,Water_Spring_Madonna_di_Canneto
2016-06-08,293.8918701,Water_Spring_Madonna_di_Canneto
2016-06-09,294.0303572,Water_Spring_Madonna_di_Canneto
2016-06-10,268.2069447,Water_Spring_Madonna_di_Canneto
2016-06-11,296.6075439,Water_Spring_Madonna_di_Canneto
2016-06-12,296.6075439,Water_Spring_Madonna_di_Canneto
2016-07-05,275.6911855,Water_Spring_Madonna_di_Canneto
2016-07-06,277.0819815,Water_Spring_Madonna_di_Canneto
2016-07-07,277.3437279,Water_Spring_Madonna_di_Canneto
2016-07-08,294.4546586,Water_Spring_Madonna_di_Canneto
2016-07-09,294.2023417,Water_Spring_Madonna_di_Canneto
2016-07-10,268.0044138,Water_Spring_Madonna_di_Canneto
2016-07-11,296.6075439,Water_Spring_Madonna_di_Canneto
2016-07-12,296.6075439,Water_Spring_Madonna_di_Canneto
2016-08-05,275.879104,Water_Spring_Madonna_di_Canneto
2016-08-06,276.9707063,Water_Spring_Madonna_di_Canneto
2016-08-07,277.550972,Water_Spring_Madonna_di_Canneto
2016-08-08,294.5351649,Water_Spring_Madonna_di_Canneto
2016-08-09,294.2041201,Water_Spring_Madonna_di_Canneto
2016-08-10,270.4436784,Water_Spring_Madonna_di_Canneto
2016-08-12,296.6075439,Water_Spring_Madonna_di_Canneto
2016-09-05,276.1018298,Water_Spring_Madonna_di_Canneto
2016-09-06,277.1542318,Water_Spring_Madonna_di_Canneto
2016-09-07,277.9865694,Water_Spring_Madonna_di_Canneto
2016-09-08,294.6945291,Water_Spring_Madonna_di_Canneto
2016-09-09,293.2369257,Water_Spring_Madonna_di_Canneto
2016-09-10,273.7954125,Water_Spring_Madonna_di_Canneto
2016-09-12,296.6075439,Water_Spring_Madonna_di_Canneto
2016-10-05,275.9746119,Water_Spring_Madonna_di_Canneto
2016-10-06,274.7996841,Water_Spring_Madonna_di_Canneto
2016-10-07,278.5814214,Water_Spring_Madonna_di_Canneto
2016-10-08,295.1120512,Water_Spring_Madonna_di_Canneto
2016-10-09,294.0538615,Water_Spring_Madonna_di_Canneto
2016-10-10,275.1130855,Water_Spring_Madonna_di_Canneto
2016-10-12,296.6075439,Water_Spring_Madonna_di_Canneto
2016-11-05,276.0763945,Water_Spring_Madonna_di_Canneto
2016-11-06,277.145346,Water_Spring_Madonna_di_Canneto
2016-11-07,279.9468057,Water_Spring_Madonna_di_Canneto
2016-11-08,294.946034,Water_Spring_Madonna_di_Canneto
2016-11-09,295.5932285,Water_Spring_Madonna_di_Canneto
2016-11-10,291.8201791,Water_Spring_Madonna_di_Canneto
2016-11-11,296.6075439,Water_Spring_Madonna_di_Canneto
2016-11-12,296.6075439,Water_Spring_Madonna_di_Canneto
2016-12-05,276.1332902,Water_Spring_Madonna_di_Canneto
2016-12-06,277.4690453,Water_Spring_Madonna_di_Canneto
2016-12-07,281.6963671,Water_Spring_Madonna_di_Canneto
2016-12-08,295.0102957,Water_Spring_Madonna_di_Canneto
2016-12-09,299.9394485,Water_Spring_Madonna_di_Canneto
2016-12-10,295.7178528,Water_Spring_Madonna_di_Canneto
2016-12-11,296.6075439,Water_Spring_Madonna_di_Canneto
2016-12-12,296.6075439,Water_Spring_Madonna_di_Canneto
2017-01-01,296.6075439,Water_Spring_Madonna_di_Canneto
2017-01-02,296.6075439,Water_Spring_Madonna_di_Canneto
2017-01-03,288.6040936,Water_Spring_Madonna_di_Canneto
2017-01-04,286.4176215,Water_Spring_Madonna_di_Canneto
2017-01-05,284.6909107,Water_Spring_Madonna_di_Canneto
2017-01-06,286.8994982,Water_Spring_Madonna_di_Canneto
2017-01-07,295.2287558,Water_Spring_Madonna_di_Canneto
2017-01-08,295.1331078,Water_Spring_Madonna_di_Canneto
2017-01-09,213.8891335,Water_Spring_Madonna_di_Canneto
2017-01-10,268.876855,Water_Spring_Madonna_di_Canneto
2017-01-11,197.7404036,Water_Spring_Madonna_di_Canneto
2017-01-12,292.2808907,Water_Spring_Madonna_di_Canneto
2017-02-01,296.6075439,Water_Spring_Madonna_di_Canneto
2017-02-02,296.6075439,Water_Spring_Madonna_di_Canneto
2017-02-03,289.8963593,Water_Spring_Madonna_di_Canneto
2017-02-04,286.4550274,Water_Spring_Madonna_di_Canneto
2017-02-05,284.4700232,Water_Spring_Madonna_di_Canneto
2017-02-06,286.8279301,Water_Spring_Madonna_di_Canneto
2017-02-07,294.3056068,Water_Spring_Madonna_di_Canneto
2017-02-08,293.9302794,Water_Spring_Madonna_di_Canneto
2017-02-09,213.1538985,Water_Spring_Madonna_di_Canneto
2017-02-10,267.9028469,Water_Spring_Madonna_di_Canneto
2017-02-11,194.0916033,Water_Spring_Madonna_di_Canneto
2017-02-12,289.3765766,Water_Spring_Madonna_di_Canneto
2017-03-01,296.6075439,Water_Spring_Madonna_di_Canneto
2017-03-02,296.6075439,Water_Spring_Madonna_di_Canneto
2017-03-03,288.7451165,Water_Spring_Madonna_di_Canneto
2017-03-04,285.9679685,Water_Spring_Madonna_di_Canneto
2017-03-05,284.4801366,Water_Spring_Madonna_di_Canneto
2017-03-06,286.9073408,Water_Spring_Madonna_di_Canneto
2017-03-07,294.4049237,Water_Spring_Madonna_di_Canneto
2017-03-08,290.9154834,Water_Spring_Madonna_di_Canneto
2017-03-09,212.3904338,Water_Spring_Madonna_di_Canneto
2017-03-10,260.1447579,Water_Spring_Madonna_di_Canneto
2017-03-11,191.8933704,Water_Spring_Madonna_di_Canneto
2017-03-12,290.2921898,Water_Spring_Madonna_di_Canneto
2017-04-01,296.6075439,Water_Spring_Madonna_di_Canneto
2017-04-02,296.6075439,Water_Spring_Madonna_di_Canneto
2017-04-03,288.6375582,Water_Spring_Madonna_di_Canneto
2017-04-04,286.0038407,Water_Spring_Madonna_di_Canneto
2017-04-05,284.8436189,Water_Spring_Madonna_di_Canneto
2017-04-06,286.8792179,Water_Spring_Madonna_di_Canneto
2017-04-07,295.6234193,Water_Spring_Madonna_di_Canneto
2017-04-08,283.0075508,Water_Spring_Madonna_di_Canneto
2017-04-09,211.4447939,Water_Spring_Madonna_di_Canneto
2017-04-10,253.2624411,Water_Spring_Madonna_di_Canneto
2017-04-11,190.6589389,Water_Spring_Madonna_di_Canneto
2017-04-12,290.513619,Water_Spring_Madonna_di_Canneto
2017-05-01,296.6075439,Water_Spring_Madonna_di_Canneto
2017-05-02,296.6075439,Water_Spring_Madonna_di_Canneto
2017-05-03,288.6189608,Water_Spring_Madonna_di_Canneto
2017-05-04,286.3253924,Water_Spring_Madonna_di_Canneto
2017-05-05,284.7121872,Water_Spring_Madonna_di_Canneto
2017-05-06,286.2812319,Water_Spring_Madonna_di_Canneto
2017-05-07,295.7802416,Water_Spring_Madonna_di_Canneto
2017-05-08,279.5458599,Water_Spring_Madonna_di_Canneto
2017-05-09,210.179778,Water_Spring_Madonna_di_Canneto
2017-05-10,247.0525727,Water_Spring_Madonna_di_Canneto
2017-05-11,189.0161411,Water_Spring_Madonna_di_Canneto
2017-05-12,290.4948093,Water_Spring_Madonna_di_Canneto
2017-06-01,296.6075439,Water_Spring_Madonna_di_Canneto
2017-06-02,296.6075439,Water_Spring_Madonna_di_Canneto
2017-06-03,288.0262688,Water_Spring_Madonna_di_Canneto
2017-06-04,286.4090661,Water_Spring_Madonna_di_Canneto
2017-06-05,283.6812059,Water_Spring_Madonna_di_Canneto
2017-06-06,285.5820478,Water_Spring_Madonna_di_Canneto
2017-06-07,295.7118199,Water_Spring_Madonna_di_Canneto
2017-06-08,279.8957451,Water_Spring_Madonna_di_Canneto
2017-06-09,208.0344701,Water_Spring_Madonna_di_Canneto
2017-06-10,241.5658211,Water_Spring_Madonna_di_Canneto
2017-06-11,187.7531821,Water_Spring_Madonna_di_Canneto
2017-06-12,290.2257957,Water_Spring_Madonna_di_Canneto
2017-07-01,296.6075439,Water_Spring_Madonna_di_Canneto
2017-07-02,296.6075439,Water_Spring_Madonna_di_Canneto
2017-07-03,287.5579163,Water_Spring_Madonna_di_Canneto
2017-07-04,286.4779599,Water_Spring_Madonna_di_Canneto
2017-07-05,284.9365926,Water_Spring_Madonna_di_Canneto
2017-07-06,286.3643435,Water_Spring_Madonna_di_Canneto
2017-07-07,295.8198748,Water_Spring_Madonna_di_Canneto
2017-07-08,279.7595772,Water_Spring_Madonna_di_Canneto
2017-07-09,205.6504871,Water_Spring_Madonna_di_Canneto
2017-07-10,238.459451,Water_Spring_Madonna_di_Canneto
2017-07-11,216.111071,Water_Spring_Madonna_di_Canneto
2017-07-12,289.1983236,Water_Spring_Madonna_di_Canneto
2017-08-01,296.6075439,Water_Spring_Madonna_di_Canneto
2017-08-02,296.6075439,Water_Spring_Madonna_di_Canneto
2017-08-03,286.4191484,Water_Spring_Madonna_di_Canneto
2017-08-05,284.8356846,Water_Spring_Madonna_di_Canneto
2017-08-06,286.8675473,Water_Spring_Madonna_di_Canneto
2017-08-07,294.5402742,Water_Spring_Madonna_di_Canneto
2017-08-08,277.8994841,Water_Spring_Madonna_di_Canneto
2017-08-09,204.5712843,Water_Spring_Madonna_di_Canneto
2017-08-10,238.1181244,Water_Spring_Madonna_di_Canneto
2017-08-11,223.9227733,Water_Spring_Madonna_di_Canneto
2017-08-12,289.7843458,Water_Spring_Madonna_di_Canneto
2017-09-01,296.6075439,Water_Spring_Madonna_di_Canneto
2017-09-02,296.6075439,Water_Spring_Madonna_di_Canneto
2017-09-03,286.6520425,Water_Spring_Madonna_di_Canneto
2017-09-05,284.7405973,Water_Spring_Madonna_di_Canneto
2017-09-06,286.3751004,Water_Spring_Madonna_di_Canneto
2017-09-07,294.6120884,Water_Spring_Madonna_di_Canneto
2017-09-08,277.0360834,Water_Spring_Madonna_di_Canneto
2017-09-09,203.0262324,Water_Spring_Madonna_di_Canneto
2017-09-10,236.1307907,Water_Spring_Madonna_di_Canneto
2017-09-11,221.54346,Water_Spring_Madonna_di_Canneto
2017-09-12,289.5708477,Water_Spring_Madonna_di_Canneto
2017-10-01,296.6075439,Water_Spring_Madonna_di_Canneto
2017-10-02,296.6075439,Water_Spring_Madonna_di_Canneto
2017-10-03,287.2223413,Water_Spring_Madonna_di_Canneto
2017-10-05,284.1667391,Water_Spring_Madonna_di_Canneto
2017-10-06,286.3869403,Water_Spring_Madonna_di_Canneto
2017-10-07,295.4342903,Water_Spring_Madonna_di_Canneto
2017-10-08,274.3462127,Water_Spring_Madonna_di_Canneto
2017-10-09,201.074759,Water_Spring_Madonna_di_Canneto
2017-10-10,233.2128962,Water_Spring_Madonna_di_Canneto
2017-10-11,217.5781139,Water_Spring_Madonna_di_Canneto
2017-10-12,288.9780702,Water_Spring_Madonna_di_Canneto
2017-11-01,296.6075439,Water_Spring_Madonna_di_Canneto
2017-11-02,296.6075439,Water_Spring_Madonna_di_Canneto
2017-11-03,286.7405164,Water_Spring_Madonna_di_Canneto
2017-11-04,286.7788145,Water_Spring_Madonna_di_Canneto
2017-11-05,282.0025983,Water_Spring_Madonna_di_Canneto
2017-11-06,286.292739,Water_Spring_Madonna_di_Canneto
2017-11-07,293.061802,Water_Spring_Madonna_di_Canneto
2017-11-08,267.7377837,Water_Spring_Madonna_di_Canneto
2017-11-09,201.2940017,Water_Spring_Madonna_di_Canneto
2017-11-10,230.6181642,Water_Spring_Madonna_di_Canneto
2017-11-11,217.719509,Water_Spring_Madonna_di_Canneto
2017-11-12,289.0147123,Water_Spring_Madonna_di_Canneto
2017-12-01,296.6075439,Water_Spring_Madonna_di_Canneto
2017-12-02,296.6075439,Water_Spring_Madonna_di_Canneto
2017-12-03,286.399731,Water_Spring_Madonna_di_Canneto
2017-12-04,286.5581728,Water_Spring_Madonna_di_Canneto
2017-12-05,282.0004384,Water_Spring_Madonna_di_Canneto
2017-12-06,285.3902438,Water_Spring_Madonna_di_Canneto
2017-12-07,295.5889382,Water_Spring_Madonna_di_Canneto
2017-12-08,264.2501785,Water_Spring_Madonna_di_Canneto
2017-12-09,226.2879877,Water_Spring_Madonna_di_Canneto
2017-12-10,222.6385603,Water_Spring_Madonna_di_Canneto
2017-12-11,221.7249337,Water_Spring_Madonna_di_Canneto
2017-12-12,281.715168,Water_Spring_Madonna_di_Canneto
2018-01-01,285.520742,Water_Spring_Madonna_di_Canneto
2018-01-02,282.0379488,Water_Spring_Madonna_di_Canneto
2018-01-04,226.9487474,Water_Spring_Madonna_di_Canneto
2018-01-09,290.6908883,Water_Spring_Madonna_di_Canneto
2018-01-10,292.1374438,Water_Spring_Madonna_di_Canneto
2018-01-11,285.1650369,Water_Spring_Madonna_di_Canneto
2018-01-12,275.014901,Water_Spring_Madonna_di_Canneto
2018-02-01,285.433921,Water_Spring_Madonna_di_Canneto
2018-02-02,282.4608154,Water_Spring_Madonna_di_Canneto
2018-02-04,226.991171,Water_Spring_Madonna_di_Canneto
2018-02-09,290.9878738,Water_Spring_Madonna_di_Canneto
2018-02-10,289.3997014,Water_Spring_Madonna_di_Canneto
2018-02-11,284.8860213,Water_Spring_Madonna_di_Canneto
2018-02-12,274.8623692,Water_Spring_Madonna_di_Canneto
2018-03-01,285.4662226,Water_Spring_Madonna_di_Canneto
2018-03-02,282.4608154,Water_Spring_Madonna_di_Canneto
2018-03-04,226.9570889,Water_Spring_Madonna_di_Canneto
2018-03-09,292.7731228,Water_Spring_Madonna_di_Canneto
2018-03-10,292.0609505,Water_Spring_Madonna_di_Canneto
2018-03-11,280.6134124,Water_Spring_Madonna_di_Canneto
2018-03-12,274.8608014,Water_Spring_Madonna_di_Canneto
2018-04-01,285.3569507,Water_Spring_Madonna_di_Canneto
2018-04-04,226.9875143,Water_Spring_Madonna_di_Canneto
2018-04-09,293.215641,Water_Spring_Madonna_di_Canneto
2018-04-10,292.1424026,Water_Spring_Madonna_di_Canneto
2018-04-11,280.1491262,Water_Spring_Madonna_di_Canneto
2018-04-12,274.696989,Water_Spring_Madonna_di_Canneto
2018-05-01,285.1199166,Water_Spring_Madonna_di_Canneto
2018-05-04,226.9754304,Water_Spring_Madonna_di_Canneto
2018-05-09,290.7679676,Water_Spring_Madonna_di_Canneto
2018-05-10,291.6645628,Water_Spring_Madonna_di_Canneto
2018-05-11,277.7575537,Water_Spring_Madonna_di_Canneto
2018-05-12,274.7892025,Water_Spring_Madonna_di_Canneto
2018-06-01,273.0413193,Water_Spring_Madonna_di_Canneto
2018-06-04,227.0368141,Water_Spring_Madonna_di_Canneto
2018-06-09,290.9155214,Water_Spring_Madonna_di_Canneto
2018-06-10,290.1787921,Water_Spring_Madonna_di_Canneto
2018-06-11,279.6956119,Water_Spring_Madonna_di_Canneto
2018-06-12,274.9078507,Water_Spring_Madonna_di_Canneto
2018-07-01,283.4794891,Water_Spring_Madonna_di_Canneto
2018-07-09,293.5315011,Water_Spring_Madonna_di_Canneto
2018-07-10,288.3864409,Water_Spring_Madonna_di_Canneto
2018-07-11,278.3616957,Water_Spring_Madonna_di_Canneto
2018-07-12,274.9212928,Water_Spring_Madonna_di_Canneto
2018-08-01,283.8310706,Water_Spring_Madonna_di_Canneto
2018-08-09,294.206511,Water_Spring_Madonna_di_Canneto
2018-08-10,289.9196703,Water_Spring_Madonna_di_Canneto
2018-08-11,277.7039683,Water_Spring_Madonna_di_Canneto
2018-08-12,274.7607475,Water_Spring_Madonna_di_Canneto
2018-09-01,283.9967967,Water_Spring_Madonna_di_Canneto
2018-09-09,295.1757454,Water_Spring_Madonna_di_Canneto
2018-09-10,288.8812605,Water_Spring_Madonna_di_Canneto
2018-09-11,277.7286581,Water_Spring_Madonna_di_Canneto
2018-10-01,284.2730616,Water_Spring_Madonna_di_Canneto
2018-10-09,296.3452164,Water_Spring_Madonna_di_Canneto
2018-10-10,288.4138675,Water_Spring_Madonna_di_Canneto
2018-10-11,279.4017358,Water_Spring_Madonna_di_Canneto
2018-11-01,284.4637546,Water_Spring_Madonna_di_Canneto
2018-11-09,290.1845749,Water_Spring_Madonna_di_Canneto
2018-11-10,289.8398773,Water_Spring_Madonna_di_Canneto
2018-11-11,281.2684011,Water_Spring_Madonna_di_Canneto
2018-12-01,284.8036611,Water_Spring_Madonna_di_Canneto
2018-12-04,278.1584494,Water_Spring_Madonna_di_Canneto
2018-12-09,290.5679645,Water_Spring_Madonna_di_Canneto
2018-12-10,289.8329448,Water_Spring_Madonna_di_Canneto
2018-12-11,285.3936828,Water_Spring_Madonna_di_Canneto
2019-01-02,277.8600434,Water_Spring_Madonna_di_Canneto
2019-01-03,226.7897831,Water_Spring_Madonna_di_Canneto
2019-01-04,216.9973704,Water_Spring_Madonna_di_Canneto
2019-01-05,206.1291278,Water_Spring_Madonna_di_Canneto
2019-01-06,225.7901064,Water_Spring_Madonna_di_Canneto
2019-01-07,215.7486065,Water_Spring_Madonna_di_Canneto
2019-01-08,286.926332,Water_Spring_Madonna_di_Canneto
2019-01-10,271.9694063,Water_Spring_Madonna_di_Canneto
2019-01-11,210.8797361,Water_Spring_Madonna_di_Canneto
2019-01-12,220.7798978,Water_Spring_Madonna_di_Canneto
2019-02-02,277.8405954,Water_Spring_Madonna_di_Canneto
2019-02-03,226.7431876,Water_Spring_Madonna_di_Canneto
2019-02-04,216.7665241,Water_Spring_Madonna_di_Canneto
2019-02-05,205.782427,Water_Spring_Madonna_di_Canneto
2019-02-06,225.4525837,Water_Spring_Madonna_di_Canneto
2019-02-07,259.3795444,Water_Spring_Madonna_di_Canneto
2019-02-08,287.0408943,Water_Spring_Madonna_di_Canneto
2019-02-10,269.1594355,Water_Spring_Madonna_di_Canneto
2019-02-11,209.8828305,Water_Spring_Madonna_di_Canneto
2019-02-12,220.1794104,Water_Spring_Madonna_di_Canneto
2019-03-02,277.9755014,Water_Spring_Madonna_di_Canneto
2019-03-03,226.6133087,Water_Spring_Madonna_di_Canneto
2019-03-04,216.3106844,Water_Spring_Madonna_di_Canneto
2019-03-05,205.2735106,Water_Spring_Madonna_di_Canneto
2019-03-06,225.1146809,Water_Spring_Madonna_di_Canneto
2019-03-07,283.1456122,Water_Spring_Madonna_di_Canneto
2019-03-08,286.666641,Water_Spring_Madonna_di_Canneto
2019-03-10,268.1456682,Water_Spring_Madonna_di_Canneto
2019-03-11,209.5952529,Water_Spring_Madonna_di_Canneto
2019-03-12,219.3372237,Water_Spring_Madonna_di_Canneto
2019-04-01,277.0257486,Water_Spring_Madonna_di_Canneto
2019-04-03,226.3453994,Water_Spring_Madonna_di_Canneto
2019-04-04,216.0504404,Water_Spring_Madonna_di_Canneto
2019-04-05,204.9866679,Water_Spring_Madonna_di_Canneto
2019-04-06,224.7712304,Water_Spring_Madonna_di_Canneto
2019-04-07,281.6365519,Water_Spring_Madonna_di_Canneto
2019-04-08,286.7396306,Water_Spring_Madonna_di_Canneto
2019-04-10,267.8026023,Water_Spring_Madonna_di_Canneto
2019-04-11,220.4254667,Water_Spring_Madonna_di_Canneto
2019-04-12,219.0130579,Water_Spring_Madonna_di_Canneto
2019-05-01,276.9671448,Water_Spring_Madonna_di_Canneto
2019-05-03,226.1022417,Water_Spring_Madonna_di_Canneto
2019-05-04,215.9128574,Water_Spring_Madonna_di_Canneto
2019-05-05,205.3441941,Water_Spring_Madonna_di_Canneto
2019-05-07,280.871925,Water_Spring_Madonna_di_Canneto
2019-05-08,286.8550877,Water_Spring_Madonna_di_Canneto
2019-05-09,293.7429082,Water_Spring_Madonna_di_Canneto
2019-05-10,266.0336642,Water_Spring_Madonna_di_Canneto
2019-05-11,224.9428256,Water_Spring_Madonna_di_Canneto
2019-05-12,218.7238131,Water_Spring_Madonna_di_Canneto
2019-06-01,277.0711894,Water_Spring_Madonna_di_Canneto
2019-06-03,225.8225481,Water_Spring_Madonna_di_Canneto
2019-06-04,215.7514186,Water_Spring_Madonna_di_Canneto
2019-06-05,204.9868617,Water_Spring_Madonna_di_Canneto
2019-06-06,224.2501909,Water_Spring_Madonna_di_Canneto
2019-06-07,281.4149565,Water_Spring_Madonna_di_Canneto
2019-06-08,288.9780817,Water_Spring_Madonna_di_Canneto
2019-06-09,294.8794327,Water_Spring_Madonna_di_Canneto
2019-06-10,262.2691977,Water_Spring_Madonna_di_Canneto
2019-06-11,224.8042047,Water_Spring_Madonna_di_Canneto
2019-06-12,220.0755354,Water_Spring_Madonna_di_Canneto
2019-07-01,277.1108975,Water_Spring_Madonna_di_Canneto
2019-07-02,234.5362251,Water_Spring_Madonna_di_Canneto
2019-07-03,225.2750579,Water_Spring_Madonna_di_Canneto
2019-07-04,215.3474944,Water_Spring_Madonna_di_Canneto
2019-07-05,204.4519461,Water_Spring_Madonna_di_Canneto
2019-07-06,224.0401655,Water_Spring_Madonna_di_Canneto
2019-07-07,282.2179512,Water_Spring_Madonna_di_Canneto
2019-07-08,293.3273171,Water_Spring_Madonna_di_Canneto
2019-07-09,295.1492158,Water_Spring_Madonna_di_Canneto
2019-07-10,258.1425309,Water_Spring_Madonna_di_Canneto
2019-07-11,224.8069178,Water_Spring_Madonna_di_Canneto
2019-07-12,224.1433517,Water_Spring_Madonna_di_Canneto
2019-08-01,277.150269,Water_Spring_Madonna_di_Canneto
2019-08-02,233.4532453,Water_Spring_Madonna_di_Canneto
2019-08-03,225.0110249,Water_Spring_Madonna_di_Canneto
2019-08-04,214.9571976,Water_Spring_Madonna_di_Canneto
2019-08-05,203.7647241,Water_Spring_Madonna_di_Canneto
2019-08-06,223.8422866,Water_Spring_Madonna_di_Canneto
2019-08-07,282.5122829,Water_Spring_Madonna_di_Canneto
2019-08-08,293.589359,Water_Spring_Madonna_di_Canneto
2019-08-09,295.2708628,Water_Spring_Madonna_di_Canneto
2019-08-10,256.513475,Water_Spring_Madonna_di_Canneto
2019-08-11,224.7969169,Water_Spring_Madonna_di_Canneto
2019-08-12,223.7450826,Water_Spring_Madonna_di_Canneto
2019-09-01,276.6547051,Water_Spring_Madonna_di_Canneto
2019-09-02,232.5189952,Water_Spring_Madonna_di_Canneto
2019-09-03,224.6774648,Water_Spring_Madonna_di_Canneto
2019-09-04,214.5572219,Water_Spring_Madonna_di_Canneto
2019-09-05,203.3766699,Water_Spring_Madonna_di_Canneto
2019-09-06,223.6592545,Water_Spring_Madonna_di_Canneto
2019-09-07,282.7831838,Water_Spring_Madonna_di_Canneto
2019-09-08,294.3825712,Water_Spring_Madonna_di_Canneto
2019-09-09,295.3305576,Water_Spring_Madonna_di_Canneto
2019-09-10,255.899564,Water_Spring_Madonna_di_Canneto
2019-09-11,224.791167,Water_Spring_Madonna_di_Canneto
2019-09-12,223.4219907,Water_Spring_Madonna_di_Canneto
2019-10-01,276.2917589,Water_Spring_Madonna_di_Canneto
2019-10-02,231.9818386,Water_Spring_Madonna_di_Canneto
2019-10-03,224.3356999,Water_Spring_Madonna_di_Canneto
2019-10-04,214.1653425,Water_Spring_Madonna_di_Canneto
2019-10-05,203.1269864,Water_Spring_Madonna_di_Canneto
2019-10-06,223.4778108,Water_Spring_Madonna_di_Canneto
2019-10-07,282.6695774,Water_Spring_Madonna_di_Canneto
2019-10-08,294.5455988,Water_Spring_Madonna_di_Canneto
2019-10-09,295.5909182,Water_Spring_Madonna_di_Canneto
2019-10-10,256.1448415,Water_Spring_Madonna_di_Canneto
2019-10-11,224.8599805,Water_Spring_Madonna_di_Canneto
2019-10-12,223.0929629,Water_Spring_Madonna_di_Canneto
2019-11-01,275.9969013,Water_Spring_Madonna_di_Canneto
2019-11-02,231.6339997,Water_Spring_Madonna_di_Canneto
2019-11-03,224.0783777,Water_Spring_Madonna_di_Canneto
2019-11-04,213.7173812,Water_Spring_Madonna_di_Canneto
2019-11-05,202.8198161,Water_Spring_Madonna_di_Canneto
2019-11-06,223.3084537,Water_Spring_Madonna_di_Canneto
2019-11-07,282.5877552,Water_Spring_Madonna_di_Canneto
2019-11-08,294.7491531,Water_Spring_Madonna_di_Canneto
2019-11-09,295.8851878,Water_Spring_Madonna_di_Canneto
2019-11-10,253.1729529,Water_Spring_Madonna_di_Canneto
2019-11-11,224.9052084,Water_Spring_Madonna_di_Canneto
2019-11-12,222.7865872,Water_Spring_Madonna_di_Canneto
2019-12-01,276.3491097,Water_Spring_Madonna_di_Canneto
2019-12-02,231.0685938,Water_Spring_Madonna_di_Canneto
2019-12-03,223.906568,Water_Spring_Madonna_di_Canneto
2019-12-04,213.3340755,Water_Spring_Madonna_di_Canneto
2019-12-05,202.3992343,Water_Spring_Madonna_di_Canneto
2019-12-06,223.193085,Water_Spring_Madonna_di_Canneto
2019-12-07,282.3581627,Water_Spring_Madonna_di_Canneto
2019-12-08,294.9077617,Water_Spring_Madonna_di_Canneto
2019-12-09,294.5965988,Water_Spring_Madonna_di_Canneto
2019-12-10,249.1131154,Water_Spring_Madonna_di_Canneto
2019-12-11,225.0096259,Water_Spring_Madonna_di_Canneto
2019-12-12,222.0803213,Water_Spring_Madonna_di_Canneto
2020-01-01,223.0464635,Water_Spring_Madonna_di_Canneto
2020-01-02,224.2310651,Water_Spring_Madonna_di_Canneto
2020-01-03,224.2353095,Water_Spring_Madonna_di_Canneto
2020-01-04,224.5105342,Water_Spring_Madonna_di_Canneto
2020-01-05,224.7061048,Water_Spring_Madonna_di_Canneto
2020-01-06,223.8939709,Water_Spring_Madonna_di_Canneto
2020-02-01,222.3858663,Water_Spring_Madonna_di_Canneto
2020-02-02,224.1187828,Water_Spring_Madonna_di_Canneto
2020-02-03,224.2201556,Water_Spring_Madonna_di_Canneto
2020-02-04,224.5931526,Water_Spring_Madonna_di_Canneto
2020-02-05,224.6295268,Water_Spring_Madonna_di_Canneto
2020-02-06,223.8998308,Water_Spring_Madonna_di_Canneto
2020-03-01,223.2303993,Water_Spring_Madonna_di_Canneto
2020-03-02,224.1688064,Water_Spring_Madonna_di_Canneto
2020-03-03,224.4760408,Water_Spring_Madonna_di_Canneto
2020-03-04,224.5403137,Water_Spring_Madonna_di_Canneto
2020-03-05,224.6375214,Water_Spring_Madonna_di_Canneto
2020-03-06,223.7992213,Water_Spring_Madonna_di_Canneto
2020-04-01,224.3290247,Water_Spring_Madonna_di_Canneto
2020-04-02,224.0190382,Water_Spring_Madonna_di_Canneto
2020-04-03,224.6663443,Water_Spring_Madonna_di_Canneto
2020-04-04,224.4438835,Water_Spring_Madonna_di_Canneto
2020-04-05,224.6268449,Water_Spring_Madonna_di_Canneto
2020-04-06,223.8350338,Water_Spring_Madonna_di_Canneto
2020-05-01,223.9677727,Water_Spring_Madonna_di_Canneto
2020-05-02,224.0658919,Water_Spring_Madonna_di_Canneto
2020-05-03,224.662687,Water_Spring_Madonna_di_Canneto
2020-05-04,224.6134032,Water_Spring_Madonna_di_Canneto
2020-05-05,224.702275,Water_Spring_Madonna_di_Canneto
2020-05-06,223.7981115,Water_Spring_Madonna_di_Canneto
2020-06-01,223.7396438,Water_Spring_Madonna_di_Canneto
2020-06-02,224.1053007,Water_Spring_Madonna_di_Canneto
2020-06-03,224.7819452,Water_Spring_Madonna_di_Canneto
2020-06-04,224.50066,Water_Spring_Madonna_di_Canneto
2020-06-05,224.8607499,Water_Spring_Madonna_di_Canneto
2020-06-06,224.347578,Water_Spring_Madonna_di_Canneto
2020-07-01,223.5405675,Water_Spring_Madonna_di_Canneto
2020-07-02,224.0915735,Water_Spring_Madonna_di_Canneto
2020-07-03,224.7996015,Water_Spring_Madonna_di_Canneto
2020-07-04,224.5207673,Water_Spring_Madonna_di_Canneto
2020-07-05,224.7929844,Water_Spring_Madonna_di_Canneto
2020-07-06,224.5653131,Water_Spring_Madonna_di_Canneto
2020-08-01,223.2107301,Water_Spring_Madonna_di_Canneto
2020-08-02,223.9452982,Water_Spring_Madonna_di_Canneto
2020-08-03,224.8145684,Water_Spring_Madonna_di_Canneto
2020-08-04,224.5335447,Water_Spring_Madonna_di_Canneto
2020-08-05,224.7611864,Water_Spring_Madonna_di_Canneto
2020-08-06,224.4832919,Water_Spring_Madonna_di_Canneto
2020-09-01,223.5531107,Water_Spring_Madonna_di_Canneto
2020-09-02,223.948835,Water_Spring_Madonna_di_Canneto
2020-09-03,224.7925575,Water_Spring_Madonna_di_Canneto
2020-09-04,224.5502589,Water_Spring_Madonna_di_Canneto
2020-09-05,224.7748107,Water_Spring_Madonna_di_Canneto
2020-09-06,224.399748,Water_Spring_Madonna_di_Canneto
2020-10-01,223.7595112,Water_Spring_Madonna_di_Canneto
2020-10-02,223.9054184,Water_Spring_Madonna_di_Canneto
2020-10-03,224.6655236,Water_Spring_Madonna_di_Canneto
2020-10-04,224.5060244,Water_Spring_Madonna_di_Canneto
2020-10-05,224.7640363,Water_Spring_Madonna_di_Canneto
2020-10-06,224.4420299,Water_Spring_Madonna_di_Canneto
2020-11-01,223.6179103,Water_Spring_Madonna_di_Canneto
2020-11-02,223.7468228,Water_Spring_Madonna_di_Canneto
2020-11-03,224.6389588,Water_Spring_Madonna_di_Canneto
2020-11-04,224.5881914,Water_Spring_Madonna_di_Canneto
2020-11-05,224.7221841,Water_Spring_Madonna_di_Canneto
2020-11-06,224.446045,Water_Spring_Madonna_di_Canneto
2020-12-01,223.4697776,Water_Spring_Madonna_di_Canneto
2020-12-02,223.8611751,Water_Spring_Madonna_di_Canneto
2020-12-03,224.6447462,Water_Spring_Madonna_di_Canneto
2020-12-04,224.6677315,Water_Spring_Madonna_di_Canneto
2020-12-05,224.6446891,Water_Spring_Madonna_di_Canneto
2020-12-06,224.4229913,Water_Spring_Madonna_di_Canneto
