{
  "MAE": 1.7484128865924902,
  "RMSE": 2.139893154530993,
  "MAPE": 0.1775590115715292
}